lesson_id,lesson_title,record_id,record_type,section,source_pdf,source_page,source_page_range,teaching_order,pinyin_group,pinyin_items_count,chinese_simplified,pinyin,vietnamese,target_sounds,exercise_type,raw_source_text,classroom_visibility,teacher_review_status,approved,notes_for_review,generated_at
pinyin-01,Pinyin · Bài 1 · Cơ bản: phát âm nhập môn,C001,concept,Khái niệm về pinyin,Pinyin lessons/pinyin-l1.14102024210713.pdf,3,3-4,1,,,,,,,,拼音是什麼、拼音用途、聲母/韻母/聲調概念。,student_visible,approved_latest_content,true,Phát âm đúng là chính; không yêu cầu nhận mặt chữ Hán.,2026-06-08T09:10:51.866Z
pinyin-01,Pinyin · Bài 1 · Cơ bản: phát âm nhập môn,I001,initials,Thanh mẫu,Pinyin lessons/pinyin-l1.14102024210713.pdf,5,5,2,labials,4,,,,,,聲母 b p m f,student_visible,approved_latest_content,true,Phát âm đúng là chính; không yêu cầu nhận mặt chữ Hán.,2026-06-08T09:10:51.866Z
pinyin-01,Pinyin · Bài 1 · Cơ bản: phát âm nhập môn,F001,finals,Vận mẫu,Pinyin lessons/pinyin-l1.14102024210713.pdf,5,5,3,simple_finals,6,,,,,,韻母 a o e i u ü,student_visible,approved_latest_content,true,Phát âm đúng là chính; không yêu cầu nhận mặt chữ Hán.,2026-06-08T09:10:51.866Z
pinyin-01,Pinyin · Bài 1 · Cơ bản: phát âm nhập môn,EX001,exercise,Luyện pinyin,Pinyin lessons/pinyin-l1.14102024210713.pdf,6,6,4,,,,,,,read_pinyin,拼讀練習，不含聲調。,student_visible,approved_latest_content,true,Phát âm đúng là chính; không yêu cầu nhận mặt chữ Hán.,2026-06-08T09:10:51.866Z
pinyin-01,Pinyin · Bài 1 · Cơ bản: phát âm nhập môn,T001,tone,Thanh điệu,Pinyin lessons/pinyin-l1.14102024210713.pdf,7,7,5,,,,,,,,四聲 + 輕聲。P8 聲調練習不含輕聲。,student_visible,approved_latest_content,true,Phát âm đúng là chính; không yêu cầu nhận mặt chữ Hán.,2026-06-08T09:10:51.866Z
pinyin-01,Pinyin · Bài 1 · Cơ bản: phát âm nhập môn,EX002,exercise,Luyện thanh điệu,Pinyin lessons/pinyin-l1.14102024210713.pdf,8,8,6,,,,,,,tone_reading,四聲練習，不含輕聲。,student_visible,approved_latest_content,true,Phát âm đúng là chính; không yêu cầu nhận mặt chữ Hán.,2026-06-08T09:10:51.866Z
pinyin-01,Pinyin · Bài 1 · Cơ bản: phát âm nhập môn,V001,vocabulary,Từ vựng,Pinyin lessons/pinyin-l1.14102024210713.pdf,9,9,7,vocab_set_l1_01,,八,bā,số tám,b a,,八 bā,student_visible,approved_latest_content,true,Phát âm đúng là chính; không yêu cầu nhận mặt chữ Hán.,2026-06-08T09:10:51.866Z
pinyin-01,Pinyin · Bài 1 · Cơ bản: phát âm nhập môn,V002,vocabulary,Từ vựng,Pinyin lessons/pinyin-l1.14102024210713.pdf,9,9,8,vocab_set_l1_01,,怕,pà,sợ,p a,,怕 pà,student_visible,approved_latest_content,true,Phát âm đúng là chính; không yêu cầu nhận mặt chữ Hán.,2026-06-08T09:10:51.866Z
pinyin-01,Pinyin · Bài 1 · Cơ bản: phát âm nhập môn,V003,vocabulary,Từ vựng,Pinyin lessons/pinyin-l1.14102024210713.pdf,9,9,9,vocab_set_l1_01,,饿,è,đói,e,,餓 è,student_visible,approved_latest_content,true,Phát âm đúng là chính; không yêu cầu nhận mặt chữ Hán.,2026-06-08T09:10:51.866Z
pinyin-01,Pinyin · Bài 1 · Cơ bản: phát âm nhập môn,V004,vocabulary,Từ vựng,Pinyin lessons/pinyin-l1.14102024210713.pdf,9,9,10,vocab_set_l1_01,,不,bù,không,b u,,不 bù,student_visible,approved_latest_content,true,Phát âm đúng là chính; không yêu cầu nhận mặt chữ Hán.,2026-06-08T09:10:51.866Z
pinyin-01,Pinyin · Bài 1 · Cơ bản: phát âm nhập môn,V005,vocabulary,Từ vựng,Pinyin lessons/pinyin-l1.14102024210713.pdf,9,9,11,vocab_set_l1_01,,鼻,bí,mũi,b i,,鼻 bí,student_visible,approved_latest_content,true,Phát âm đúng là chính; không yêu cầu nhận mặt chữ Hán.,2026-06-08T09:10:51.866Z
pinyin-01,Pinyin · Bài 1 · Cơ bản: phát âm nhập môn,V006,vocabulary,Từ vựng,Pinyin lessons/pinyin-l1.14102024210713.pdf,9,9,12,vocab_set_l1_01,,木,mù,gỗ,m u,,木 mù,student_visible,approved_latest_content,true,Phát âm đúng là chính; không yêu cầu nhận mặt chữ Hán.,2026-06-08T09:10:51.866Z
pinyin-01,Pinyin · Bài 1 · Cơ bản: phát âm nhập môn,V007,vocabulary,Từ vựng,Pinyin lessons/pinyin-l1.14102024210713.pdf,9,9,13,vocab_set_l1_01,,马,mǎ,con ngựa,m a,,馬 mǎ,student_visible,approved_latest_content,true,Phát âm đúng là chính; không yêu cầu nhận mặt chữ Hán.,2026-06-08T09:10:51.866Z
pinyin-01,Pinyin · Bài 1 · Cơ bản: phát âm nhập môn,V008,vocabulary,Từ vựng,Pinyin lessons/pinyin-l1.14102024210713.pdf,9,9,14,vocab_set_l1_01,,佛,fó,Phật,f o,,佛 fó,student_visible,approved_latest_content,true,Phát âm đúng là chính; không yêu cầu nhận mặt chữ Hán.,2026-06-08T09:10:51.866Z
pinyin-01,Pinyin · Bài 1 · Cơ bản: phát âm nhập môn,V009,vocabulary,Từ vựng,Pinyin lessons/pinyin-l1.14102024210713.pdf,11,11,15,vocab_set_l1_02,,妈妈,māma,mẹ,m a m a,,媽媽 māma,student_visible,approved_latest_content,true,Phát âm đúng là chính; không yêu cầu nhận mặt chữ Hán.,2026-06-08T09:10:51.866Z
pinyin-01,Pinyin · Bài 1 · Cơ bản: phát âm nhập môn,V010,vocabulary,Từ vựng,Pinyin lessons/pinyin-l1.14102024210713.pdf,11,11,16,vocab_set_l1_02,,爸爸,bàba,bố,b a b a,,爸爸 bàba,student_visible,approved_latest_content,true,Phát âm đúng là chính; không yêu cầu nhận mặt chữ Hán.,2026-06-08T09:10:51.866Z
pinyin-01,Pinyin · Bài 1 · Cơ bản: phát âm nhập môn,V011,vocabulary,Từ vựng,Pinyin lessons/pinyin-l1.14102024210713.pdf,11,11,17,vocab_set_l1_02,,服务,fúwù,phục vụ,f u w u,,服務 fúwù,student_visible,approved_latest_content,true,Phát âm đúng là chính; không yêu cầu nhận mặt chữ Hán.,2026-06-08T09:10:51.866Z
pinyin-01,Pinyin · Bài 1 · Cơ bản: phát âm nhập môn,V012,vocabulary,Từ vựng,Pinyin lessons/pinyin-l1.14102024210713.pdf,11,11,18,vocab_set_l1_02,,衣服,yīfu,quần áo,y i f u,,衣服 yīfu,student_visible,approved_latest_content,true,Phát âm đúng là chính; không yêu cầu nhận mặt chữ Hán.,2026-06-08T09:10:51.866Z
pinyin-01,Pinyin · Bài 1 · Cơ bản: phát âm nhập môn,V013,vocabulary,Từ vựng,Pinyin lessons/pinyin-l1.14102024210713.pdf,11,11,19,vocab_set_l1_02,,皮肤,pífū,da,p i f u,,皮膚 pífū,student_visible,approved_latest_content,true,Phát âm đúng là chính; không yêu cầu nhận mặt chữ Hán.,2026-06-08T09:10:51.866Z
pinyin-01,Pinyin · Bài 1 · Cơ bản: phát âm nhập môn,V014,vocabulary,Từ vựng,Pinyin lessons/pinyin-l1.14102024210713.pdf,11,11,20,vocab_set_l1_02,,密码,mìmǎ,mật mã,m i m a,,密碼 mìmǎ,student_visible,approved_latest_content,true,Phát âm đúng là chính; không yêu cầu nhận mặt chữ Hán.,2026-06-08T09:10:51.866Z
pinyin-01,Pinyin · Bài 1 · Cơ bản: phát âm nhập môn,V015,vocabulary,Từ vựng,Pinyin lessons/pinyin-l1.14102024210713.pdf,11,11,21,vocab_set_l1_02,,伯父,bófù,bác trai,b o f u,,伯父 bófù,student_visible,approved_latest_content,true,Phát âm đúng là chính; không yêu cầu nhận mặt chữ Hán.,2026-06-08T09:10:51.866Z
pinyin-01,Pinyin · Bài 1 · Cơ bản: phát âm nhập môn,V016,vocabulary,Từ vựng,Pinyin lessons/pinyin-l1.14102024210713.pdf,11,11,22,vocab_set_l1_02,,伯母,bómǔ,bác gái,b o m u,,伯母 bómǔ,student_visible,approved_latest_content,true,Phát âm đúng là chính; không yêu cầu nhận mặt chữ Hán.,2026-06-08T09:10:51.866Z
pinyin-01,Pinyin · Bài 1 · Cơ bản: phát âm nhập môn,EX003,exercise,Luyện từ vựng 1,Pinyin lessons/pinyin-l1.14102024210713.pdf,10,10,23,,,,,,,vocab_follow_record,詞彙 1 跟讀/錄音。確認詞彙 1 發音正確。,student_visible,approved_latest_content,true,Phát âm đúng là chính; không yêu cầu nhận mặt chữ Hán.,2026-06-08T09:10:51.866Z
pinyin-01,Pinyin · Bài 1 · Cơ bản: phát âm nhập môn,EX004,exercise,Luyện từ vựng 2,Pinyin lessons/pinyin-l1.14102024210713.pdf,12,12,24,,,,,,,vocab_follow_record,詞彙 2 跟讀/錄音。確認詞彙 2 發音正確。,student_visible,approved_latest_content,true,Phát âm đúng là chính; không yêu cầu nhận mặt chữ Hán.,2026-06-08T09:10:51.866Z
pinyin-01,Pinyin · Bài 1 · Cơ bản: phát âm nhập môn,CH001,challenge,Ôn tập cuối bài,Pinyin lessons/pinyin-l1.14102024210713.pdf,13,13,25,,,,,,,review_pronunciation,課後整合練習。發音正確為主，不要求認漢字。,student_visible,approved_latest_content,true,Phát âm đúng là chính; không yêu cầu nhận mặt chữ Hán.,2026-06-08T09:10:51.866Z
pinyin-01,Pinyin · Bài 1 · Cơ bản: phát âm nhập môn,AP001,appendix,Phụ lục,Pinyin lessons/pinyin-l1.14102024210713.pdf,18,18-19,26,,,,,,,,中文輸入法安裝與設定。,student_visible,approved_latest_content,true,,2026-06-08T09:10:51.866Z
