audio_asset_id,lesson_id,lesson_number,lesson_title,track_label,file,file_exists_local,textbook_page,textbook_page_range,source_pdf_page,source_pdf_page_range,related_section_id,related_section,mapping_method,mapping_status,printed_label_status,content_status,decode_status,duration_seconds,size_bytes,sha256,review_status,source_audio_root,source_file,source_order
,boya-intermediate-i-lesson-01,1,中国人的姓名,1-1,音频/第01课/1-1.mp3,True,,,[12],12,S01-002-01,听说（一）／课前准备／词语,printed_audio_label_on_source_page,verified,,,,,,,verified,Giáo trình/博雅汉语听说-中级冲刺篇/音频/第01课,work/boya-intermediate/extractions/structured-lesson-01.json,1
,boya-intermediate-i-lesson-01,1,中国人的姓名,1-2,音频/第01课/1-2.mp3,True,,,[14],14,S01-003-01,听说（一）／词语理解／听对话，回答问题,printed_audio_label_on_source_page,verified,,,,,,,verified,Giáo trình/博雅汉语听说-中级冲刺篇/音频/第01课,work/boya-intermediate/extractions/structured-lesson-01.json,2
,boya-intermediate-i-lesson-01,1,中国人的姓名,1-3,音频/第01课/1-3.mp3,True,,,[14],14,S01-003-02,听说（一）／词语理解／选出与所听到的句子意思相近的一项,printed_audio_label_on_source_page,verified,,,,,,,verified,Giáo trình/博雅汉语听说-中级冲刺篇/音频/第01课,work/boya-intermediate/extractions/structured-lesson-01.json,3
,boya-intermediate-i-lesson-01,1,中国人的姓名,1-4,音频/第01课/1-4.mp3,True,,,[15],15,S01-003A-01,听说（一）／语句理解／听录音，跟读句子，并替换画线词语各说一句话,printed_audio_label_on_source_page,verified,,,,,,,verified,Giáo trình/博雅汉语听说-中级冲刺篇/音频/第01课,work/boya-intermediate/extractions/structured-lesson-01.json,4
,boya-intermediate-i-lesson-01,1,中国人的姓名,1-5,音频/第01课/1-5.mp3,True,,,[15],15,S01-003A-02,听说（一）／语句理解／听录音，复述并模仿对话,printed_audio_label_on_source_page,verified,,,,,,,verified,Giáo trình/博雅汉语听说-中级冲刺篇/音频/第01课,work/boya-intermediate/extractions/structured-lesson-01.json,5
,boya-intermediate-i-lesson-01,1,中国人的姓名,1-6,音频/第01课/1-6.mp3,True,,,[16],16,S01-004-02,听说（一）／语段理解／听对话，做练习,printed_audio_label_on_source_page,verified,,,,,,,verified,Giáo trình/博雅汉语听说-中级冲刺篇/音频/第01课,work/boya-intermediate/extractions/structured-lesson-01.json,6
,boya-intermediate-i-lesson-01,1,中国人的姓名,2-1,音频/第01课/2-1.mp3,True,,,[21],21,S01-009-01,听说（二）／课前准备／词语,printed_audio_label_on_source_page,verified,,,,,,,verified,Giáo trình/博雅汉语听说-中级冲刺篇/音频/第01课,work/boya-intermediate/extractions/structured-lesson-01.json,7
,boya-intermediate-i-lesson-01,1,中国人的姓名,2-2,音频/第01课/2-2.mp3,True,,,[22],22,S01-010-01,听说（二）／词语理解／听对话，回答问题,printed_audio_label_on_source_page,verified,,,,,,,verified,Giáo trình/博雅汉语听说-中级冲刺篇/音频/第01课,work/boya-intermediate/extractions/structured-lesson-01.json,8
,boya-intermediate-i-lesson-01,1,中国人的姓名,2-3,音频/第01课/2-3.mp3,True,,,[22],22,S01-010A-01,听说（二）／语句理解／听录音，跟读句子，并替换画线词语各说一句话,printed_audio_label_on_source_page,verified,,,,,,,verified,Giáo trình/博雅汉语听说-中级冲刺篇/音频/第01课,work/boya-intermediate/extractions/structured-lesson-01.json,9
,boya-intermediate-i-lesson-01,1,中国人的姓名,2-4,音频/第01课/2-4.mp3,True,,,[23],23,S01-010A-02,听说（二）／语句理解／听录音，复述并模仿对话,printed_audio_label_on_source_page,verified,,,,,,,verified,Giáo trình/博雅汉语听说-中级冲刺篇/音频/第01课,work/boya-intermediate/extractions/structured-lesson-01.json,10
,boya-intermediate-i-lesson-01,1,中国人的姓名,2-5,音频/第01课/2-5.mp3,True,,,"[23,24]",23–24,S01-011-02,听说（二）／语段理解／听短文，做练习,printed_audio_label_on_source_page,verified,,,,,,,verified,Giáo trình/博雅汉语听说-中级冲刺篇/音频/第01课,work/boya-intermediate/extractions/structured-lesson-01.json,11
A02-001,boya-intermediate-i-lesson-02,2,真正的朋友,1-1,音频/第02课/1-1.mp3,True,17,,,,S02-002-01,,,,verified,pending_listening,,63.869,,769f47e24db77b0a717548265de4eb5fd71d4da26e7533eec3ad71423f6713bc,pending_adam_review,Giáo trình/博雅汉语听说-中级冲刺篇/音频/第02课,work/boya-intermediate/extractions/structured-lesson-02.json,1
A02-002,boya-intermediate-i-lesson-02,2,真正的朋友,1-2,音频/第02课/1-2.mp3,True,19,,,,S02-003-01,,,,verified,pending_listening,,106.632,,219d414f64024a162bd5109409815a427672c8956f07d29d6a18a757d9bffde0,pending_adam_review,Giáo trình/博雅汉语听说-中级冲刺篇/音频/第02课,work/boya-intermediate/extractions/structured-lesson-02.json,2
A02-003,boya-intermediate-i-lesson-02,2,真正的朋友,1-3,音频/第02课/1-3.mp3,True,"[19,20]",19–20,,,S02-003-02,,,,verified,pending_listening,,52.297,,1978495f9f0513620f1ab30dbb756a413b517e722b9980d0044495cd0c84b158,pending_adam_review,Giáo trình/博雅汉语听说-中级冲刺篇/音频/第02课,work/boya-intermediate/extractions/structured-lesson-02.json,3
A02-004,boya-intermediate-i-lesson-02,2,真正的朋友,1-4,音频/第02课/1-4.mp3,True,20,,,,S02-004-01,,,,verified,pending_listening,,54.387,,5f713b9cfccde23875527dd54e4eb24f1859db8922e79dada5405e092f62bfde,pending_adam_review,Giáo trình/博雅汉语听说-中级冲刺篇/音频/第02课,work/boya-intermediate/extractions/structured-lesson-02.json,4
A02-005,boya-intermediate-i-lesson-02,2,真正的朋友,1-5,音频/第02课/1-5.mp3,True,20,,,,S02-004-02,,,,verified,pending_listening,,41.796,,c44f5535a34adc73cfe9ad94c6110b2f0e9dd810aad32576e04cba42b8966b7a,pending_adam_review,Giáo trình/博雅汉语听说-中级冲刺篇/音频/第02课,work/boya-intermediate/extractions/structured-lesson-02.json,5
A02-006,boya-intermediate-i-lesson-02,2,真正的朋友,1-6,音频/第02课/1-6.mp3,True,21,,,,S02-005-02,,,,verified,pending_listening,,202.684,,1a1c7973f96bdbc5f7f053f00d5ef94d9a11580edfa446edc375b51a126ee3,pending_adam_review,Giáo trình/博雅汉语听说-中级冲刺篇/音频/第02课,work/boya-intermediate/extractions/structured-lesson-02.json,6
A02-007,boya-intermediate-i-lesson-02,2,真正的朋友,2-1,音频/第02课/2-1.mp3,True,25,,,,S02-010-01,,,,verified,pending_listening,,56.895,,d72c605ec430e6129e63ee74f54a95351886fb25506c857fdc83b8338708a23,pending_adam_review,Giáo trình/博雅汉语听说-中级冲刺篇/音频/第02课,work/boya-intermediate/extractions/structured-lesson-02.json,7
A02-008,boya-intermediate-i-lesson-02,2,真正的朋友,2-2,音频/第02课/2-2.mp3,True,26,,,,S02-011-01,,,,verified,pending_listening,,92.186,,6cf17fbc435559c3d295d63538411f1bcffae2bb94745691499fda01891424ea,pending_adam_review,Giáo trình/博雅汉语听说-中级冲刺篇/音频/第02课,work/boya-intermediate/extractions/structured-lesson-02.json,8
A02-009,boya-intermediate-i-lesson-02,2,真正的朋友,2-3,音频/第02课/2-3.mp3,True,"[26,27]",26–27,,,S02-011-02,,,,verified,pending_listening,,55.171,,46ea074c751ef871054d9df53b3d79c12504815c6b231e2248b544beec65b2d1,pending_adam_review,Giáo trình/博雅汉语听说-中级冲刺篇/音频/第02课,work/boya-intermediate/extractions/structured-lesson-02.json,9
A02-010,boya-intermediate-i-lesson-02,2,真正的朋友,2-4,音频/第02课/2-4.mp3,True,27,,,,S02-012-01,,,,verified,pending_listening,,56.451,,549b80928a18c818df7d40776a0249e67f685d4e0a59dd246100e4383a54f84c,pending_adam_review,Giáo trình/博雅汉语听说-中级冲刺篇/音频/第02课,work/boya-intermediate/extractions/structured-lesson-02.json,10
A02-011,boya-intermediate-i-lesson-02,2,真正的朋友,2-5,音频/第02课/2-5.mp3,True,28,,,,S02-012-02,,,,verified,pending_listening,,50.051,,45572a8677a74b81ac1d6aa396e35b5bb4bddc47d31b9de9ee1c6c4d6ed987d3,pending_adam_review,Giáo trình/博雅汉语听说-中级冲刺篇/音频/第02课,work/boya-intermediate/extractions/structured-lesson-02.json,11
A02-012,boya-intermediate-i-lesson-02,2,真正的朋友,2-6,音频/第02课/2-6.mp3,True,"[28,29]",28–29,,,S02-013-02,,,,verified,pending_listening,,200.255,,f7dff43089e614dac58c894ec646d1df2e70315337fb22c3f044abfb4f7b37b0,pending_adam_review,Giáo trình/博雅汉语听说-中级冲刺篇/音频/第02课,work/boya-intermediate/extractions/structured-lesson-02.json,12
A03-001,boya-intermediate-i-lesson-03,3,宜居之地,1-1,Giáo trình/博雅汉语听说-中级冲刺篇/音频/第03课/1-1.mp3,True,32,,,,S03-002-01,,,,verified,confirmed_by_user,,86.125688,,0e6354cd2fa0676fcc42b97e809dbb2702f6b039bdeb7b90b46041745afb83ac,pending_adam_review,Giáo trình/博雅汉语听说-中级冲刺篇/音频/第03课,work/boya-intermediate/extractions/structured-lesson-03.json,1
A03-002,boya-intermediate-i-lesson-03,3,宜居之地,1-2,Giáo trình/博雅汉语听说-中级冲刺篇/音频/第03课/1-2.mp3,True,34,,,,S03-003-01,,,,verified,confirmed_by_user,,101.4335,,f984777756750403dd0f41f74b615556bb206e6b596ad202b39dadf6efc239e6,pending_adam_review,Giáo trình/博雅汉语听说-中级冲刺篇/音频/第03课,work/boya-intermediate/extractions/structured-lesson-03.json,2
A03-003,boya-intermediate-i-lesson-03,3,宜居之地,1-3,Giáo trình/博雅汉语听说-中级冲刺篇/音频/第03课/1-3.mp3,True,34,,,,S03-003-02,,,,verified,confirmed_by_user,,51.539563,,1ad922c7c6cb82cacd7e09729185d8168d15096dad0de62a8b8f5551a32a6175,pending_adam_review,Giáo trình/博雅汉语听说-中级冲刺篇/音频/第03课,work/boya-intermediate/extractions/structured-lesson-03.json,3
A03-004,boya-intermediate-i-lesson-03,3,宜居之地,1-4,Giáo trình/博雅汉语听说-中级冲刺篇/音频/第03课/1-4.mp3,True,35,,,,S03-004-01,,,,verified,confirmed_by_user,,52.558375,,50f2e9b51b243d3270cde60e4c0d6a4f8624271aa4e47537b7d25439b13459d9,pending_adam_review,Giáo trình/博雅汉语听说-中级冲刺篇/音频/第03课,work/boya-intermediate/extractions/structured-lesson-03.json,4
A03-005,boya-intermediate-i-lesson-03,3,宜居之地,1-5,Giáo trình/博雅汉语听说-中级冲刺篇/音频/第03课/1-5.mp3,True,35,,,,S03-004-02,,,,verified,confirmed_by_user,,46.759188,,36e1bf514495e590ad25d2dc7528c72ced9eae02c2a66bbf0198f1a59db62fdd,pending_adam_review,Giáo trình/博雅汉语听说-中级冲刺篇/音频/第03课,work/boya-intermediate/extractions/structured-lesson-03.json,5
A03-006,boya-intermediate-i-lesson-03,3,宜居之地,1-6,Giáo trình/博雅汉语听说-中级冲刺篇/音频/第03课/1-6.mp3,True,36,,,,S03-005-02,,,,verified,confirmed_by_user,,409.991813,,098049ccda45dc65efe84a71fa60072609a75d94e920bce43f9a1bc207d607b6,pending_adam_review,Giáo trình/博雅汉语听说-中级冲刺篇/音频/第03课,work/boya-intermediate/extractions/structured-lesson-03.json,6
A03-007,boya-intermediate-i-lesson-03,3,宜居之地,2-1,Giáo trình/博雅汉语听说-中级冲刺篇/音频/第03课/2-1.mp3,True,40,,,,S03-010-01,,,,verified,confirmed_by_user,,38.45225,,6bb025f8bff60e608ddafaf1d6ab564a777e7aeab6224b3af356264d06b1d5dc,pending_adam_review,Giáo trình/博雅汉语听说-中级冲刺篇/音频/第03课,work/boya-intermediate/extractions/structured-lesson-03.json,7
A03-008,boya-intermediate-i-lesson-03,3,宜居之地,2-2,Giáo trình/博雅汉语听说-中级冲刺篇/音频/第03课/2-2.mp3,True,41,,,,S03-011-01,,,,verified,confirmed_by_user,,102.2955,,096657a16e88bc5cb8689fc709feaf8fb42968922ce7b452d00e6114907622b5,pending_adam_review,Giáo trình/博雅汉语听说-中级冲刺篇/音频/第03课,work/boya-intermediate/extractions/structured-lesson-03.json,8
A03-009,boya-intermediate-i-lesson-03,3,宜居之地,2-3,Giáo trình/博雅汉语听说-中级冲刺篇/音频/第03课/2-3.mp3,True,"[41,42]",41–42,,,S03-012-01,,,,verified,confirmed_by_user,,55.327375,,fd15e957b8cb45e04b0f0c752fd5f6087a94be2097a31b704ea0a9562e748ae5,pending_adam_review,Giáo trình/博雅汉语听说-中级冲刺篇/音频/第03课,work/boya-intermediate/extractions/structured-lesson-03.json,9
A03-010,boya-intermediate-i-lesson-03,3,宜居之地,2-4,Giáo trình/博雅汉语听说-中级冲刺篇/音频/第03课/2-4.mp3,True,42,,,,S03-012-02,,,,verified,confirmed_by_user,,32.835938,,30bbda087a7f60e34cfd9815a11d68fc6b6a2b06483334e2e8292a876bde0a36,pending_adam_review,Giáo trình/博雅汉语听说-中级冲刺篇/音频/第03课,work/boya-intermediate/extractions/structured-lesson-03.json,10
A03-011,boya-intermediate-i-lesson-03,3,宜居之地,2-5,Giáo trình/博雅汉语听说-中级冲刺篇/音频/第03课/2-5.mp3,True,"[42,43]",42–43,,,S03-013-02,,,,verified,confirmed_by_user,,259.317563,,ca02435aac757aa414fb348df43fe903e928535519ece90292f3328b0c6b3664,pending_adam_review,Giáo trình/博雅汉语听说-中级冲刺篇/音频/第03课,work/boya-intermediate/extractions/structured-lesson-03.json,11
A04-001,boya-intermediate-i-lesson-04,4,地球人的担忧,1-1,Giáo trình/博雅汉语听说-中级冲刺篇/音频/第04课/1-1.mp3,True,46,,,,S04-002,,,,verified,confirmed_by_user,,82.755938,,838ac5f1d99145cb9851fdd71528a1d1e07527a67f0996a869f022386908ceca,pending_adam_review,Giáo trình/博雅汉语听说-中级冲刺篇/音频/第04课,work/boya-intermediate/extractions/structured-lesson-04.json,1
A04-002,boya-intermediate-i-lesson-04,4,地球人的担忧,1-2,Giáo trình/博雅汉语听说-中级冲刺篇/音频/第04课/1-2.mp3,True,48,,,,S04-003,,,,verified,confirmed_by_user,,120.4245,,231d50f7c0a7625134ebe031507217405300baad8f788f7e6329949b304e081d,pending_adam_review,Giáo trình/博雅汉语听说-中级冲刺篇/音频/第04课,work/boya-intermediate/extractions/structured-lesson-04.json,2
A04-003,boya-intermediate-i-lesson-04,4,地球人的担忧,1-3,Giáo trình/博雅汉语听说-中级冲刺篇/音频/第04课/1-3.mp3,True,"[48,49]",48–49,,,S04-003,,,,verified,confirmed_by_user,,58.279188,,61563b10b02b507366a6362ced26e189a96f73d90eccb6a8f31caaee71f7d2d6,pending_adam_review,Giáo trình/博雅汉语听说-中级冲刺篇/音频/第04课,work/boya-intermediate/extractions/structured-lesson-04.json,3
A04-004,boya-intermediate-i-lesson-04,4,地球人的担忧,1-4,Giáo trình/博雅汉语听说-中级冲刺篇/音频/第04课/1-4.mp3,True,49,,,,S04-004,,,,verified,confirmed_by_user,,58.5665,,3c71d2e8842f885c1c8631b3986dd4f02162ec01706fdd21992ed1a9f5d37b3b,pending_adam_review,Giáo trình/博雅汉语听说-中级冲刺篇/音频/第04课,work/boya-intermediate/extractions/structured-lesson-04.json,4
A04-005,boya-intermediate-i-lesson-04,4,地球人的担忧,1-5,Giáo trình/博雅汉语听说-中级冲刺篇/音频/第04课/1-5.mp3,True,50,,,,S04-004,,,,verified,confirmed_by_user,,36.780438,,58d2d55676e0c5070257e82c5f332cd572beee26c11e92e3e52c206d6dda0ab5,pending_adam_review,Giáo trình/博雅汉语听说-中级冲刺篇/音频/第04课,work/boya-intermediate/extractions/structured-lesson-04.json,5
A04-006,boya-intermediate-i-lesson-04,4,地球人的担忧,1-6,Giáo trình/博雅汉语听说-中级冲刺篇/音频/第04课/1-6.mp3,True,"[50,51]",50–51,,,S04-005,,,,verified,confirmed_by_user,,194.847375,,71c95e7d3f02195ada93197367231dafe3e4378b550de480a12cd65792ba6bbe,pending_adam_review,Giáo trình/博雅汉语听说-中级冲刺篇/音频/第04课,work/boya-intermediate/extractions/structured-lesson-04.json,6
A04-007,boya-intermediate-i-lesson-04,4,地球人的担忧,2-1,Giáo trình/博雅汉语听说-中级冲刺篇/音频/第04课/2-1.mp3,True,54,,,,S04-010,,,,verified,confirmed_by_user,,86.804875,,6d42dfe3c2810eb43ec6807d3a85d51624b6494450e83ad2ae966e89d8abd151,pending_adam_review,Giáo trình/博雅汉语听说-中级冲刺篇/音频/第04课,work/boya-intermediate/extractions/structured-lesson-04.json,7
A04-008,boya-intermediate-i-lesson-04,4,地球人的担忧,2-2,Giáo trình/博雅汉语听说-中级冲刺篇/音频/第04课/2-2.mp3,True,57,,,,S04-011,,,,verified,confirmed_by_user,,113.528188,,1ec8e0843e9f937f91b54003c93a2d4450ffa4b9e9e7d38a69f3991f6b14389d,pending_adam_review,Giáo trình/博雅汉语听说-中级冲刺篇/音频/第04课,work/boya-intermediate/extractions/structured-lesson-04.json,8
A04-009,boya-intermediate-i-lesson-04,4,地球人的担忧,2-3,Giáo trình/博雅汉语听说-中级冲刺篇/音频/第04课/2-3.mp3,True,"[57,58]",57–58,,,S04-011,,,,verified,confirmed_by_user,,57.782875,,f1d598d7682023eb677b8a8556b8b5c14df2a928a2b2c944f6880bea40ee84b0,pending_adam_review,Giáo trình/博雅汉语听说-中级冲刺篇/音频/第04课,work/boya-intermediate/extractions/structured-lesson-04.json,9
A04-010,boya-intermediate-i-lesson-04,4,地球人的担忧,2-4,Giáo trình/博雅汉语听说-中级冲刺篇/音频/第04课/2-4.mp3,True,58,,,,S04-012,,,,verified,confirmed_by_user,,80.822875,,6085d58e9fb539b901402e9dae91616d6ba1cf977e90b0404d0feae3ef90fae5,pending_adam_review,Giáo trình/博雅汉语听说-中级冲刺篇/音频/第04课,work/boya-intermediate/extractions/structured-lesson-04.json,10
A04-011,boya-intermediate-i-lesson-04,4,地球人的担忧,2-5,Giáo trình/博雅汉语听说-中级冲刺篇/音频/第04课/2-5.mp3,True,58,,,,S04-012,,,,verified,confirmed_by_user,,50.259563,,6671d7d495f23ff7345891ff9704097c6258aea7bc2deaf7db57af72618eebf4,pending_adam_review,Giáo trình/博雅汉语听说-中级冲刺篇/音频/第04课,work/boya-intermediate/extractions/structured-lesson-04.json,11
A04-012,boya-intermediate-i-lesson-04,4,地球人的担忧,2-6,Giáo trình/博雅汉语听说-中级冲刺篇/音频/第04课/2-6.mp3,True,"[59,60]",59–60,,,S04-013,,,,verified,confirmed_by_user,,382.66775,,f7fab0e07d773908ed8c7db8be4c0cb1a03f8ab9a2891774a2350f297b01b77f,pending_adam_review,Giáo trình/博雅汉语听说-中级冲刺篇/音频/第04课,work/boya-intermediate/extractions/structured-lesson-04.json,12
A05-001,boya-intermediate-i-lesson-05,5,音乐的魅力,1-1,Giáo trình/博雅汉语听说-中级冲刺篇/音频/第05课/1-1.mp3,True,"[63,64]",63–64,"[74,75]",74–75,S05-002-01,,,,verified,confirmed_by_user,pass,69.17225,,9476a4092d51ef88ee1a05c675cac94a66130a6ce64954217e4917ae2cb258b3,pending_review,Giáo trình/博雅汉语听说-中级冲刺篇/音频/第05课,work/boya-intermediate/extractions/structured-lesson-05.json,1
A05-002,boya-intermediate-i-lesson-05,5,音乐的魅力,1-2,Giáo trình/博雅汉语听说-中级冲刺篇/音频/第05课/1-2.mp3,True,65,,76,,S05-003-01,,,,verified,confirmed_by_user,pass,117.002438,,6faa5516083b2c861bdfbcb82226ff22a522f5244f8c2e76325526c7148155e3,pending_review,Giáo trình/博雅汉语听说-中级冲刺篇/音频/第05课,work/boya-intermediate/extractions/structured-lesson-05.json,2
A05-003,boya-intermediate-i-lesson-05,5,音乐的魅力,1-3,Giáo trình/博雅汉语听说-中级冲刺篇/音频/第05课/1-3.mp3,True,"[65,66]",65–66,"[76,77]",76–77,S05-003-02,,,,verified,confirmed_by_user,pass,59.480813,,1d7e849f0a61c4badc0d2e40e3e7e23bd60ad8362d7fe74cdd59546d3f859b96,pending_review,Giáo trình/博雅汉语听说-中级冲刺篇/音频/第05课,work/boya-intermediate/extractions/structured-lesson-05.json,3
A05-004,boya-intermediate-i-lesson-05,5,音乐的魅力,1-4,Giáo trình/博雅汉语听说-中级冲刺篇/音频/第05课/1-4.mp3,True,66,,77,,S05-004-01,,,,verified,confirmed_by_user,pass,56.0065,,ba587eaa5dd459983294abead2ad0a524042987281ed4bd5c082a3b1c8ec51ff,pending_review,Giáo trình/博雅汉语听说-中级冲刺篇/音频/第05课,work/boya-intermediate/extractions/structured-lesson-05.json,4
A05-005,boya-intermediate-i-lesson-05,5,音乐的魅力,1-5,Giáo trình/博雅汉语听说-中级冲刺篇/音频/第05课/1-5.mp3,True,66,,77,,S05-004-02,,,,verified,confirmed_by_user,pass,42.631813,,35af2d0d0b170b2d63f63589fafa61c736599b0dd12fc0942d83df81cfb66a09,pending_review,Giáo trình/博雅汉语听说-中级冲刺篇/音频/第05课,work/boya-intermediate/extractions/structured-lesson-05.json,5
A05-006,boya-intermediate-i-lesson-05,5,音乐的魅力,1-6,Giáo trình/博雅汉语听说-中级冲刺篇/音频/第05课/1-6.mp3,True,67,,78,,S05-005-02,,,,verified,confirmed_by_user,pass,207.647375,,06b401040e8d0dccae3b51e9669262a968284f30a38c117553b77247cb5ded40,pending_review,Giáo trình/博雅汉语听说-中级冲刺篇/音频/第05课,work/boya-intermediate/extractions/structured-lesson-05.json,6
A05-007,boya-intermediate-i-lesson-05,5,音乐的魅力,2-1,Giáo trình/博雅汉语听说-中级冲刺篇/音频/第05课/2-1.mp3,True,"[71,72]",71–72,"[82,83]",82–83,S05-010-01,,,,verified,confirmed_by_user,pass,48.248188,,7b877d6ed81d7409b918176b74652844d63772efca0a4548ef5a2ce08befbc76,pending_review,Giáo trình/博雅汉语听说-中级冲刺篇/音频/第05课,work/boya-intermediate/extractions/structured-lesson-05.json,7
A05-008,boya-intermediate-i-lesson-05,5,音乐的魅力,2-2,Giáo trình/博雅汉语听说-中级冲刺篇/音频/第05课/2-2.mp3,True,72,,83,,S05-011-01,,,,verified,confirmed_by_user,pass,147.983688,,26db738b024f50df85f89b4cf719fd1a39bd9bbebb5d5b5c62beb9b78efb8c65,pending_review,Giáo trình/博雅汉语听说-中级冲刺篇/音频/第05课,work/boya-intermediate/extractions/structured-lesson-05.json,8
A05-009,boya-intermediate-i-lesson-05,5,音乐的魅力,2-3,Giáo trình/博雅汉语听说-中级冲刺篇/音频/第05课/2-3.mp3,True,"[72,73]",72–73,"[83,84]",83–84,S05-011-02,,,,verified,confirmed_by_user,pass,54.125688,,5eb1a3df4ab7a6c36b3f03fb28fcc62e33cd627612b1caf82f5634be8826e04e,pending_review,Giáo trình/博雅汉语听说-中级冲刺篇/音频/第05课,work/boya-intermediate/extractions/structured-lesson-05.json,9
A05-010,boya-intermediate-i-lesson-05,5,音乐的魅力,2-4,Giáo trình/博雅汉语听说-中级冲刺篇/音频/第05课/2-4.mp3,True,73,,84,,S05-012-01,,,,verified,confirmed_by_user,pass,47.177125,,731ffaddcf5b203fbcdb3951bd6dc90cf2b5dae53c59f5e73981f47cc879f4b7,pending_review,Giáo trình/博雅汉语听说-中级冲刺篇/音频/第05课,work/boya-intermediate/extractions/structured-lesson-05.json,10
A05-011,boya-intermediate-i-lesson-05,5,音乐的魅力,2-5,Giáo trình/博雅汉语听说-中级冲刺篇/音频/第05课/2-5.mp3,True,74,,85,,S05-012-02,,,,verified,confirmed_by_user,pass,44.094688,,911ca864e984d2a526dbf6dcb5e2e6d4aeeb6251344dd74a309502b8575e5e18,pending_review,Giáo trình/博雅汉语听说-中级冲刺篇/音频/第05课,work/boya-intermediate/extractions/structured-lesson-05.json,11
A05-012,boya-intermediate-i-lesson-05,5,音乐的魅力,2-6,Giáo trình/博雅汉语听说-中级冲刺篇/音频/第05课/2-6.mp3,True,"[74,75]",74–75,"[85,86]",85–86,S05-013-02,,,,verified,confirmed_by_user,pass,215.405688,,5cbc60042f811bfd3480ffd5a5b80d7ea814298074579330ceb41e11f8d06626,pending_review,Giáo trình/博雅汉语听说-中级冲刺篇/音频/第05课,work/boya-intermediate/extractions/structured-lesson-05.json,12
A06-001,boya-intermediate-i-lesson-06,6,挑战,1-1,Giáo trình/博雅汉语听说-中级冲刺篇/音频/第06课/1-1.mp3,True,"[79,80]",79–80,"[90,91]",90–91,S06-002-01,,,,verified,confirmed_by_user,passed,66.691,1067075,fdb2db5d41934246c4a17c9ee77fb62270421fd57efce84d5af4ff93e301e763,pending_review,Giáo trình/博雅汉语听说-中级冲刺篇/音频/第06课,work/boya-intermediate/extractions/structured-lesson-06.json,1
A06-002,boya-intermediate-i-lesson-06,6,挑战,1-2,Giáo trình/博雅汉语听说-中级冲刺篇/音频/第06课/1-2.mp3,True,81,,92,,S06-003-01,,,,verified,confirmed_by_user,passed,124.996,1999960,3db77f8bcf94aec47bf5872de9c2e9324296d4a3f49d87c033cbdb1251aa1b18,pending_review,Giáo trình/博雅汉语听说-中级冲刺篇/音频/第06课,work/boya-intermediate/extractions/structured-lesson-06.json,2
A06-003,boya-intermediate-i-lesson-06,6,挑战,1-3,Giáo trình/博雅汉语听说-中级冲刺篇/音频/第06课/1-3.mp3,True,"[81,82]",81–82,"[92,93]",92–93,S06-003-02,,,,verified,confirmed_by_user,passed,59.638,954226,c83c84d1fc23f38e18a8f8824e739ee2359662d012ac44e881351e5e73596cc0,pending_review,Giáo trình/博雅汉语听说-中级冲刺篇/音频/第06课,work/boya-intermediate/extractions/structured-lesson-06.json,3
A06-004,boya-intermediate-i-lesson-06,6,挑战,1-4,Giáo trình/博雅汉语听说-中级冲刺篇/音频/第06课/1-4.mp3,True,82,,93,,S06-004-01,,,,verified,confirmed_by_user,passed,61.388,982229,7f91e383e406ae839812442d60adc9c2cc7a1ce8b20ebee83017b9696f3e9c10,pending_review,Giáo trình/博雅汉语听说-中级冲刺篇/音频/第06课,work/boya-intermediate/extractions/structured-lesson-06.json,4
A06-005,boya-intermediate-i-lesson-06,6,挑战,1-5,Giáo trình/博雅汉语听说-中级冲刺篇/音频/第06课/1-5.mp3,True,82,,93,,S06-004-02,,,,verified,confirmed_by_user,passed,65.646,1050356,ff55e7beaebffba5eb4ba866e667333239713202ad472dba3c58b4196e393d40,pending_review,Giáo trình/博雅汉语听说-中级冲刺篇/音频/第06课,work/boya-intermediate/extractions/structured-lesson-06.json,5
A06-006,boya-intermediate-i-lesson-06,6,挑战,1-6,Giáo trình/博雅汉语听说-中级冲刺篇/音频/第06课/1-6.mp3,True,83,,94,,S06-005-02,,,,verified,confirmed_by_user,passed,240.013,3840234,25784e8c5e44ba1e8f8f8f669c724867f0b5861543a1a2f3785b800cfc8fc8a3,pending_review,Giáo trình/博雅汉语听说-中级冲刺篇/音频/第06课,work/boya-intermediate/extractions/structured-lesson-06.json,6
A06-007,boya-intermediate-i-lesson-06,6,挑战,2-1,Giáo trình/博雅汉语听说-中级冲刺篇/音频/第06课/2-1.mp3,True,"[87,88]",87–88,"[98,99]",98–99,S06-010-01,,,,verified,confirmed_by_user,passed,56.137,898219,4c51e3b38df75aed9614bd0ffd0f923f6d6e8893e7332dea6a2b79e775d06d66,pending_review,Giáo trình/博雅汉语听说-中级冲刺篇/音频/第06课,work/boya-intermediate/extractions/structured-lesson-06.json,7
A06-008,boya-intermediate-i-lesson-06,6,挑战,2-2,Giáo trình/博雅汉语听说-中级冲刺篇/音频/第06课/2-2.mp3,True,89,,100,,S06-011-01,,,,verified,confirmed_by_user,passed,113.267,1812296,81ecbeb950453be9e08dcf622023b1dd32f8b4b3760bd6a31e9b72c7d1330260,pending_review,Giáo trình/博雅汉语听说-中级冲刺篇/音频/第06课,work/boya-intermediate/extractions/structured-lesson-06.json,8
A06-009,boya-intermediate-i-lesson-06,6,挑战,2-3,Giáo trình/博雅汉语听说-中级冲刺篇/音频/第06课/2-3.mp3,True,90,,101,,S06-011-02,,,,verified,confirmed_by_user,passed,72.594,1161534,89a9e6f5070054e1f8c8b1d51ffe2e6b90c3ef85a582894987cbcc0ac68cd8e4,pending_review,Giáo trình/博雅汉语听说-中级冲刺篇/音频/第06课,work/boya-intermediate/extractions/structured-lesson-06.json,9
A06-010,boya-intermediate-i-lesson-06,6,挑战,2-4,Giáo trình/博雅汉语听说-中级冲刺篇/音频/第06课/2-4.mp3,True,91,,102,,S06-012-01,,,,verified,confirmed_by_user,passed,64.131,1026115,d5afe50b61a24fc7c1159c631753a343515c4a73a0f4275edf4fe212e0b0303c,pending_review,Giáo trình/博雅汉语听说-中级冲刺篇/音频/第06课,work/boya-intermediate/extractions/structured-lesson-06.json,10
A06-011,boya-intermediate-i-lesson-06,6,挑战,2-5,Giáo trình/博雅汉语听说-中级冲刺篇/音频/第06课/2-5.mp3,True,91,,102,,S06-012-02,,,,verified,confirmed_by_user,passed,58.593,937507,c781c7531fedaa67266d064f4fd107b89b09c86da8f4f65b4b89e4c84d8f0d8e,pending_review,Giáo trình/博雅汉语听说-中级冲刺篇/音频/第06课,work/boya-intermediate/extractions/structured-lesson-06.json,11
A06-012,boya-intermediate-i-lesson-06,6,挑战,2-6,Giáo trình/博雅汉语听说-中级冲刺篇/音频/第06课/2-6.mp3,True,"[91,92]",91–92,"[102,103]",102–103,S06-013-02,,,,verified,confirmed_by_user,passed,199.654,3194487,396bf039d43b093fd6c2ee916a8a22fa915d8fe6f966fb4309cf8a6b0e697d03,pending_review,Giáo trình/博雅汉语听说-中级冲刺篇/音频/第06课,work/boya-intermediate/extractions/structured-lesson-06.json,12
L07-A01-01,boya-intermediate-i-lesson-07,7,我的同事,1-1,Giáo trình/博雅汉语听说-中级冲刺篇/音频/第07课/1-1.mp3,True,96,,,,S07-01,,,,verified_on_page_image,confirmed_by_user,verified,75.493875,,a017521723c2275238b08dc5b27058c5c8757a49a14834ec63ac615beec95e2c,pending_review,Giáo trình/博雅汉语听说-中级冲刺篇/音频/第07课,work/boya-intermediate/extractions/structured-lesson-07.json,1
L07-A01-02,boya-intermediate-i-lesson-07,7,我的同事,1-2,Giáo trình/博雅汉语听说-中级冲刺篇/音频/第07课/1-2.mp3,True,98,,,,S07-04,,,,verified_on_page_image,confirmed_by_user,verified,104.777125,,9811f18338a51fe37fdbda884a13fc0ceb1be911181a2fc00ac74efa4ebb0be1,pending_review,Giáo trình/博雅汉语听说-中级冲刺篇/音频/第07课,work/boya-intermediate/extractions/structured-lesson-07.json,2
L07-A01-03,boya-intermediate-i-lesson-07,7,我的同事,1-3,Giáo trình/博雅汉语听说-中级冲刺篇/音频/第07课/1-3.mp3,True,98,,,,S07-05,,,,verified_on_page_image,confirmed_by_user,verified,47.699563,,3395a03a43d0926d5aab26a16125419870d9a4f9a69f82fa0aa6a3d58213a090,pending_review,Giáo trình/博雅汉语听说-中级冲刺篇/音频/第07课,work/boya-intermediate/extractions/structured-lesson-07.json,3
L07-A01-04,boya-intermediate-i-lesson-07,7,我的同事,1-4,Giáo trình/博雅汉语听说-中级冲刺篇/音频/第07课/1-4.mp3,True,99,,,,S07-07,,,,verified_on_page_image,confirmed_by_user,verified,41.482438,,75d5e6f3b9305f7a22faacf424698b62853ef6ce5e0b1b299a6d7cdd3494ded5,pending_review,Giáo trình/博雅汉语听说-中级冲刺篇/音频/第07课,work/boya-intermediate/extractions/structured-lesson-07.json,4
L07-A01-05,boya-intermediate-i-lesson-07,7,我的同事,1-5,Giáo trình/博雅汉语听说-中级冲刺篇/音频/第07课/1-5.mp3,True,99,,,,S07-08,,,,verified_on_page_image,confirmed_by_user,verified,39.967375,,3e6ad8a2dcaa0b3f6365b9d02d81107961c7556e8f90b8748bc09b154bbbaab8,pending_review,Giáo trình/博雅汉语听说-中级冲刺篇/音频/第07课,work/boya-intermediate/extractions/structured-lesson-07.json,5
L07-A01-06,boya-intermediate-i-lesson-07,7,我的同事,1-6,Giáo trình/博雅汉语听说-中级冲刺篇/音频/第07课/1-6.mp3,True,100,,,,S07-10,,,,verified_on_page_image,confirmed_by_user,verified,253.257125,,e6b71d6c21be78db01498c78ae45ad1e3f3ef151a0d0caacab262c46f6fe66ee,pending_review,Giáo trình/博雅汉语听说-中级冲刺篇/音频/第07课,work/boya-intermediate/extractions/structured-lesson-07.json,6
L07-A02-01,boya-intermediate-i-lesson-07,7,我的同事,2-1,Giáo trình/博雅汉语听说-中级冲刺篇/音频/第07课/2-1.mp3,True,104,,,,S07-19,,,,verified_on_page_image,confirmed_by_user,verified,45.087375,,52e3f6baf034907edb2f897f4f2e73151dfaf34b46b35e392871e187bb3923b1,pending_review,Giáo trình/博雅汉语听说-中级冲刺篇/音频/第07课,work/boya-intermediate/extractions/structured-lesson-07.json,7
L07-A02-02,boya-intermediate-i-lesson-07,7,我的同事,2-2,Giáo trình/博雅汉语听说-中级冲刺篇/音频/第07课/2-2.mp3,True,106,,,,S07-23,,,,verified_on_page_image,confirmed_by_user,verified,89.835125,,b9259a07c9fc5b4e54acc54eccd71205ddeeee806ac7a764b99609cf418026c0,pending_review,Giáo trình/博雅汉语听说-中级冲刺篇/音频/第07课,work/boya-intermediate/extractions/structured-lesson-07.json,8
L07-A02-03,boya-intermediate-i-lesson-07,7,我的同事,2-3,Giáo trình/博雅汉语听说-中级冲刺篇/音频/第07课/2-3.mp3,True,106,,,,S07-25,,,,verified_on_page_image,confirmed_by_user,verified,54.752625,,1b047ab8bf577781269351dd9e9f708d674c5972f11304f89dbc30589e28c256,pending_review,Giáo trình/博雅汉语听说-中级冲刺篇/音频/第07课,work/boya-intermediate/extractions/structured-lesson-07.json,9
L07-A02-04,boya-intermediate-i-lesson-07,7,我的同事,2-4,Giáo trình/博雅汉语听说-中级冲刺篇/音频/第07课/2-4.mp3,True,107,,,,S07-28,,,,verified_on_page_image,confirmed_by_user,verified,283.167375,,2bd20d07db3a9874a9b0f36ad3fb662d115cf38895774f4fd3f05a02115dd927,pending_review,Giáo trình/博雅汉语听说-中级冲刺篇/音频/第07课,work/boya-intermediate/extractions/structured-lesson-07.json,10
A08-001,boya-intermediate-i-lesson-08,8,学汉语的苦恼,1-1,Giáo trình/博雅汉语听说-中级冲刺篇/音频/第08课/1-1.mp3,True,111,,,,S08-002,,,,verified,confirmed_by_user,,64.3135,,8973f11f086689fd2c6acd641dfa17c87d003302ee80b3278f2acf303dcf4bad,pending_adam_review,Giáo trình/博雅汉语听说-中级冲刺篇/音频/第08课,work/boya-intermediate/extractions/structured-lesson-08.json,1
A08-002,boya-intermediate-i-lesson-08,8,学汉语的苦恼,1-2,Giáo trình/博雅汉语听说-中级冲刺篇/音频/第08课/1-2.mp3,True,113,,,,S08-003,,,,verified,confirmed_by_user,,95.503688,,3f75d4c274663f6634268b74fd1d48291b29d5e8e2701a637f67b9e94cb22cf9,pending_adam_review,Giáo trình/博雅汉语听说-中级冲刺篇/音频/第08课,work/boya-intermediate/extractions/structured-lesson-08.json,2
A08-003,boya-intermediate-i-lesson-08,8,学汉语的苦恼,1-3,Giáo trình/博雅汉语听说-中级冲刺篇/音频/第08课/1-3.mp3,True,113,,,,S08-004,,,,verified,confirmed_by_user,,53.002438,,b6bb8f3761ff031a1f9b5d1f986509e86b422d62ce9e045ad6e79594a7b80490,pending_adam_review,Giáo trình/博雅汉语听说-中级冲刺篇/音频/第08课,work/boya-intermediate/extractions/structured-lesson-08.json,3
A08-004,boya-intermediate-i-lesson-08,8,学汉语的苦恼,1-4,Giáo trình/博雅汉语听说-中级冲刺篇/音频/第08课/1-4.mp3,True,"[113,114]",113–114,,,S08-004,,,,verified,confirmed_by_user,,60.604063,,bd7cca3610ef63afe1ce6585950389bf65138c40b1c958c3c247a2d9101516f7,pending_adam_review,Giáo trình/博雅汉语听说-中级冲刺篇/音频/第08课,work/boya-intermediate/extractions/structured-lesson-08.json,4
A08-005,boya-intermediate-i-lesson-08,8,学汉语的苦恼,1-5,Giáo trình/博雅汉语听说-中级冲刺篇/音频/第08课/1-5.mp3,True,"[114,115]",114–115,,,S08-005,,,,verified,confirmed_by_user,,326.008188,,0db4b59c90eb98764728134bf82e8cf3c8c60afa588250a8b21e03659f4f0c79,pending_adam_review,Giáo trình/博雅汉语听说-中级冲刺篇/音频/第08课,work/boya-intermediate/extractions/structured-lesson-08.json,5
A08-006,boya-intermediate-i-lesson-08,8,学汉语的苦恼,2-1,Giáo trình/博雅汉语听说-中级冲刺篇/音频/第08课/2-1.mp3,True,119,,,,S08-010,,,,verified,confirmed_by_user,,42.605688,,76aa0532fd12cf4d78f668fde35ba92262c506e81a59f82f35b15ed1f16a5d64,pending_adam_review,Giáo trình/博雅汉语听说-中级冲刺篇/音频/第08课,work/boya-intermediate/extractions/structured-lesson-08.json,6
A08-007,boya-intermediate-i-lesson-08,8,学汉语的苦恼,2-2,Giáo trình/博雅汉语听说-中级冲刺篇/音频/第08课/2-2.mp3,True,121,,,,S08-011,,,,verified,confirmed_by_user,,122.592625,,accb14bfe46bcca24485f1f64a1c20b0c4ce7758ecbc8f585185dd7877036f61,pending_adam_review,Giáo trình/博雅汉语听说-中级冲刺篇/音频/第08课,work/boya-intermediate/extractions/structured-lesson-08.json,7
A08-008,boya-intermediate-i-lesson-08,8,学汉语的苦恼,2-3,Giáo trình/博雅汉语听说-中级冲刺篇/音频/第08课/2-3.mp3,True,"[121,122]",121–122,,,S08-011,,,,verified,confirmed_by_user,,45.244063,,51b76d0a3fcc2db41a4561edcc3660bdeab80d4de98c325f5ba796e76c589a9d,pending_adam_review,Giáo trình/博雅汉语听说-中级冲刺篇/音频/第08课,work/boya-intermediate/extractions/structured-lesson-08.json,8
A08-009,boya-intermediate-i-lesson-08,8,学汉语的苦恼,2-4,Giáo trình/博雅汉语听说-中级冲刺篇/音频/第08课/2-4.mp3,True,122,,,,S08-012,,,,verified,confirmed_by_user,,35.160813,,c0a1a3868d4ebf4a9927d640af192914c0e593c087cbe75f2dd2ef2e9a40727c,pending_adam_review,Giáo trình/博雅汉语听说-中级冲刺篇/音频/第08课,work/boya-intermediate/extractions/structured-lesson-08.json,9
A08-010,boya-intermediate-i-lesson-08,8,学汉语的苦恼,2-5,Giáo trình/博雅汉语听说-中级冲刺篇/音频/第08课/2-5.mp3,True,122,,,,S08-012,,,,verified,confirmed_by_user,,93.152625,,f84feaa7129a88c747c1a381dd8c002f6293569e028e7f8e84a25e7d58da5530,pending_adam_review,Giáo trình/博雅汉语听说-中级冲刺篇/音频/第08课,work/boya-intermediate/extractions/structured-lesson-08.json,10
A08-011,boya-intermediate-i-lesson-08,8,学汉语的苦恼,2-6,Giáo trình/博雅汉语听说-中级冲刺篇/音频/第08课/2-6.mp3,True,123,,,,S08-013,,,,verified,confirmed_by_user,,334.34125,,7b5fa5f87e86b83249196f91b92bc0dc72a1a3d5fd77b4d1ddf35ceb8eece4ae,pending_adam_review,Giáo trình/博雅汉语听说-中级冲刺篇/音频/第08课,work/boya-intermediate/extractions/structured-lesson-08.json,11
