record_id,lesson_id,lesson_number,lesson_title,exercise_order,exercise_type,textbook_page,textbook_page_range,source_pdf_page,source_pdf_page_range,section_id,section_label,prompt_raw,options_raw,audio_asset_ids,related_text_dialogue_ids,answer_status,review_status,source_note,uncertainty,source_file
E01-001,boya-intermediate-i-lesson-01,1,中国人的姓名,1,listening_comprehension_questions,3,,14,,S01-003,词语理解,"听对话，回答问题：
1. 女士为什么没去南方旅行？
2. 小王在干什么呢？
3. 他的父母为什么一点儿都不兴奋？
4. 父母为什么要把孩子送到业余体育学校去？
5. 女士认为小明考试没通过的原因是什么？
6. 女士是怎么想出这个好办法来的？",,"[""A01-002""]",,not_provided_in_source,pending_review,,,work/boya-intermediate/extractions/structured-lesson-01.json
E01-002,boya-intermediate-i-lesson-01,1,中国人的姓名,2,listening_multiple_choice,3,,14,,S01-003,词语理解,选出与所听到的句子意思相近的一项。,"[{""number"":1,""options"":[""A. 父母浪费了很多机会，才给他起了这个名字。"",""B. 父母花费了很多钱，才给他起了这个名字。"",""C. 父母想尽了各种办法，才给他起了这个名字。""]},{""number"":2,""options"":[""A. 真不该问成年人关于孩子的问题。"",""B. 真不明白你为什么问孩子关于成年人的问题。"",""C. 真不知道你想让孩子干什么。""]},{""number"":3,""options"":[""A. 我觉得我没有能力帮助他们。"",""B. 他们的拒绝真让我感到没有意思。"",""C. 我实在不明白他们为什么拒绝我的帮助。""]},{""number"":4,""options"":[""A. 她希望买到既便宜又好看的衣服。"",""B. 她希望买到有特色的衣服。"",""C. 她希望买到颜色鲜艳的衣服。""]},{""number"":5,""options"":[""A. 大家喜欢的是同一位电影明星。"",""B. 大家喜欢的是不同的电影明星。"",""C. 大家都不喜欢这位电影明星。""]}]","[""A01-003""]",,not_provided_in_source,pending_review,,,work/boya-intermediate/extractions/structured-lesson-01.json
E01-003,boya-intermediate-i-lesson-01,1,中国人的姓名,3,guided_speaking,4,,15,,S01-003-03,用三至五句话回答问题，并使用画线词语,"用三至五句话回答问题，并使用画线词语：
1. 怎样解决学习汉语时发音不准的问题？
2. 刚进入一所大学时，你觉得自己要做的头等大事是什么？
3. 来到一个语言不同、生活习惯不同的国家，你会在哪些方面感到别扭？
4. 刚开始学汉语时，你的汉语水平很糟，你是怎么与别的同学交流的？
5. 学生上课时看手机，你认为老师应该公开批评还是低调处理？",,,,,pending_review,,,work/boya-intermediate/extractions/structured-lesson-01.json
E01-004,boya-intermediate-i-lesson-01,1,中国人的姓名,4,listen_repeat_substitute,4,,15,,S01-003A,语句理解,"听录音，跟读句子，并替换画线词语各说一句话：
1. 我叫徐幼华，按照英文的习惯，姓要放在名后，读幼华徐。
2. 请问你的名字怎么念？
3. 日本人很多都叫什么子，第几郎。
4. 南美洲来的不是叫荷西，就是叫玛丽亚。
5. 我给她起了个中文名字叫汉云，意思是汉唐飘过来的一片云。
6. 广东人常说“不怕人错行，就怕起错名”。",,"[""A01-004""]",,,pending_review,,,work/boya-intermediate/extractions/structured-lesson-01.json
E01-005,boya-intermediate-i-lesson-01,1,中国人的姓名,5,dialogue_repetition,4,,15,,S01-003A,语句理解,"听录音，复述并模仿对话：
1. A：中国男孩子为什么叫“强”的人很多？
   B：
2. A：你为什么叫震生？
   B：
3. A：你名字里的“川”是不是川菜的“川”呀？
   B：",,"[""A01-005""]",,,pending_review,,,work/boya-intermediate/extractions/structured-lesson-01.json
E01-006,boya-intermediate-i-lesson-01,1,中国人的姓名,6,listening_fill_blank,5,,16,,S01-004,语段理解,"听第一遍录音，填空：
1. 应该让孩子从小就学着________点儿________。
2. 这让人听起来觉得________。
3. 这个名字起得实在是太________了！
4. 将来孩子参加比赛、玩儿游戏什么的输了，不________你才怪呢！
5. 到时候别说我没________过你！",,"[""A01-006""]",,not_provided_in_source,pending_review,,,work/boya-intermediate/extractions/structured-lesson-01.json
E01-007,boya-intermediate-i-lesson-01,1,中国人的姓名,7,listening_true_false,5,,16,,S01-004,语段理解,"听第二遍录音，判断正误：
1. 第一位朋友认为孩子应该多吃苦，少吃甜食。
2. 第二位朋友认为“殊”和“叔叔”的“叔”同音，不适合做男孩子的名字。
3. 第四位朋友认为起什么名字都可以，不过最好低调一点儿。",,"[""A01-006""]",,not_provided_in_source,pending_review,,,work/boya-intermediate/extractions/structured-lesson-01.json
E01-008,boya-intermediate-i-lesson-01,1,中国人的姓名,8,listening_open_response,5,,16,,S01-004,语段理解,听后回答：老常的朋友们是否赞成他给孩子起“殊”这个名字？说说他们的理由。,,"[""A01-006""]",,,pending_review,,,work/boya-intermediate/extractions/structured-lesson-01.json
E01-009,boya-intermediate-i-lesson-01,1,中国人的姓名,9,pattern_dialogue_completion,"[6,7]",6–7,"[17,18]",17–18,S01-005,口语句式,"用“总不能……吧”完成对话：
（1）A：你们先去吃吧，我打印完这份文件再去吃。
B：
（2）A：这几件衣服我都很喜欢，怎么办呢？
B：
（3）A：我认为，学生应该努力学习，不能出去打工。
B：",,,,,pending_review,,,work/boya-intermediate/extractions/structured-lesson-01.json
E01-010,boya-intermediate-i-lesson-01,1,中国人的姓名,10,pattern_rewrite,7,,18,,S01-005,口语句式,"用“……才怪呢”改写句子：
（1）你不懂外语，又不懂电脑，肯定找不到好工作。
（2）你每天吃那么多，怎么可能不胖呢？
（3）他每天晚上在外面喝酒，他太太当然会生他的气呀！",,,,,pending_review,,,work/boya-intermediate/extractions/structured-lesson-01.json
E01-011,boya-intermediate-i-lesson-01,1,中国人的姓名,11,pattern_situation,7,,18,,S01-005,口语句式,"说一说在什么情况下会说出下面的句子：
（1）到时候别忘了通知我。
（2）到时候哭都来不及。",,,,,pending_review,,,work/boya-intermediate/extractions/structured-lesson-01.json
E01-012,boya-intermediate-i-lesson-01,1,中国人的姓名,12,pattern_discussion,7,,18,,S01-005,口语句式,"用“话说回来”从不同的角度谈谈你对下面问题的看法：
（1）网络对现代生活的影响
（2）减肥与身体健康",,,,,pending_review,,,work/boya-intermediate/extractions/structured-lesson-01.json
E01-013,boya-intermediate-i-lesson-01,1,中国人的姓名,13,culture_discussion,7,,18,,S01-006,文化知识,"请你说说：
1. 你们国家的人读到你的名字时，常常会联想到什么人或者什么事物？
2. 在你们国家，一般喜欢叫什么名字？",,,,,pending_review,,,work/boya-intermediate/extractions/structured-lesson-01.json
E01-014,boya-intermediate-i-lesson-01,1,中国人的姓名,14,reading_comprehension,8,,19,,S01-006,文化知识,"读后回答：
1. 什么是谐音现象？请举例说明。
2. 在生活中，人们怎样利用谐音来表达自己的愿望？请举例说明。
3. 起名儿的时候，人们怎样避免谐音带来的不吉利的影响？请举例说明。",,,,,pending_review,,,work/boya-intermediate/extractions/structured-lesson-01.json
E01-015,boya-intermediate-i-lesson-01,1,中国人的姓名,15,paragraph_speaking,8,,19,,S01-007,拓展练习,成段叙述：汉语中同音字很多，比如“殊”和“舒”“叔”“输”同音，如果在交际中表达不清楚，有时会引起歧义，造成误会。请你举两个例子，说说你所知道的谐音字趣闻。,,,,,pending_review,,,work/boya-intermediate/extractions/structured-lesson-01.json
E01-016,boya-intermediate-i-lesson-01,1,中国人的姓名,16,role_play,9,,20,,S01-007,拓展练习,模拟空间：三四人组建一家起名儿公司，向客户询问相关问题，然后按他们的要求给孩子起名儿。,"[""你的孩子是男孩儿还是女孩儿？"",""你想给孩子起一个什么样的名字？是具有时代意义的、表现美好事物的，还是要表达美好愿望的呢？"",""你想要一个字的名字还是两个字的？对发音有什么要求？"",""你对汉字的选择有什么要求？是要典雅一些的还是要通俗一些的？""]",,,,pending_review,,,work/boya-intermediate/extractions/structured-lesson-01.json
E01-017,boya-intermediate-i-lesson-01,1,中国人的姓名,17,classroom_practice,9,,20,,S01-007,拓展练习,选看一部欧美经典电影的片段，根据影片中主要演员名字的发音及含义，给他们各起一个中文名字。,,,,,pending_review,,,work/boya-intermediate/extractions/structured-lesson-01.json
E01-018,boya-intermediate-i-lesson-01,1,中国人的姓名,18,survey_report,9,,20,,S01-007,拓展练习,调查报告：中国人在给孩子起名字的时候，有的注重名字的时代意义，如“解放”；有的具有地域特点，如“长江”；有的体现父母对孩子的美好愿望，如“美丽”等。请你根据上面的说明向你的中国朋友了解下面名字的含义，按类别分别填写在后面的空格内。,"{""names"":[""梁开放"",""余胜男"",""吴建国"",""李小龙"",""于国庆"",""康有为"",""王豫"",""苏东坡"",""孙湘"",""郑板桥"",""刘为民"",""郑成功"",""王沪生"",""陈招娣"",""钱卫东""],""categories"":[""注重时代意义"",""具有地域特点"",""体现美好愿望""]}",,,,pending_review,,,work/boya-intermediate/extractions/structured-lesson-01.json
E01-034,boya-intermediate-i-lesson-01,1,中国人的姓名,34,classroom_exchange,2,,13,,S01-002-02,课堂小组交流,课堂小组交流：用汉语介绍自己名字的意思和来历。,,,,,pending_review,,,work/boya-intermediate/extractions/structured-lesson-01.json
E01-035,boya-intermediate-i-lesson-01,1,中国人的姓名,35,survey_report,2,,13,,S01-002-03,小调查,小调查：采访至少三位中国朋友，了解他们名字的意思和来历，然后在班里汇报。,"{""table_columns"":[""朋友"",""姓"",""名"",""名字的意思和来历""],""rows"":[""A"",""B"",""C""]}",,,,pending_review,,,work/boya-intermediate/extractions/structured-lesson-01.json
E01-019,boya-intermediate-i-lesson-01,1,中国人的姓名,19,classroom_exchange,10,,21,,S01-009-02,课堂小组交流,课堂小组交流：介绍自己国家几个常见的姓和名字，说说为什么这些姓和名字比较常见。,,"[""A01-007""]",,,pending_review,,,work/boya-intermediate/extractions/structured-lesson-01.json
E01-020,boya-intermediate-i-lesson-01,1,中国人的姓名,20,listening_comprehension_questions,11,,22,,S01-010,词语理解,"听对话，回答问题：
1. 女士为什么感到开心？
2. 男士为什么回来晚了？
3. 奶奶为什么哭了？
4. 男士为什么让女儿选学国学课？
5. 他们为什么没有爬山？",,"[""A01-008""]",,,pending_review,,,work/boya-intermediate/extractions/structured-lesson-01.json
E01-021,boya-intermediate-i-lesson-01,1,中国人的姓名,21,guided_speaking,11,,22,,S01-010,词语理解,"用三至五句话回答问题，并使用画线词语：
1. 做父母的，总要为子女操心，请说说你让父母最操心的几件事。
2. 你来中国以后，做过哪些让人啼笑皆非的事情？
3. 说出几个你们国家很少见的姓。
4. 在你们国家的语言中，有没有对老年人的尊称？简单介绍一下。
5. 在中国，人与人之间最常见的称呼是什么？
6. 在和陌生人交往的时候，应该注意什么？",,,,,pending_review,,,work/boya-intermediate/extractions/structured-lesson-01.json
E01-022,boya-intermediate-i-lesson-01,1,中国人的姓名,22,listen_repeat_substitute,11,,22,,S01-010A,语句理解,"听录音，跟读句子，并替换画线词语各说一句话：
1. 你们中国人不是都叫陈什么吗？
2. 你的姓译成另一种语言，很可能变成一个让人啼笑皆非的笑话。
3. 哎呀，姓什么不好，偏偏要姓贾！
4. 我姓常，你姓江，我们的孩子干脆就叫常江吧。
5. 他听说我也姓李，连忙大声说“咱俩五百年前是一家”。",,"[""A01-009""]",,,pending_review,,,work/boya-intermediate/extractions/structured-lesson-01.json
E01-023,boya-intermediate-i-lesson-01,1,中国人的姓名,23,dialogue_repetition,12,,23,,S01-010A-02,听录音，复述并模仿对话,"听录音，复述并模仿对话：
1. A：您贵姓？
   B：
2. A：你好！我姓张，弓长张。
   B：
3. A：诸先生，很高兴认识您。
   B：
4. A：您姓zhāng？哪个zhāng？
   B：
5. A：你的女朋友姓什么？
   B：",,"[""A01-010""]",,,pending_review,,,work/boya-intermediate/extractions/structured-lesson-01.json
E01-024,boya-intermediate-i-lesson-01,1,中国人的姓名,24,listening_fill_blank,"[12,13]",12–13,"[23,24]",23–24,S01-011,语段理解,"听第一遍录音，填空：
1. 孩子出生以后，父母________地要给孩子起个好名字。
2. 因为按照中国的________，姓是不能随便改的。
3. 在中国，常常在姓前面加上一个“老”字，作为朋友之间________的称呼。
4. 常常在姓后面加上一个“老”字，作为对年龄较大的人的________。
5. 姓什么不好呀，________要姓“老”！",,"[""A01-011""]",,,pending_review,,,work/boya-intermediate/extractions/structured-lesson-01.json
E01-025,boya-intermediate-i-lesson-01,1,中国人的姓名,25,listening_true_false,13,,24,,S01-011,语段理解,"听第二遍录音，判断正误：
1. 在中国，二十岁以上的女人，才被叫作“老女士”。
2. 在别人的姓后面加上“老”字是一种亲热的称呼。
3. 名字是可以改的，姓一般是不能改的。
4. “我”朋友的女儿姓“老”，二十岁不到。",,"[""A01-011""]",,,pending_review,,,work/boya-intermediate/extractions/structured-lesson-01.json
E01-026,boya-intermediate-i-lesson-01,1,中国人的姓名,26,listening_open_response,13,,24,,S01-011,语段理解,听后回答：文中介绍了姓“老”的人在与人交往中遇到的一些麻烦，请你说说他们遇到了哪些麻烦。,,"[""A01-011""]",,,pending_review,,,work/boya-intermediate/extractions/structured-lesson-01.json
E01-027,boya-intermediate-i-lesson-01,1,中国人的姓名,27,pattern_practice,14,,25,,S01-012,口语句式,"句式练习：
1. 完成句子，用“不然”：
（1）我们必须马上出发，不然________。
（2）你一定要好好儿复习，不然________。
（3）夏天出门一定要带雨伞，不然________。
2. 用“是……还是……”提出问题：
（1）颐和园／圆明园
（2）坐车／骑车
（3）上北大／上清华
3. 用“怎么……怎么……”造句：
（1）________
（2）________
（3）________",,,,,pending_review,,,work/boya-intermediate/extractions/structured-lesson-01.json
E01-028,boya-intermediate-i-lesson-01,1,中国人的姓名,28,culture_discussion,14,,25,,S01-013,文化知识,"请你说说：
1. 中国人的姓名是姓在前，名在后，你们国家呢？
2. 在你们国家，人的姓名是什么时候产生的？",,,,,pending_review,,,work/boya-intermediate/extractions/structured-lesson-01.json
E01-029,boya-intermediate-i-lesson-01,1,中国人的姓名,29,reading_comprehension,"[14,15]",14–15,"[25,26]",25–26,S01-013,文化知识,"读后回答：
1. 什么是复姓？说出几个中国常见的复姓。
2. 简单介绍中国一些姓的来历。",,,,,pending_review,,,work/boya-intermediate/extractions/structured-lesson-01.json
E01-030,boya-intermediate-i-lesson-01,1,中国人的姓名,30,paragraph_speaking,15,,26,,S01-014,拓展练习,成段叙述：中国有句话“张王李赵遍地流（刘）”，请你解释这句话的意思，并谈谈你知道的中国人的姓。,,,,,pending_review,,,work/boya-intermediate/extractions/structured-lesson-01.json
E01-031,boya-intermediate-i-lesson-01,1,中国人的姓名,31,research_speaking,15,,26,,S01-014,拓展练习,寻找历史名人：在中国，张、王、李、赵、陈、杨、吴、刘、黄、周，这10个姓占人口的40%左右。请你分别列举几个中国历史上姓这些姓的名人，并简单介绍他们的情况。,,,,,pending_review,,,work/boya-intermediate/extractions/structured-lesson-01.json
E01-032,boya-intermediate-i-lesson-01,1,中国人的姓名,32,pronunciation_reading,"[15,16]",15–16,"[26,27]",26–27,S01-014,拓展练习,"读一读，说一说：下面是《百家姓》中的部分单姓和复姓，请大声朗读，并说一说你认识的同学和朋友中是否有这些姓。
单姓：赵钱孙李；周吴郑王；冯陈褚卫；蒋沈韩杨；朱秦尤许；何吕施张；孔曹严华；金魏陶姜。
复姓：万俟司马；上官欧阳；夏侯诸葛；闻人东方；赫连皇甫；尉迟公羊；澹台公冶；宗正濮阳。",,,,,pending_review,,,work/boya-intermediate/extractions/structured-lesson-01.json
E01-033,boya-intermediate-i-lesson-01,1,中国人的姓名,33,dialogue_reflection,16,,27,,S01-014,拓展练习,读对话，谈体会。,,,"[""T01-005""]",,pending_review,,,work/boya-intermediate/extractions/structured-lesson-01.json
E02-001,boya-intermediate-i-lesson-02,2,真正的朋友,1,speech_preparation,18,,,,S02-002-02,三分钟演讲准备,"下面是有关“朋友”的名言名句，请向你的中国朋友了解这些句子的含义，选择你喜欢的句子，做三分钟演讲准备。
1. 君子之交淡如水。
2. 黄金易得，知己难求。
3. 路遥知马力，日久见人心。
4. 人生得一知己足矣。
5. 在家靠父母，出门靠朋友。",,,,not_provided_in_source,visually_confirmed,,,work/boya-intermediate/extractions/structured-lesson-02.json
E02-002,boya-intermediate-i-lesson-02,2,真正的朋友,2,survey,19,,,,S02-002-03,小调查,"向你的朋友（至少三人）调查以下问题，说说人们对“朋友”的看法：
1. 你喜欢和什么样的人交朋友？为什么？
2. 你认为什么样的朋友能称为“知己”？
3. 你最不喜欢和什么样的人在一起？为什么？",,,,open,visually_confirmed,,,work/boya-intermediate/extractions/structured-lesson-02.json
E02-003,boya-intermediate-i-lesson-02,2,真正的朋友,3,listening_comprehension_questions,19,,,,S02-003-01,听对话，回答问题,"听对话，回答问题：
1. 女士为什么不去网上寻找知音？
2. 电影里的姑娘为什么离开家乡？
3. 女士觉得小说怎么样？
4. 男士为什么要和那个姑娘分手？
5. 女士今天为什么不回家吃晚饭？",,"[""A02-002""]",,not_provided_in_source,visually_confirmed,,,work/boya-intermediate/extractions/structured-lesson-02.json
E02-004,boya-intermediate-i-lesson-02,2,真正的朋友,4,listening_multiple_choice,"[19,20]",19–20,,,S02-003-02,选出与所听到的句子意思相近的一项,"选出与所听到的句子意思相近的一项：
1. A. 他怕自己得病，从来不敢喝酒。 B. 他得病后，再也不喝酒了。 C. 因为喝酒，他得了一场大病。
2. A. 她们总是议论附近商场发生的事情。 B. 她们常常交流在商场买东西的经验。 C. 她们总是议论附近商场有什么值得买的东西。
3. A. 这里的冬天不可能有这么暖和的天气。 B. 这里的冬天天气很暖和。 C. 这里的冬天这么暖和的天气很少见。
4. A. 他本来想参加这次旅行，可是又忽然改变了主意。 B. 他喜欢旅游，所以要参加这次旅行。 C. 他不喜欢旅游，所以不参加这次旅行。
5. A. 老王捡到了一个别人丢失的钱包。 B. 老王很高兴有人把他丢失的钱包送了回来。 C. 老王拿到丢失的钱包，高兴得忘了说“谢谢”。",,"[""A02-003""]",,not_provided_in_source,visually_confirmed,,,work/boya-intermediate/extractions/structured-lesson-02.json
E02-005,boya-intermediate-i-lesson-02,2,真正的朋友,5,guided_speaking,20,,,,S02-003-03,用三至五句话回答问题，并使用画线词语,"用三至五句话回答问题，并使用画线词语：
1. 你喜欢听慢节奏的音乐还是快节奏的？
2. 怎样做才能使你的生活变得充实起来？
3. 你有没有无话不谈的“知己”？
4. 有的人是音乐迷，有的人是体育迷，你呢？
5. 大学里有很多协会，如果有时间，你打算参加哪一个？",,,,open,visually_confirmed,,,work/boya-intermediate/extractions/structured-lesson-02.json
E02-006,boya-intermediate-i-lesson-02,2,真正的朋友,6,listen_repeat_comment,20,,,,S02-004-01,听录音，跟读句子，并谈谈自己看法,"听录音，跟读句子，并谈谈自己的看法：
1. 一个人命里不一定有太太或丈夫，但绝对不可能没有朋友。
2. 一个人不能选择父母，但是每个人都可以选择自己的朋友。
3. 高级的人使人尊敬，有趣的人使人欢喜。
4. 朋友是自己的镜子。
5. 低级而无趣的人，余不欲与之同乐矣。",,"[""A02-004""]",,open,visually_confirmed,,,work/boya-intermediate/extractions/structured-lesson-02.json
E02-007,boya-intermediate-i-lesson-02,2,真正的朋友,7,listening_repetition,20,,,,S02-004-02,听记句子并复述,听记句子并复述。教材提供四条作答线，未印出待听句子的文字。,,"[""A02-005""]",,audio_dependent,visually_confirmed,,,work/boya-intermediate/extractions/structured-lesson-02.json
E02-008,boya-intermediate-i-lesson-02,2,真正的朋友,8,listening_fill_blank,21,,,,S02-005-02-01,（一）听第一遍录音，填空,"听第一遍录音，填空：
1. 话不能说得那么____。
2. 在我们大学，有不少京剧爱好者，大多是____的学生。
3. 想找到一个____还真不容易。
4. 人的一生能遇到一个知己就____了。
5. 什么时候你给我们____，唱两段？",,"[""A02-006""]",,not_provided_in_source,visually_confirmed,,,work/boya-intermediate/extractions/structured-lesson-02.json
E02-009,boya-intermediate-i-lesson-02,2,真正的朋友,9,listening_true_false,21,,,,S02-005-02-02,（二）听第二遍录音，判断正误,"听第二遍录音，判断正误：
1. 男士认为现在的年轻人，喜欢听京剧的很多。
2. 女士说她们大学有一个京剧爱好者协会。
3. 男士认为人的一生可以得到很多知己，到处都可以遇到。",,"[""A02-006""]",,not_provided_in_source,visually_confirmed,,,work/boya-intermediate/extractions/structured-lesson-02.json
E02-010,boya-intermediate-i-lesson-02,2,真正的朋友,10,listening_open_response,21,,,,S02-005-02-03,（三）听后回答,"听后回答：
1. 男士唱京剧唱得很好，但却听不到他唱，为什么？
2. 怎样才能找到人生的知己？",,"[""A02-006""]",,open,visually_confirmed,,,work/boya-intermediate/extractions/structured-lesson-02.json
E02-011,boya-intermediate-i-lesson-02,2,真正的朋友,11,pattern_rewrite,22,,,,S02-006-02,句式练习,"用“有几个……呢”改写句子：
（1）这里房价很高，很少有人买得起这儿的房子。
（2）当运动员的，大多数都受过伤。
（3）这个班的学生都很优秀，几乎都得过奖。",,,,not_provided_in_source,visually_confirmed,,,work/boya-intermediate/extractions/structured-lesson-02.json
E02-012,boya-intermediate-i-lesson-02,2,真正的朋友,12,pattern_completion,23,,,,S02-006-02,句式练习,"完成句子：
（1）________，没什么可买。
（2）________，没什么好吃。
（3）________，没什么精彩的。",,,,open,visually_confirmed,,,work/boya-intermediate/extractions/structured-lesson-02.json
E02-013,boya-intermediate-i-lesson-02,2,真正的朋友,13,pattern_speaking,23,,,,S02-006-02,句式练习,介绍一个善于模仿的人，说说他在哪些方面的模仿“像那么回事”。,,,,open,visually_confirmed,,,work/boya-intermediate/extractions/structured-lesson-02.json
E02-014,boya-intermediate-i-lesson-02,2,真正的朋友,14,pattern_speaking,23,,,,S02-006-02,句式练习,说说你值得向同学们“露一手”的才艺。,,,,open,visually_confirmed,,,work/boya-intermediate/extractions/structured-lesson-02.json
E02-015,boya-intermediate-i-lesson-02,2,真正的朋友,15,culture_discussion_and_performance,23,,,,S02-007-01,请你说说,京剧讲究“唱念做打”，请查阅相关资料或向朋友请教，了解其含义，并现场表演，如唱一句、念一句、做一个动作、摆一个姿势等。,,,,open,visually_confirmed,,,work/boya-intermediate/extractions/structured-lesson-02.json
E02-016,boya-intermediate-i-lesson-02,2,真正的朋友,16,reading_comprehension,24,,,,S02-007-03,读后回答,"读后回答：
1. 俞伯牙为什么把钟子期看成自己的知音？
2. 俞伯牙后来为什么把琴摔碎，再也不弹了？",,,,open,visually_confirmed,,,work/boya-intermediate/extractions/structured-lesson-02.json
E02-017,boya-intermediate-i-lesson-02,2,真正的朋友,17,paragraph_speaking,24,,,,S02-008-01,成段叙述,人的一生遇到一个知己就很令人满足了。你有没有算得上是知己的朋友呢？讲述你们之间发生的一件难忘的事来论证。,,,,open,visually_confirmed,,,work/boya-intermediate/extractions/structured-lesson-02.json
E02-018,boya-intermediate-i-lesson-02,2,真正的朋友,18,speech,24,,,,S02-008-02,三分钟演讲,以“朋友”为主题做三分钟演讲。,,,,open,visually_confirmed,,,work/boya-intermediate/extractions/structured-lesson-02.json
E02-019,boya-intermediate-i-lesson-02,2,真正的朋友,19,classroom_practice,24,,,,S02-008-03,课堂实践,选看一部有关友情的短片，谈谈自己对这部短片的感想。,,,,open,visually_confirmed,,,work/boya-intermediate/extractions/structured-lesson-02.json
E02-020,boya-intermediate-i-lesson-02,2,真正的朋友,20,survey_report,24,,,,S02-008-04,调查报告,将自己所做的有关“朋友”调查整理成PPT，向全班同学汇报。,,,,open,visually_confirmed,,,work/boya-intermediate/extractions/structured-lesson-02.json
E02-021,boya-intermediate-i-lesson-02,2,真正的朋友,21,research_preparation,26,,,,S02-010-02,查资料,上网查询有关中国古代“桃园三结义”的故事。,,,,open,visually_confirmed,,,work/boya-intermediate/extractions/structured-lesson-02.json
E02-022,boya-intermediate-i-lesson-02,2,真正的朋友,22,classroom_exchange,26,,,,S02-010-03,课堂小组交流,每一种语言中都有关于朋友、友情的说法。请将你们国家语言中关于朋友、友情的说法翻译成汉语（至少三句），在班里和其他同学一起交流。,,,,open,visually_confirmed,,,work/boya-intermediate/extractions/structured-lesson-02.json
E02-023,boya-intermediate-i-lesson-02,2,真正的朋友,23,listening_comprehension_questions,26,,,,S02-011-01,听对话，回答问题,"听对话，回答问题：
1. 女士是什么意思？
2. 男士大学毕业以后想做什么？
3. 女士认为，政府工作人员首先要做的是什么？
4. 男士对那位球员的做法怎么看？
5. 女士觉得这个朋友怎么样？",,"[""A02-008""]",,not_provided_in_source,visually_confirmed,,,work/boya-intermediate/extractions/structured-lesson-02.json
E02-024,boya-intermediate-i-lesson-02,2,真正的朋友,24,listening_multiple_choice,"[26,27]",26–27,,,S02-011-02,选出与所听到的句子意思相近的一项,"选出与所听到的句子意思相近的一项：
1. A. 很多人买电视都抽中了大奖。 B. 很多抽中大奖的人都在买电视。 C. 买电视中大奖的人只是极少数。
2. A. 看见他快要死了，我却不知道怎么去救他。 B. 看见他遇到大的麻烦，我却没能力帮助他。 C. 听说他快要死了，我拿出再多的钱也救不了他了。
3. A. 恋爱双方不要总怀疑对方对自己不忠诚。 B. 恋爱双方不要总是怀疑对方装神弄鬼骗自己。 C. 恋爱双方不要总怀疑对方让别人装神弄鬼来吓唬自己。
4. A. 父母应该教育子女信任别人。 B. 彼此信任是父母对子女进行家庭教育的基础。 C. 父母与子女没有共同话题，所以不知道谈什么。
5. A. 职员要学会和老板共同工作，共同生活。 B. 老板要平等对待每一个职员。 C. 职员要学会处理好与老板的关系。",,"[""A02-009""]",,not_provided_in_source,visually_confirmed,,,work/boya-intermediate/extractions/structured-lesson-02.json
E02-025,boya-intermediate-i-lesson-02,2,真正的朋友,25,guided_speaking,27,,,,S02-011-03,用三至五句话回答问题，并使用画线词语,"用三至五句话回答问题，并使用画线词语：
1. 你最希望结交什么样的朋友？
2. 你希望你的朋友性格幽默吗？为什么？
3. 怎样才能增强课堂学习的趣味性？
4. 当朋友落难急需一笔资金的时候，你是否会帮助他？
5. 怎样做才能得到朋友的信任？
6. 学习的最高境界是什么？",,,,open,visually_confirmed,,,work/boya-intermediate/extractions/structured-lesson-02.json
E02-026,boya-intermediate-i-lesson-02,2,真正的朋友,26,listen_repeat_substitute,27,,,,S02-012-01,听录音，跟读句子，并替换画线词语各说一句话,"听录音，跟读句子，并替换画线词语各说一句话：
1. 这件事很难解决，就是校长来了也没什么办法。
2. 提起北京人的早餐，一般说来，常常就是包子、油条和粥。
3. 刚来这里留学的学生，男同学都会瘦一两公斤，女同学则普遍发胖。
4. 不管你有没有兴趣，反正你必须参加今天的晚会。
5. 我希望找一个和自己专业有关的工作，至于工资，对我来说不重要。",,"[""A02-010""]",,open,visually_confirmed,,,work/boya-intermediate/extractions/structured-lesson-02.json
E02-027,boya-intermediate-i-lesson-02,2,真正的朋友,27,listening_fill_and_reflection,28,,,,S02-012-02,听录音，填空并谈谈自己的感受,"听录音，填空并谈谈自己的感受：
1. 我不喜欢和________的人交朋友，那样我会________的。
2. 我不爱和________的人交往，那样我不能随心所欲地________。
3. 我最怕和________的人在一起，________有什么意思。
4. 我讨厌________的人，总是________，让人难堪。",,"[""A02-011""]",,not_provided_in_source,visually_confirmed,,,work/boya-intermediate/extractions/structured-lesson-02.json
E02-028,boya-intermediate-i-lesson-02,2,真正的朋友,28,listening_fill_blank,28,,,,S02-013-02-01,（一）听第一遍录音，填空,"听第一遍录音，填空：
1. 朋友往往是________的。
2. 毫无疑问，________是我的首选。
3. 友谊应该建立在互相________的基础上。
4. 人在顺境中会有很多“朋友”，而在落难的时候，“朋友”就________了。
5. 人间________最难求。",,"[""A02-012""]",,not_provided_in_source,visually_confirmed,,,work/boya-intermediate/extractions/structured-lesson-02.json
E02-029,boya-intermediate-i-lesson-02,2,真正的朋友,29,listening_true_false,"[28,29]",28–29,,,S02-013-02-02,（二）听第二遍录音，判断正误,"听第二遍录音，判断正误：
1. 在日常生活中，可以成为知己的人有很多。
2. 我最喜欢与道德高尚的人交朋友。
3. 信任是友情的前提。
4. 人的一生能多几个知己就很满足了。",,"[""A02-012""]",,not_provided_in_source,visually_confirmed,,,work/boya-intermediate/extractions/structured-lesson-02.json
E02-030,boya-intermediate-i-lesson-02,2,真正的朋友,30,listening_open_response,29,,,,S02-013-02-03,（三）听后回答,听后回答：总结一下，作者希望和哪几种人交朋友？,,"[""A02-012""]",,open,visually_confirmed,,,work/boya-intermediate/extractions/structured-lesson-02.json
E02-031,boya-intermediate-i-lesson-02,2,真正的朋友,31,pattern_practice,30,,,,S02-014-02,句式练习,"1. 在实际生活中，很多事情人们往往只在嘴上说说，实际做的少，请使用“又有几个呢”举例说明。
2. 哪些事情对你来说是“毫无疑问”要去做的？
3. 下面的词语，随着社会的发展，有了新的含义。请查阅相关资料，了解其含义：
（1）所谓“粉丝”，________
（2）所谓“蚁族”，________
（3）所谓“打酱油”，________",,,,open,visually_confirmed,,,work/boya-intermediate/extractions/structured-lesson-02.json
E02-032,boya-intermediate-i-lesson-02,2,真正的朋友,32,culture_discussion,30,,,,S02-015-01,请你说说,"1. 在你们国家，有哪些关于做人的格言？
2. 怎样识别生活中的真假朋友？",,,,open,visually_confirmed,,,work/boya-intermediate/extractions/structured-lesson-02.json
E02-033,boya-intermediate-i-lesson-02,2,真正的朋友,33,reading_comprehension,31,,,,S02-015-03,读后回答,"读后回答：
1. 请解释一下“仁、义、礼、智、信”的含义，并说说哪一点是最重要的。
2. 你认为现代社会中是否还需要保持“仁、义、礼、智、信”的做人哲学？",,,,open,visually_confirmed,,,work/boya-intermediate/extractions/structured-lesson-02.json
E02-034,boya-intermediate-i-lesson-02,2,真正的朋友,34,culture_comparison,31,,,,S02-015-04,文化对比,在你们国家有没有与“仁、义、礼、智、信”相同或相近的思想体系？如果有，请做一下对比。,,,,open,visually_confirmed,,,work/boya-intermediate/extractions/structured-lesson-02.json
E02-035,boya-intermediate-i-lesson-02,2,真正的朋友,35,paragraph_speaking,31,,,,S02-016-01,成段叙述,叙述一下中国古代“桃园三结义”的故事，并对故事中的人物进行评价。,,,,open,visually_confirmed,,,work/boya-intermediate/extractions/structured-lesson-02.json
E02-036,boya-intermediate-i-lesson-02,2,真正的朋友,36,debate,31,,,,S02-016-02,小辩论,"小辩论：
正方：应该为朋友两肋插刀。
反方：不应该为朋友两肋插刀。",,,,open,visually_confirmed,,,work/boya-intermediate/extractions/structured-lesson-02.json
E02-037,boya-intermediate-i-lesson-02,2,真正的朋友,37,collection,31,,,,S02-016-03,收藏夹,全班同学共同努力，把本课中有关朋友的句子收集到一起，并补充每个同学所在国家有关朋友的语句，做一本《朋友语录》。,,,,open,visually_confirmed,,,work/boya-intermediate/extractions/structured-lesson-02.json
E02-038,boya-intermediate-i-lesson-02,2,真正的朋友,38,group_report,31,,,,S02-016-04,小组报告,学生三四人为一小组，以“什么是真正的朋友”为题，整理一份报告，做成PPT，推选一名代表发言。,,,,open,visually_confirmed,,,work/boya-intermediate/extractions/structured-lesson-02.json
E03-001,boya-intermediate-i-lesson-03,3,宜居之地,1,classroom_exchange,33,,,,S03-002-02,课堂小组交流,下面是旅游景点的类别，你最喜欢去哪些？说说为什么。\n1.名山大川  2.海边  3.古建筑  4.传统民居  5.遗址\n6.异域风情  7.瀑布  8.大都市  9.博物馆  10.寺庙,,,,open,pending_text_fidelity_review,,,work/boya-intermediate/extractions/structured-lesson-03.json
E03-002,boya-intermediate-i-lesson-03,3,宜居之地,2,speech_preparation,33,,,,S03-002-03,三分钟演讲准备,以“给我印象最深的旅游胜地”为题，从以下几方面准备三分钟演讲：\n1.旅游时间  2.国家或地区  3.景观  4.印象,,,,open,pending_text_fidelity_review,,,work/boya-intermediate/extractions/structured-lesson-03.json
E03-003,boya-intermediate-i-lesson-03,3,宜居之地,3,listening_comprehension_questions,34,,,,S03-003-01,听对话，回答问题,听对话，回答问题：\n1.女士为什么要搬家？\n2.他们为什么在海边买别墅？\n3.小区里发生了什么变化？\n4.女士认为住在山上的好处是什么？\n5.男士的父母为什么去南方？,,"[""A03-002""]",,not_provided_in_source,pending_text_fidelity_review,,,work/boya-intermediate/extractions/structured-lesson-03.json
E03-004,boya-intermediate-i-lesson-03,3,宜居之地,4,listening_multiple_choice,34,,,,S03-003-02,选出与所听到的句子意思相近的一项,选出与所听到句子意思相近一项：\n1. A.他们真爱吃菜，把满桌的菜都吃光了。 B.他们真喜欢吃饭，把桌子上的饭都吃光了。 C.他们吃得真多，把桌子上的饭菜都吃光了。\n2. A.参加晚会的人谁都不认识谁。 B.参加晚会的人都不会打扮。 C.参加晚会的人打扮得很奇怪，见面时看不出对方是谁了。\n3. A.这里有很多高楼，但是并不热闹。 B.这里有很多高楼和树林，十分热闹。 C.这里的高楼比树还多，却不是最热闹的地区。\n4. A.他们住在远离海边的山上，过着很安静的生活。 B.他们住的房子前边是海，后边是山，生活十分宁静。 C.他们住在海边的一片田野上，生活很宁静。\n5. A.在森林里散步，会让人心情好，精神愉快。 B.在海边散步，会让人心情平静。 C.在森林里散步，可以呼吸新鲜的空气。,,"[""A03-003""]",,not_provided_in_source,pending_text_fidelity_review,,,work/boya-intermediate/extractions/structured-lesson-03.json
E03-005,boya-intermediate-i-lesson-03,3,宜居之地,5,guided_speaking,"[34,35]",34–35,,,S03-003-03,用三至五句话回答问题，并使用画线词语,用三至五句话回答问题，并使用画线词语：\n1.介绍你们国家的一座宜居城市。\n2.在你居住的城市，有哪些美丽的景象？\n3.你能说出哪些树木属于高大的乔木吗？\n4.假期你喜欢去什么样的地方度假？\n5.你常常欣赏什么音乐？,,,,open,pending_text_fidelity_review,,,work/boya-intermediate/extractions/structured-lesson-03.json
E03-006,boya-intermediate-i-lesson-03,3,宜居之地,6,listen_repeat_comment,35,,,,S03-004-01,听录音，跟读句子，并谈谈自己的看法,听录音，跟读句子，并谈谈自己的看法：\n1.香港这个城市，五光十色，美中不足的是缺少必要的、足够的绿。\n2.我现在明白了，为什么居住在高度现代化城市的人需要度假。他们需要暂时离开喧嚣的城市，离开紧张的生活节奏，亲近自然，以获得片刻的宁静和清闲。\n3.古老的北京也是要高度现代化的，工作节奏、生活节奏也会加快的。,,"[""A03-004""]",,open,pending_text_fidelity_review,,,work/boya-intermediate/extractions/structured-lesson-03.json
E03-007,boya-intermediate-i-lesson-03,3,宜居之地,7,listen_read_make_sentence,35,,,,S03-004-02,听读带有“海”字的成语，了解意思并造句,听读下面带有“海”字的成语，了解成语的意思并造句：\n1.人山人海  2.五湖四海  3.山南海北  4.石沉大海  5.大海捞针  6.八仙过海,,"[""A03-005""]",,open,pending_text_fidelity_review,,,work/boya-intermediate/extractions/structured-lesson-03.json
E03-008,boya-intermediate-i-lesson-03,3,宜居之地,8,listening_fill_blank,36,,,,S03-005-02-01,（一）听第一遍录音，填空,听第一遍录音，填空：\n1.听说那里________，是著名的旅游________，很多中国人冬天都喜欢去那里________。\n2.还有什么比这更让人________的呢？\n3.什么城市的________，工作中的________，全都会忘得________。\n4.许多地方________，________，现代化建筑________了大片的绿地。,,"[""A03-006""]",,not_provided_in_source,pending_text_fidelity_review,,,work/boya-intermediate/extractions/structured-lesson-03.json
E03-009,boya-intermediate-i-lesson-03,3,宜居之地,9,listening_true_false,36,,,,S03-005-02-02,（二）听第二遍录音，判断正误,听第二遍录音，判断正误：\n1.三亚有山有海，风景美极了。\n2.大海有时候风平浪静，有时候狂风巨浪。\n3.沙滩、礁石、海面，都让人感到心里不舒服。\n4.许多海边的旅游胜地已经失去原有的美丽景象了。,,"[""A03-006""]",,not_provided_in_source,pending_text_fidelity_review,,,work/boya-intermediate/extractions/structured-lesson-03.json
E03-010,boya-intermediate-i-lesson-03,3,宜居之地,10,listening_open_response,36,,,,S03-005-02-03,（三）听后回答,听后回答：张明担心的问题是什么？你是否赞同他的观点？,,"[""A03-006""]",,open,pending_text_fidelity_review,,,work/boya-intermediate/extractions/structured-lesson-03.json
E03-011,boya-intermediate-i-lesson-03,3,宜居之地,11,pattern_practice,37,,,,S03-006-02,句式练习,用“时而……时而……”说说下列事物的变化：\n（1）天气：________\n（2）表情：________\n（3）灯光：________,,,,open,pending_text_fidelity_review,,,work/boya-intermediate/extractions/structured-lesson-03.json
E03-012,boya-intermediate-i-lesson-03,3,宜居之地,12,pattern_practice,37,,,,S03-006-02,句式练习,用“还有什么比这更……的呢”造句：\n（1）________（快乐）\n（2）________（感动）\n（3）________（伟大）,,,,open,pending_text_fidelity_review,,,work/boya-intermediate/extractions/structured-lesson-03.json
E03-013,boya-intermediate-i-lesson-03,3,宜居之地,13,pattern_practice,38,,,,S03-006-02,句式练习,用“值得一……”造句：\n（1）________（听）\n（2）________（读）\n（3）________（买）,,,,open,pending_text_fidelity_review,,,work/boya-intermediate/extractions/structured-lesson-03.json
E03-014,boya-intermediate-i-lesson-03,3,宜居之地,14,culture_discussion,38,,,,S03-007-01,请你说说,如果可以自由选择，你希望生活在什么样的环境里？,,,,open,pending_text_fidelity_review,,,work/boya-intermediate/extractions/structured-lesson-03.json
E03-015,boya-intermediate-i-lesson-03,3,宜居之地,15,reading_comprehension,39,,,,S03-007-03,读后回答,读后回答：\n1.北京的街道和公园主要有什么树？\n2.北京的大树和孩子们的生活有什么联系？,,,,open,pending_text_fidelity_review,,,work/boya-intermediate/extractions/structured-lesson-03.json
E03-016,boya-intermediate-i-lesson-03,3,宜居之地,16,speech,39,,,,S03-008-01,三分钟演讲,以“给我印象最深的旅游胜地”为题做三分钟演讲。,,,,open,pending_text_fidelity_review,,,work/boya-intermediate/extractions/structured-lesson-03.json
E03-017,boya-intermediate-i-lesson-03,3,宜居之地,17,simulated_space,39,,,,S03-008-02,模拟空间,你在一家旅游公司工作，现在有客户想要去某个海岛旅行，请你查找有关资料，满足客户的愿望。,,,,open,pending_text_fidelity_review,,,work/boya-intermediate/extractions/structured-lesson-03.json
E03-018,boya-intermediate-i-lesson-03,3,宜居之地,18,international_exchange,39,,,,S03-008-03,国际交流,如果有朋友去你们国家旅游，你会向他们介绍哪些旅游景点？请以PPT形式介绍给大家。,,,,open,pending_text_fidelity_review,,,work/boya-intermediate/extractions/structured-lesson-03.json
E03-019,boya-intermediate-i-lesson-03,3,宜居之地,19,travel_route_design,39,,,,S03-008-04,旅游线路设计,你的朋友有十天假期，想在中国旅游，请你帮他设计一条旅游线路，并简单介绍一下旅游景点以及相关旅游知识。,,,,open,pending_text_fidelity_review,,,work/boya-intermediate/extractions/structured-lesson-03.json
E03-020,boya-intermediate-i-lesson-03,3,宜居之地,20,classroom_exchange,41,,,,S03-010-02,课堂小组交流,在你们国家，农村与城市的生活差别大吗？主要体现在哪些方面？,,,,open,pending_text_fidelity_review,,,work/boya-intermediate/extractions/structured-lesson-03.json
E03-021,boya-intermediate-i-lesson-03,3,宜居之地,21,interview,41,,,,S03-010-03,采访,两三人一组，分组采访五个人（不同年龄、性别、学历、职业等），了解他们对当前住房问题的想法。,,,,open,pending_text_fidelity_review,,,work/boya-intermediate/extractions/structured-lesson-03.json
E03-022,boya-intermediate-i-lesson-03,3,宜居之地,22,listening_comprehension_questions,41,,,,S03-011-01,听对话，回答问题,听对话，回答问题：\n1.孙子考上了大学，张奶奶有什么反应？\n2.孩子考试没考好，女士认为是谁的责任？\n3.女士爬山的速度为什么比以前慢了？\n4.男士为什么没说自己的意见？\n5.女士为什么说话比以前少了？,,"[""A03-008""]",,not_provided_in_source,pending_text_fidelity_review,,,work/boya-intermediate/extractions/structured-lesson-03.json
E03-023,boya-intermediate-i-lesson-03,3,宜居之地,23,guided_speaking,41,,,,S03-011-02,用三至五句话回答问题，并使用画线词语,用三至五句话回答问题，并使用画线词语：\n1.你希望居住的小区具备哪些生活设施？\n2.什么时候你会感觉心里不踏实？\n3.退休以后，你希望自己闲下来享清福还是为社会多出一把力？\n4.当你生活的城市处于雾霾天气时，你会采取什么防护措施？\n5.怎样才能让自己有一个健全的身体？,,,,open,pending_text_fidelity_review,,,work/boya-intermediate/extractions/structured-lesson-03.json
E03-024,boya-intermediate-i-lesson-03,3,宜居之地,24,listen_repeat_substitute,"[41,42]",41–42,,,S03-012-01,听录音，跟读句子，并替换画线词语各说一句话,听录音，跟读句子，并替换画线词语各说一句话：\n1.人们到这里来的目的，是乘坐那些刺激性的游乐设施。\n2.我对这些玩意儿全都不敢领教，一来是自己上了年纪，二来是本不喜欢冒险性的娱乐。\n3.在香港，我极少逛街。\n4.我现在明白了，为什么居住在高度现代化城市的人需要度假。\n5.至少在明朝的时候，北京的大树就很有名了。,,"[""A03-009""]",,open,pending_text_fidelity_review,,,work/boya-intermediate/extractions/structured-lesson-03.json
E03-025,boya-intermediate-i-lesson-03,3,宜居之地,25,listening_repetition,42,,,,S03-012-02,听记句子，谈谈自己的看法,听记句子，谈谈自己的看法,,"[""A03-010""]",,audio_dependent,pending_text_fidelity_review,教材提供三条作答线，未印出待听句子的文字。,,work/boya-intermediate/extractions/structured-lesson-03.json
E03-026,boya-intermediate-i-lesson-03,3,宜居之地,26,listening_fill_blank,"[42,43]",42–43,,,S03-013-02-01,（一）听第一遍录音，填空,听第一遍录音，填空：\n1.上次听说你买了房子，你妈就兴奋得________。\n2.我们接你们来，就是让你们到城市里来________。\n3.你们和我们住在一起，我们工作也就________多了。\n4.我们上年纪的人，不想________了。,,"[""A03-011""]",,not_provided_in_source,pending_text_fidelity_review,,,work/boya-intermediate/extractions/structured-lesson-03.json
E03-027,boya-intermediate-i-lesson-03,3,宜居之地,27,listening_true_false,"[42,43]",42–43,,,S03-013-02-02,（二）听第二遍录音，判断正误,听第二遍录音，判断正误：\n1.儿子去年因为工作忙，过年没回家，父母生气了。\n2.儿子为父母在城市里买了一套房子。\n3.儿子希望父母能和自己住在一起。\n4.父亲拒绝了儿子的请求，不想到城里去住。,,"[""A03-011""]",,not_provided_in_source,pending_text_fidelity_review,,,work/boya-intermediate/extractions/structured-lesson-03.json
E03-028,boya-intermediate-i-lesson-03,3,宜居之地,28,listening_open_response,43,,,,S03-013-02-03,（三）听后回答,听后回答：父亲为什么不愿意去城里住？,,"[""A03-011""]",,open,pending_text_fidelity_review,,,work/boya-intermediate/extractions/structured-lesson-03.json
E03-029,boya-intermediate-i-lesson-03,3,宜居之地,29,pattern_practice,"[43,44]",43–44,,,S03-014-02,句式练习,用“逢人便……”造句：\n（1）________\n（2）________\n（3）________,,,,open,pending_text_fidelity_review,,,work/boya-intermediate/extractions/structured-lesson-03.json
E03-030,boya-intermediate-i-lesson-03,3,宜居之地,30,pattern_completion,44,,,,S03-014-02,句式练习,完成句子：\n（1）我愿意为你作证，不过说好了，________\n（2）我们公司可以为这个项目投资，不过说好了，________\n（3）我同意你和我女儿结婚，不过说好了，________,,,,open,pending_text_fidelity_review,,,work/boya-intermediate/extractions/structured-lesson-03.json
E03-031,boya-intermediate-i-lesson-03,3,宜居之地,31,pattern_completion,44,,,,S03-014-02,句式练习,用“再说”完成句子：\n（1）别去那家商店，人太多了，________\n（2）我周末不想出去，有很多作业要做，________\n（3）不要骑车载人，太危险了，________,,,,open,pending_text_fidelity_review,,,work/boya-intermediate/extractions/structured-lesson-03.json
E03-032,boya-intermediate-i-lesson-03,3,宜居之地,32,culture_discussion,44,,,,S03-015-01,请你说说,请你说说：\n1.哪些情况会造成环境污染？简单介绍一下。\n2.什么是雾霾天气？谈谈你对治理雾霾的建议。,,,,open,pending_text_fidelity_review,,,work/boya-intermediate/extractions/structured-lesson-03.json
E03-033,boya-intermediate-i-lesson-03,3,宜居之地,33,reading_comprehension,45,,,,S03-015-03,读后回答,读后回答：\n1.说出作者选择住在农村而不住在城市的理由。\n2.你同意作者的观点吗？为什么？,,,,open,pending_text_fidelity_review,,,work/boya-intermediate/extractions/structured-lesson-03.json
E03-034,boya-intermediate-i-lesson-03,3,宜居之地,34,debate,45,,,,S03-016-01,小辩论,小辩论：\n正方：在现代社会，住在城市比住在农村好。\n反方：在现代社会，住在城市不如住在农村好。,,,,open,pending_text_fidelity_review,,,work/boya-intermediate/extractions/structured-lesson-03.json
E03-035,boya-intermediate-i-lesson-03,3,宜居之地,35,paragraph_speaking,45,,,,S03-016-02,成段叙述,你们国家在治理环境污染方面采取了哪些措施？取得了哪些效果？,,,,open,pending_text_fidelity_review,,,work/boya-intermediate/extractions/structured-lesson-03.json
E03-036,boya-intermediate-i-lesson-03,3,宜居之地,36,interview_report,45,,,,S03-016-03,采访报告,将“人们对当前住房问题看法”的采访结果，以PPT形式整理出来，各小组推选一位代表发言。,,,,open,pending_text_fidelity_review,,,work/boya-intermediate/extractions/structured-lesson-03.json
E03-037,boya-intermediate-i-lesson-03,3,宜居之地,37,speech,45,,,,S03-016-04,三分钟演讲,如果条件允许，你最希望生活在哪个国家或地区？说说理由。,,,,open,pending_text_fidelity_review,,,work/boya-intermediate/extractions/structured-lesson-03.json
E04-001,boya-intermediate-i-lesson-04,4,地球人的担忧,1,survey_speech_preparation,48,,,,S04-002,课前准备,采访三位朋友，了解他们对核战争、水污染、空气污染、城市化等话题的看法，选择一个话题做三分钟演讲准备。,,,,open,pending_text_fidelity_review,,,work/boya-intermediate/extractions/structured-lesson-04.json
E04-002,boya-intermediate-i-lesson-04,4,地球人的担忧,2,paragraph_speaking_preparation,48,,,,S04-002,课前准备,查阅历史上破坏环境、威胁人类生命的事故资料，就时间、地点、起因和后果做两分钟成段叙述准备。,,,,open,pending_text_fidelity_review,,,work/boya-intermediate/extractions/structured-lesson-04.json
E04-003,boya-intermediate-i-lesson-04,4,地球人的担忧,3,listening_comprehension_questions,48,,,,S04-003,词语理解,听对话，回答6个问题。,,"[""A04-002""]",,not_provided_in_source,pending_text_fidelity_review,,,work/boya-intermediate/extractions/structured-lesson-04.json
E04-004,boya-intermediate-i-lesson-04,4,地球人的担忧,4,listening_multiple_choice,"[48,49]",48–49,,,S04-003,词语理解,选出与所听句子意思相近的一项，共5题。,,"[""A04-003""]",,not_provided_in_source,pending_text_fidelity_review,,,work/boya-intermediate/extractions/structured-lesson-04.json
E04-005,boya-intermediate-i-lesson-04,4,地球人的担忧,5,guided_speaking,49,,,,S04-003,词语理解,用三至五句话回答5个问题，并使用画线词语。,,,,open,pending_text_fidelity_review,,,work/boya-intermediate/extractions/structured-lesson-04.json
E04-006,boya-intermediate-i-lesson-04,4,地球人的担忧,6,listening_fill_blank,49,,,,S04-004,语句理解,听录音，填空并朗读，共5句。,,"[""A04-004""]",,audio_dependent,pending_text_fidelity_review,,,work/boya-intermediate/extractions/structured-lesson-04.json
E04-007,boya-intermediate-i-lesson-04,4,地球人的担忧,7,listening_repetition,50,,,,S04-004,语句理解,听记句子，谈谈自己的看法，共4句。,,"[""A04-005""]",,audio_dependent,pending_text_fidelity_review,,,work/boya-intermediate/extractions/structured-lesson-04.json
E04-008,boya-intermediate-i-lesson-04,4,地球人的担忧,8,listening_debate,"[50,51]",50–51,,,S04-005,语段理解,听小辩论，完成填空、判断正误，并概述正反方主要论点。,,"[""A04-006""]",,audio_dependent,pending_text_fidelity_review,,,work/boya-intermediate/extractions/structured-lesson-04.json
E04-009,boya-intermediate-i-lesson-04,4,地球人的担忧,9,pattern_completion,52,,,,S04-006,口语句式,用“有助于”完成3个句子。,,,,open,pending_text_fidelity_review,,,work/boya-intermediate/extractions/structured-lesson-04.json
E04-010,boya-intermediate-i-lesson-04,4,地球人的担忧,10,pattern_speaking,52,,,,S04-006,口语句式,用“在我看来”谈谈对3个观点的看法。,,,,open,pending_text_fidelity_review,,,work/boya-intermediate/extractions/structured-lesson-04.json
E04-011,boya-intermediate-i-lesson-04,4,地球人的担忧,11,pattern_speaking,52,,,,S04-006,口语句式,用“不说别的，就说……吧”谈谈对环境污染的看法。,,,,open,pending_text_fidelity_review,,,work/boya-intermediate/extractions/structured-lesson-04.json
E04-012,boya-intermediate-i-lesson-04,4,地球人的担忧,12,culture_discussion,52,,,,S04-007,文化知识,说说生产生活给地球带来的危害，以及如何利用现代科技解决污染问题。,,,,open,pending_text_fidelity_review,,,work/boya-intermediate/extractions/structured-lesson-04.json
E04-013,boya-intermediate-i-lesson-04,4,地球人的担忧,13,reading_comprehension,"[52,53]",52–53,,,S04-007,文化知识,阅读《汽车》，回答汽车历史、好处和问题。,,,,open,pending_text_fidelity_review,,,work/boya-intermediate/extractions/structured-lesson-04.json
E04-014,boya-intermediate-i-lesson-04,4,地球人的担忧,14,speech,54,,,,S04-008,拓展练习,根据课前准备选择一个话题做三分钟演讲。,,,,open,pending_text_fidelity_review,,,work/boya-intermediate/extractions/structured-lesson-04.json
E04-015,boya-intermediate-i-lesson-04,4,地球人的担忧,15,classroom_practice,54,,,,S04-008,拓展练习,选看与气候、环境或地球有关的电影，讨论相关内容。,,,,open,pending_text_fidelity_review,,,work/boya-intermediate/extractions/structured-lesson-04.json
E04-016,boya-intermediate-i-lesson-04,4,地球人的担忧,16,paragraph_speaking,54,,,,S04-008,拓展练习,就破坏环境、威胁人类生命的事故做两分钟成段叙述。,,,,open,pending_text_fidelity_review,,,work/boya-intermediate/extractions/structured-lesson-04.json
E04-017,boya-intermediate-i-lesson-04,4,地球人的担忧,17,research_matching,54,,,,S04-008,拓展练习,查找8个环保标识的名称和相关知识并连线介绍。,,,,open,pending_text_fidelity_review,,,work/boya-intermediate/extractions/structured-lesson-04.json
E04-018,boya-intermediate-i-lesson-04,4,地球人的担忧,18,research_preparation,56,,,,S04-010,课前准备,查资料，了解“绿色蔬菜”的准确定义，并结合本国情况交流。,,,,open,pending_text_fidelity_review,,,work/boya-intermediate/extractions/structured-lesson-04.json
E04-019,boya-intermediate-i-lesson-04,4,地球人的担忧,19,survey_report,56,,,,S04-010,课前准备,调查至少5人关于污染、居住地点和解决办法的看法，做成PPT汇报。,,,,open,pending_text_fidelity_review,,,work/boya-intermediate/extractions/structured-lesson-04.json
E04-020,boya-intermediate-i-lesson-04,4,地球人的担忧,20,listening_comprehension_questions,57,,,,S04-011,词语理解,听对话，回答5个问题。,,"[""A04-008""]",,not_provided_in_source,pending_text_fidelity_review,,,work/boya-intermediate/extractions/structured-lesson-04.json
E04-021,boya-intermediate-i-lesson-04,4,地球人的担忧,21,listening_multiple_choice,"[57,58]",57–58,,,S04-011,词语理解,选出与所听句子意思相近的一项，共5题。,,"[""A04-009""]",,not_provided_in_source,pending_text_fidelity_review,,,work/boya-intermediate/extractions/structured-lesson-04.json
E04-022,boya-intermediate-i-lesson-04,4,地球人的担忧,22,guided_speaking,58,,,,S04-011,词语理解,用三至五句话回答5个问题，并使用画线词语。,,,,open,pending_text_fidelity_review,,,work/boya-intermediate/extractions/structured-lesson-04.json
E04-023,boya-intermediate-i-lesson-04,4,地球人的担忧,23,listen_read_describe,58,,,,S04-012,语句理解,听录音并朗读短文，选用画线词语描述家乡或喜欢的风景。,,"[""A04-010""]",,open,pending_text_fidelity_review,,,work/boya-intermediate/extractions/structured-lesson-04.json
E04-024,boya-intermediate-i-lesson-04,4,地球人的担忧,24,listen_repeat_speech,58,,,,S04-012,语句理解,听录音，跟读4个句子，以其中一句为题准备三分钟演讲。,,"[""A04-011""]",,audio_dependent,pending_text_fidelity_review,,,work/boya-intermediate/extractions/structured-lesson-04.json
E04-025,boya-intermediate-i-lesson-04,4,地球人的担忧,25,listening_fill_blank,59,,,,S04-013,语段理解,听第一遍录音，完成核能短文填空。,,"[""A04-012""]",,audio_dependent,pending_text_fidelity_review,,,work/boya-intermediate/extractions/structured-lesson-04.json
E04-026,boya-intermediate-i-lesson-04,4,地球人的担忧,26,listening_true_false,59,,,,S04-013,语段理解,听第二遍录音，判断4句话正误。,,"[""A04-012""]",,audio_dependent,pending_text_fidelity_review,,,work/boya-intermediate/extractions/structured-lesson-04.json
E04-027,boya-intermediate-i-lesson-04,4,地球人的担忧,27,listening_open_response,59,,,,S04-013,语段理解,听后回答：核能是否应当继续开发利用。,,"[""A04-012""]",,open,pending_text_fidelity_review,,,work/boya-intermediate/extractions/structured-lesson-04.json
E04-028,boya-intermediate-i-lesson-04,4,地球人的担忧,28,pattern_dialogue_completion,"[59,60]",59–60,,,S04-014,口语句式,用“怎么能不……呢”完成3组对话。,,,,open,pending_text_fidelity_review,,,work/boya-intermediate/extractions/structured-lesson-04.json
E04-029,boya-intermediate-i-lesson-04,4,地球人的担忧,29,pattern_sentence,60,,,,S04-014,口语句式,用“众所周知”造3个句子。,,,,open,pending_text_fidelity_review,,,work/boya-intermediate/extractions/structured-lesson-04.json
E04-030,boya-intermediate-i-lesson-04,4,地球人的担忧,30,pattern_completion,60,,,,S04-014,口语句式,用“是否……呢”完成3个句子。,,,,open,pending_text_fidelity_review,,,work/boya-intermediate/extractions/structured-lesson-04.json
E04-031,boya-intermediate-i-lesson-04,4,地球人的担忧,31,culture_discussion,61,,,,S04-015,文化知识,介绍全球性传染病，并说明农药对农作物生长的影响。,,,,open,pending_text_fidelity_review,,,work/boya-intermediate/extractions/structured-lesson-04.json
E04-032,boya-intermediate-i-lesson-04,4,地球人的担忧,32,reading_comprehension,61,,,,S04-015,文化知识,阅读《疯牛病》，回答传播方式和对英国的危害。,,,,open,pending_text_fidelity_review,,,work/boya-intermediate/extractions/structured-lesson-04.json
E04-033,boya-intermediate-i-lesson-04,4,地球人的担忧,33,interview_report,61,,,,S04-015,文化知识,采访兽医，了解某种流行病的原因和影响并汇报。,,,,open,pending_text_fidelity_review,,,work/boya-intermediate/extractions/structured-lesson-04.json
E04-034,boya-intermediate-i-lesson-04,4,地球人的担忧,34,paragraph_reading,62,,,,S04-016,拓展练习,写200字短文描述家乡或喜欢的风景并朗读。,,,,open,pending_text_fidelity_review,,,work/boya-intermediate/extractions/structured-lesson-04.json
E04-035,boya-intermediate-i-lesson-04,4,地球人的担忧,35,speech,62,,,,S04-016,拓展练习,根据语句理解练习二做三分钟演讲。,,,,open,pending_text_fidelity_review,,,work/boya-intermediate/extractions/structured-lesson-04.json
E04-036,boya-intermediate-i-lesson-04,4,地球人的担忧,36,survey_report,62,,,,S04-016,拓展练习,将环境污染调查整理成PPT向全班汇报。,,,,open,pending_text_fidelity_review,,,work/boya-intermediate/extractions/structured-lesson-04.json
E04-037,boya-intermediate-i-lesson-04,4,地球人的担忧,37,research_presentation,62,,,,S04-016,拓展练习,查询至少三个世界环境日主题并介绍主要内容。,,,,open,pending_text_fidelity_review,,,work/boya-intermediate/extractions/structured-lesson-04.json
E05-001,boya-intermediate-i-lesson-05,5,音乐的魅力,1,music_preparation,64,,,,S05-002-02,音乐欣赏,准备一首你喜欢的西方古典乐曲，在学完课文后，通过视频或音频为全班同学播放。,,,,open,visually_confirmed,,,work/boya-intermediate/extractions/structured-lesson-05.json
E05-002,boya-intermediate-i-lesson-05,5,音乐的魅力,2,field_practice,64,,,,S05-002-03,课外实践,带上录音、录像设备，去郊区或野外录下大自然的各种声音。,,,,open,visually_confirmed,,,work/boya-intermediate/extractions/structured-lesson-05.json
E05-003,boya-intermediate-i-lesson-05,5,音乐的魅力,3,survey,65,,,,S05-002-04,小调查,"向你的朋友（至少五人）调查以下问题，并在班里总结汇报：
1.你喜欢流行音乐还是古典音乐？
2.你喜欢在家听音乐还是去音乐会现场听？
3.你常常一个人听音乐还是和朋友一起听？
4.听音乐时，你是静心听还是边听边做其他事情？
5.你最喜欢的音乐家是谁？为什么？",,,,open,visually_confirmed,,,work/boya-intermediate/extractions/structured-lesson-05.json
E05-004,boya-intermediate-i-lesson-05,5,音乐的魅力,4,listening_comprehension_questions,65,,,,S05-003-01,听对话，回答问题,听对话，回答问题：1.男士的太太对什么音乐感兴趣？2.他们的观点有什么不同？3.女士的家乡是什么样的？4.男士觉得自己好像在哪儿？5.对爷爷来说，画画儿有什么好处？6.女士的哥哥病好以后有什么变化？,,"[""A05-002""]",,not_provided_in_source,visually_confirmed,,,work/boya-intermediate/extractions/structured-lesson-05.json
E05-005,boya-intermediate-i-lesson-05,5,音乐的魅力,5,listening_multiple_choice,"[65,66]",65–66,,,S05-003-02,选出与所听到的句子意思相近一项,选出与所听到的句子意思相近一项：1.大家都愿意把自己的衣物送给灾区的人们／大家都争着为灾区人民献血／大家都争先恐后地报名去灾区。2.回想过去，再看看现在的生活，两位老人心情激动而无法平静／紧张得要命／感到很失望。3.暑假很快就结束了，小明又回到老人身边上学去了／只好回到城里上学／只好跟着爷爷奶奶回到城里上学。4.他喜欢和狼一起生活在几乎见不到人的深山里／喜欢像狼一样生活在几乎见不到人的深山里／不喜欢像狼一样住在几乎见不到人的深山里。5.我躺在树林中享受着美妙的音乐／躺在树林中使我忘记了城市里吵闹声／这来自大自然的声音好像把我带到了树林中。,,"[""A05-003""]",,not_provided_in_source,visually_confirmed,,,work/boya-intermediate/extractions/structured-lesson-05.json
E05-006,boya-intermediate-i-lesson-05,5,音乐的魅力,6,guided_speaking,66,,,,S05-003-03,用三至五句话回答问题，并使用画线词语,用三至五句话回答问题，并使用画线词语：1.你常听古典音乐还是现代音乐？本国音乐还是外国音乐？说说理由。2.你喜欢去森林、田野、海滨体会大自然中的美妙声音吗？3.你觉得什么样的人是有魅力的人？4.当你的朋友为生活烦恼时，你愿意倾听他的诉说吗？5.有人说，爱情是文学作品中永恒的主题，你觉得呢？,,,,open,visually_confirmed,,,work/boya-intermediate/extractions/structured-lesson-05.json
E05-007,boya-intermediate-i-lesson-05,5,音乐的魅力,7,listen_repeat_comment,66,,,,S05-004-01,听录音，跟读句子，说说自己是否有过类似的感受,听录音，跟读句子，说说自己是否有过类似的感受：1.太阳升起的那一刻，不但风景被唤醒，鸟与虫也都唱起了欢乐的歌。2.这些自然的声音在录音机里显出它特别的美丽。3.乐曲仿佛是一条河，有时轻缓地流动，有时欢快地奔腾。4.音乐是人类为自己建造的天堂，在这里，有心灵的安宁与充实。,,"[""A05-004""]",,open,visually_confirmed,,,work/boya-intermediate/extractions/structured-lesson-05.json
E05-008,boya-intermediate-i-lesson-05,5,音乐的魅力,8,listening_repetition,66,,,,S05-004-02,听记句子，谈谈自己看法,听记句子，谈谈自己看法。教材提供四条作答线，未印出待听句子的文字。,,"[""A05-005""]",,audio_dependent,visually_confirmed,,,work/boya-intermediate/extractions/structured-lesson-05.json
E05-009,boya-intermediate-i-lesson-05,5,音乐的魅力,9,listening_fill_blank,67,,,,S05-005-02-01,（一）听第一遍录音，填空,听第一遍录音，填空：1.一听到雄壮的交响乐曲，我总会____，热血沸腾。2.她更喜欢听轻缓温和的轻音乐，总是____。3.流行音乐往往转瞬即逝，而古典音乐却保持着____。4.置身于美丽的大自然中，你会忘记一周____与____。5.大自然的声音，美得____。,,"[""A05-006""]",,not_provided_in_source,visually_confirmed,,,work/boya-intermediate/extractions/structured-lesson-05.json
E05-010,boya-intermediate-i-lesson-05,5,音乐的魅力,10,listening_true_false,67,,,,S05-005-02-02,（二）听第二遍录音，判断正误,听第二遍录音，判断正误：1.只要有西方的乐团来演奏，张先生和太太就一定要到现场去听。2.李先生几乎每个周末都开车和家人去倾听大自然的声音。3.张先生要带上录音机录下交响乐团演奏的音乐。,,"[""A05-006""]",,not_provided_in_source,visually_confirmed,,,work/boya-intermediate/extractions/structured-lesson-05.json
E05-011,boya-intermediate-i-lesson-05,5,音乐的魅力,11,listening_open_response,67,,,,S05-005-02-03,（三）听后回答,听后回答：张先生和李先生各有什么爱好？请举例说明。,,"[""A05-006""]",,open,visually_confirmed,,,work/boya-intermediate/extractions/structured-lesson-05.json
E05-012,boya-intermediate-i-lesson-05,5,音乐的魅力,12,pattern_completion,68,,,,S05-006-02,句式练习,用“相比之下”完成句子：1.大家都在自觉加班，____。2.这个城市每个地方都很干净，____。3.这家的老人生活得十分开心，____。,,,,open,visually_confirmed,,,work/boya-intermediate/extractions/structured-lesson-05.json
E05-013,boya-intermediate-i-lesson-05,5,音乐的魅力,13,pattern_speaking,68,,,,S05-006-02,句式练习,用“……个没够”造句：1.（吃）____。2.（看）____。3.（聊）____。,,,,open,visually_confirmed,,,work/boya-intermediate/extractions/structured-lesson-05.json
E05-014,boya-intermediate-i-lesson-05,5,音乐的魅力,14,pattern_speaking,69,,,,S05-006-02,句式练习,分别说说什么事物或地方“脏得无法形容／冷得无法形容／热得无法形容／……”,,,,open,visually_confirmed,,,work/boya-intermediate/extractions/structured-lesson-05.json
E05-015,boya-intermediate-i-lesson-05,5,音乐的魅力,15,culture_discussion,69,,,,S05-007-01,请你说说,1.你听过小乐队在室内演奏的经典乐曲吗？如果听过，请谈谈你的感受。2.谈谈你对西方古典音乐的理解。,,,,open,visually_confirmed,,,work/boya-intermediate/extractions/structured-lesson-05.json
E05-016,boya-intermediate-i-lesson-05,5,音乐的魅力,16,reading_comprehension,70,,,,S05-007-03,读后回答,读后回答：1.什么是室内乐？2.室内乐与交响乐的区别是什么？,,,,open,visually_confirmed,,,work/boya-intermediate/extractions/structured-lesson-05.json
E05-017,boya-intermediate-i-lesson-05,5,音乐的魅力,17,work_review,70,,,,S05-008-01,作品评比,将自己去郊区或野外录下的大自然的声音在班里播放，由大家点评。,,,,open,visually_confirmed,,,work/boya-intermediate/extractions/structured-lesson-05.json
E05-018,boya-intermediate-i-lesson-05,5,音乐的魅力,18,music_appreciation,70,,,,S05-008-02,音乐欣赏,播放一首西方经典音乐，简单介绍作曲者，并谈谈对这一乐曲的感受。,,,,open,visually_confirmed,,,work/boya-intermediate/extractions/structured-lesson-05.json
E05-019,boya-intermediate-i-lesson-05,5,音乐的魅力,19,picture_speaking,70,,,,S05-008-03,看图说话,把你旅行中拍下的最美自然风光（如大海、树林、高山、田野等）照片展示给大家看，并说出你感受到的音乐之美。,,,,open,visually_confirmed,,,work/boya-intermediate/extractions/structured-lesson-05.json
E05-020,boya-intermediate-i-lesson-05,5,音乐的魅力,20,survey_report,70,,,,S05-008-04,调查报告,将自己所做的有关“音乐”的调查，做出数字统计，并在班里总结汇报。,,,,open,visually_confirmed,,,work/boya-intermediate/extractions/structured-lesson-05.json
E05-021,boya-intermediate-i-lesson-05,5,音乐的魅力,21,research_preparation,72,,,,S05-010-02,课外实践,登录音乐网站，了解当前排行靠前的一首乐曲的名字、作者、歌词等，准备在课上放给大家听。,,,,open,visually_confirmed,,,work/boya-intermediate/extractions/structured-lesson-05.json
E05-022,boya-intermediate-i-lesson-05,5,音乐的魅力,22,listening_comprehension_questions,72,,,,S05-011-01,听对话，回答问题,听对话，回答问题：1.女士的姐姐为什么起得这么早？2.男士昨晚去哪儿了？3.女士这个周末做什么了？4.男士的母亲为什么身体比以前好了？5.母亲对女士送的礼物是什么态度？6.老板对男士拿下大合同是什么态度？7.女士同意男士的观点吗？8.女士有什么爱好？,,"[""A05-008""]",,not_provided_in_source,visually_confirmed,,,work/boya-intermediate/extractions/structured-lesson-05.json
E05-023,boya-intermediate-i-lesson-05,5,音乐的魅力,23,listening_multiple_choice,"[72,73]",72–73,,,S05-011-02,选出与所听到句子意思相近一项,选出与所听到句子意思相近的一项：1.老板管理职工更严格／老板从不原谅职工过错／你们老板管理更严格。2.等她快十分钟不能再等／有八九个人没来但没时间再等／她很有可能不来了。3.他可能去看电影／可能忘了看电影／是不是不想看电影。4.他学老板讲话学得很像／理解老板的话很准确／和老板模样很像。5.感觉他是在夸我／他说夸我但话里有话让我不舒服／他总在我不舒服时夸我。,,"[""A05-009""]",,not_provided_in_source,visually_confirmed,,,work/boya-intermediate/extractions/structured-lesson-05.json
E05-024,boya-intermediate-i-lesson-05,5,音乐的魅力,24,guided_speaking,73,,,,S05-011-03,用三至五句话回答问题，并使用画线词语,用三至五句话回答问题，并使用画线词语：1.如果你买了一套新房子，你打算把它装修成什么风格？2.你认为什么样的人可以称为顶天立地的人？3.你认为怎样才能处理好同事之间的关系？4.什么时候你会神情专注？5.有的音乐发烧友为了到现场听一场音乐会花很多钱，你觉得值得吗？,,,,open,visually_confirmed,,,work/boya-intermediate/extractions/structured-lesson-05.json
E05-025,boya-intermediate-i-lesson-05,5,音乐的魅力,25,listen_repeat_substitute,73,,,,S05-012-01,听录音，跟读句子，并模仿画线部分的语言形式,听录音，跟读句子，并模仿画线部分的语言形式（A1+而+A2），选用适当形容词各说一句话：1.风穿过竹林，本身就是一种单纯而丰满的音乐。2.海潮的节奏是轻缓而温和的。3.变化不是太大，但却有一种细腻而美丽的风格。4.它们是一种广大而永恒的背景。,,"[""A05-010""]",,open,visually_confirmed,,,work/boya-intermediate/extractions/structured-lesson-05.json
E05-026,boya-intermediate-i-lesson-05,5,音乐的魅力,26,listening_repetition,74,,,,S05-012-02,听记并复述短文,听记并复述短文。教材提供五条作答线，未印出待听短文文字。,,"[""A05-011""]",,audio_dependent,visually_confirmed,,,work/boya-intermediate/extractions/structured-lesson-05.json
E05-027,boya-intermediate-i-lesson-05,5,音乐的魅力,27,listening_fill_blank,74,,,,S05-013-02-01,（一）听第一遍录音，填空,听第一遍录音，填空：1.我家的唱片是不少，不过____是我们家老李买的。2.家里有两个____的玻璃门大书柜，里面全是他买的唱片。3.和老李比起来，我们家老王恐怕是____。4.老李认识了一些____，常常一起去听音乐会。5.看他那____的样子，我都不知道该不该跟他打招呼。,,"[""A05-012""]",,not_provided_in_source,visually_confirmed,,,work/boya-intermediate/extractions/structured-lesson-05.json
E05-028,boya-intermediate-i-lesson-05,5,音乐的魅力,28,listening_true_false,75,,,,S05-013-02-02,（二）听第二遍录音，判断正误,听第二遍录音，判断正误：1.老李只收藏古典和现代风格唱片。2.老王收藏的唱片比老李多。3.老王常常因为听音乐忘了要做的事情。4.老李常常和太太一起去听音乐会，一起去泡音乐酒吧。5.老李和他朋友在街头的演奏很受路人的欢迎。,,"[""A05-012""]",,not_provided_in_source,visually_confirmed,,,work/boya-intermediate/extractions/structured-lesson-05.json
E05-029,boya-intermediate-i-lesson-05,5,音乐的魅力,29,listening_open_response,75,,,,S05-013-02-03,（三）听后回答,听后回答：两位夫人都说自己的丈夫是音乐迷，举例说明他们迷到什么程度。,,"[""A05-012""]",,open,visually_confirmed,,,work/boya-intermediate/extractions/structured-lesson-05.json
E05-030,boya-intermediate-i-lesson-05,5,音乐的魅力,30,pattern_completion,76,,,,S05-014-02,句式练习,完成句子：1.和他们的大学比起来，____。2.和别的饭馆儿比起来，____。3.和这些年轻人比起来，____。,,,,open,visually_confirmed,,,work/boya-intermediate/extractions/structured-lesson-05.json
E05-031,boya-intermediate-i-lesson-05,5,音乐的魅力,31,pattern_speaking,76,,,,S05-014-02,句式练习,用“一V就是+数量词”造句：（1）（讲）（2）（去）（3）（买）（4）（歇）。,,,,open,visually_confirmed,,,work/boya-intermediate/extractions/structured-lesson-05.json
E05-032,boya-intermediate-i-lesson-05,5,音乐的魅力,32,pattern_dialogue,76,,,,S05-014-02,句式练习,用“你还别说”组织对话：（1）A：____ B：____ （2）A：____ B：____,,,,open,visually_confirmed,,,work/boya-intermediate/extractions/structured-lesson-05.json
E05-033,boya-intermediate-i-lesson-05,5,音乐的魅力,33,culture_discussion,76,,,,S05-015-01,请你说说,1.介绍你喜爱的一位音乐家和他的作品。2.简单介绍你们国家民族音乐发展的概况。,,,,open,visually_confirmed,,,work/boya-intermediate/extractions/structured-lesson-05.json
E05-034,boya-intermediate-i-lesson-05,5,音乐的魅力,34,reading_comprehension,77,,,,S05-015-03,读后回答,读后回答：1.贝多芬创作后期遇到了什么困难？2.贝多芬的作品有哪些？,,,,open,visually_confirmed,,,work/boya-intermediate/extractions/structured-lesson-05.json
E05-035,boya-intermediate-i-lesson-05,5,音乐的魅力,35,music_appreciation,77,,,,S05-016-01,音乐欣赏,请将准备好的乐曲播放给大家听，并介绍这首乐曲的相关知识。,,,,open,visually_confirmed,,,work/boya-intermediate/extractions/structured-lesson-05.json
E05-036,boya-intermediate-i-lesson-05,5,音乐的魅力,36,reading_speaking,"[77,78]",77–78,,,S05-016-02,读一读，说一说,查词典，了解下面这些词语的意思，并说说它们与音乐的关系：五音不全、阳关三叠、余音绕梁、曲高和寡、一唱三叹、靡靡之音、荡气回肠、铿锵有力。,,,,open,visually_confirmed,,,work/boya-intermediate/extractions/structured-lesson-05.json
E05-037,boya-intermediate-i-lesson-05,5,音乐的魅力,37,research_presentation,78,,,,S05-016-03,认识音乐名人,上网搜索下面几位音乐家，并简单介绍他们的生平及音乐作品：贝多芬、莫扎特、门德尔松、肖邦。,,,,open,visually_confirmed,,,work/boya-intermediate/extractions/structured-lesson-05.json
E06-001,boya-intermediate-i-lesson-06,6,挑战,1,interview,80,,91,,S06-002-02,采访,采访你的中国朋友，了解他们的梦想与心中的偶像。,,,,open,visually_confirmed,,,work/boya-intermediate/extractions/structured-lesson-06.json
E06-002,boya-intermediate-i-lesson-06,6,挑战,2,speech_preparation,81,,92,,S06-002-03,三分钟演讲准备,以“我喜爱的运动”为题，做三分钟演讲准备。,,,,open,visually_confirmed,,,work/boya-intermediate/extractions/structured-lesson-06.json
E06-003,boya-intermediate-i-lesson-06,6,挑战,3,listening_comprehension_questions,81,,92,,S06-003-01,听对话，回答问题,"听对话，回答问题：
1. 为什么说女士很幸运？
2. 女士觉得男士的弟弟怎么样？
3. 女士希望自己的丈夫怎么样？
4. 他们为什么喜欢看这个艺术团的演出？
5. 男士为什么不能去听音乐会？
6. 女士觉得这首歌怎么样？",,"[""A06-002""]",,not_provided_in_source,visually_confirmed,,,work/boya-intermediate/extractions/structured-lesson-06.json
E06-004,boya-intermediate-i-lesson-06,6,挑战,4,listening_multiple_choice,"[81,82]",81–82,"[92,93]",92–93,S06-003-02,选出与所听到的句子意思相近的一项,"选出与所听到的句子意思相近的一项：
1. A. 我喜欢她，因为她每场网球比赛都会赢。 B. 她是我最喜爱的网球运动员，虽然她比赛常常输。 C. 不管她赢还是输，我都喜欢看她比赛，因为我崇拜她。
2. A. 我不知道那个姑娘是怎么去世的。 B. 我总是梦见发生那起交通事故的可怕场面。 C. 交通事故现场并不可怕。
3. A. 只有完成这个新的高难动作，才有可能取得好成绩。 B. 不能完成这个新的高难动作，你就不能参加比赛。 C. 敢向自己挑战，才能学会这个新的高难动作。
4. A. 我保持这项长跑纪录快八年了。 B. 我打破了这项保持八年的长跑纪录。 C. 这项长跑纪录是我八年多前创造的。
5. A. 他希望每次比赛都能打破世界纪录。 B. 他希望这次比赛能打破自己的纪录。 C. 他希望每次比赛都能超越自己过去的成绩。",,"[""A06-003""]",,not_provided_in_source,visually_confirmed,,,work/boya-intermediate/extractions/structured-lesson-06.json
E06-005,boya-intermediate-i-lesson-06,6,挑战,5,guided_speaking,82,,93,,S06-003-03,用三至五句话回答问题，并使用画线词语,"用三至五句话回答问题，并使用画线词语：
1. 很多人都有自己崇拜的偶像，你的偶像是谁？为什么崇拜他？
2. 现在很多影视明星都有自己的粉丝，你是谁的粉丝？为什么喜欢看这位明星的作品？
3. 你最喜欢的运动项目是什么？你在这个项目上取得过什么样的成绩？
4. 在你们国家或者你居住过的某个国家举办过奥运会吗？什么时候？在哪个城市举办？
5. 如果真的有来世的话，你希望下辈子过什么样的生活？",,,,open,visually_confirmed,,,work/boya-intermediate/extractions/structured-lesson-06.json
E06-006,boya-intermediate-i-lesson-06,6,挑战,6,listen_repeat_substitute,82,,93,,S06-004-01,听录音，跟读句子，并用画线词语各说一句话,"听录音，跟读句子，并用画线词语各说一句话：
1. 即使工作再忙，也不应该忽视对孩子的教育。
2. 市政府修建了多条地铁，这样一来，交通堵塞的问题就解决了。
3. 在外人看来，他们是模范夫妻，其实，他们之间有很多矛盾。
4. 我父母喜欢美术，我和妹妹喜欢音乐，总之，我们全家都喜欢艺术。
5. 他之所以没有赢得这场比赛，是因为他的腿伤使他无法正常发挥。",,"[""A06-004""]",,open,visually_confirmed,,,work/boya-intermediate/extractions/structured-lesson-06.json
E06-007,boya-intermediate-i-lesson-06,6,挑战,7,listen_read_comment,82,,93,,S06-004-02,听录音，有感情地朗读并谈谈自己感受,"听录音，有感情地朗读并谈谈自己感受：
1. 上帝从来不给任何人“最幸福”这三个字，他在所有人的欲望前面设下永恒的距离，公平地给每一个人以局限。
2. 他知道奥林匹斯山上的圣火为何而燃烧，那不是为了一个人把另一个人打败，而是为了有机会表现人类的不屈，命定的局限虽然永远存在，但是不屈的挑战却也从未缺席。
3. 我希望既有一个健美的身体，又有一个领悟了人生意义的灵魂。但是，前者可以向上帝祈祷，后者却必须在千难万苦中靠自己去获得。",,"[""A06-005""]",,open,visually_confirmed,,,work/boya-intermediate/extractions/structured-lesson-06.json
E06-008,boya-intermediate-i-lesson-06,6,挑战,8,listening_fill_blank,83,,94,,S06-005-02-01,（一）听第一遍录音，填空,"（一）听第一遍录音，填空：
1. 我真________自己也变成运动员，去和他们一起比赛。
2. 我最喜欢的________还是田径。
3. 他那________的身材，________的动作，看得让人________。
4. 什么时候再________一项新的________？",,"[""A06-006""]",,not_provided_in_source,visually_confirmed,,,work/boya-intermediate/extractions/structured-lesson-06.json
E06-009,boya-intermediate-i-lesson-06,6,挑战,9,listening_true_false,83,,94,,S06-005-02-02,（二）听第二遍录音，判断正误,"（二）听第二遍录音，判断正误：
1. 男士看了奥运会的拳击、游泳、田径和篮球比赛。
2. 女士看的比赛比男士多。
3. 男士一直保持着一项小学生田径纪录，女士很羡慕。",,"[""A06-006""]",,not_provided_in_source,visually_confirmed,,,work/boya-intermediate/extractions/structured-lesson-06.json
E06-010,boya-intermediate-i-lesson-06,6,挑战,10,listening_open_response,83,,94,,S06-005-02-03,（三）听后回答,（三）听后回答：介绍男士喜欢的运动项目和喜欢观看的比赛。,,"[""A06-006""]",,open,visually_confirmed,,,work/boya-intermediate/extractions/structured-lesson-06.json
E06-011,boya-intermediate-i-lesson-06,6,挑战,11,pattern_completion,"[84,85]",84–85,"[95,96]",95–96,S06-006-02,句式练习,"用“还……呢”完成对话：
（1）A：听说他是一个农业专家。
B：________
（2）A：这所大学是个名校，很多名人都是这里毕业的。
B：________
（3）A：这可是名牌产品。
B：________",,,,open,visually_confirmed,,,work/boya-intermediate/extractions/structured-lesson-06.json
E06-012,boya-intermediate-i-lesson-06,6,挑战,12,pattern_dialogue,85,,96,,S06-006-02,句式练习,"用“有什么V什么”组织对话：
（1）买
A：________
B：________
（2）听
A：________
B：________
（3）用
A：________
B：________
（4）喝
A：________
B：________",,,,open,visually_confirmed,,,work/boya-intermediate/extractions/structured-lesson-06.json
E06-013,boya-intermediate-i-lesson-06,6,挑战,13,pattern_dialogue,85,,96,,S06-006-02,句式练习,"用“巧了”组织对话：
（1）A：________
B：________
（2）A：________
B：________",,,,open,visually_confirmed,,,work/boya-intermediate/extractions/structured-lesson-06.json
E06-014,boya-intermediate-i-lesson-06,6,挑战,14,pattern_completion,85,,96,,S06-006-02,句式练习,"用“这么说来”完成对话：
（1）A：我们公司今年没有招聘计划。
B：________
（2）A：她说她不喜欢抽烟的人。
B：________
（3）A：双方可以通过微信先沟通一下。
B：________",,,,open,visually_confirmed,,,work/boya-intermediate/extractions/structured-lesson-06.json
E06-015,boya-intermediate-i-lesson-06,6,挑战,15,culture_discussion,86,,97,,S06-007-01,请你说说,"请你说说：
1. 上一届奥运会包括哪些比赛项目？
2. 你们国家的运动员在哪些奥运会比赛项目上取得过优秀成绩？",,,,open,visually_confirmed,,,work/boya-intermediate/extractions/structured-lesson-06.json
E06-016,boya-intermediate-i-lesson-06,6,挑战,16,reading_comprehension,86,,97,,S06-007-03,读后回答,"读后回答：
1. 现代奥林匹克运动会是从哪一年开始举行？在哪儿？
2. 什么是奥林匹克精神？著名奥林匹克格言是什么？",,,,open,visually_confirmed,,,work/boya-intermediate/extractions/structured-lesson-06.json
E06-017,boya-intermediate-i-lesson-06,6,挑战,17,speech,87,,98,,S06-008-01,三分钟演讲,以“我喜爱的运动”为题，做三分钟演讲。,,,,open,visually_confirmed,,,work/boya-intermediate/extractions/structured-lesson-06.json
E06-018,boya-intermediate-i-lesson-06,6,挑战,18,classroom_practice,87,,98,,S06-008-02,课堂实践,观看一段体育比赛（如足球、篮球、田径等）的视频，模仿电视解说员对比赛进行解说。,,,,open,visually_confirmed,,,work/boya-intermediate/extractions/structured-lesson-06.json
E06-019,boya-intermediate-i-lesson-06,6,挑战,19,group_report,87,,98,,S06-008-03,小组报告,以小组为单位，通过文字、图片、视频等多种形式，介绍一位优秀运动员的成长过程，并在班里汇报。,,,,open,visually_confirmed,,,work/boya-intermediate/extractions/structured-lesson-06.json
E06-020,boya-intermediate-i-lesson-06,6,挑战,20,interview_report,87,,98,,S06-008-04,采访报告,以“你的梦想与心中的偶像”为题，将自己的采访结果，以PPT等形式在班里汇报。,,,,open,visually_confirmed,,,work/boya-intermediate/extractions/structured-lesson-06.json
E06-021,boya-intermediate-i-lesson-06,6,挑战,21,speech_preparation,89,,100,,S06-010-02,三分钟演讲准备,以“假如我是一个残疾人”为题，做三分钟演讲准备。,,,,open,visually_confirmed,,,work/boya-intermediate/extractions/structured-lesson-06.json
E06-022,boya-intermediate-i-lesson-06,6,挑战,22,person_introduction,89,,100,,S06-010-03,人物介绍,下面是身有残疾却为世界做出重大贡献的伟大人物，查看有关资料，对其中一位人物进行介绍。候选人物：贝多芬、爱迪生、史帝芬·霍金、海伦·凯勒。,,,,open,visually_confirmed,,,work/boya-intermediate/extractions/structured-lesson-06.json
E06-023,boya-intermediate-i-lesson-06,6,挑战,23,listening_comprehension_questions,89,,100,,S06-011-01,听对话，回答问题,"听对话，回答问题：
1. 女士羡慕男士什么？
2. 这些健美操照片怎么样？
3. 女士希望男士怎么样？
4. 男士是怎么评价大海的？
5. 为什么昨晚的舞蹈很受欢迎？
6. 男士是怎么评价故事中古人和大自然的抗争的？",,"[""A06-008""]",,not_provided_in_source,visually_confirmed,,,work/boya-intermediate/extractions/structured-lesson-06.json
E06-024,boya-intermediate-i-lesson-06,6,挑战,24,listening_multiple_choice,90,,101,,S06-011-02,选出与所听到的句子意思相近的一项,"选出与所听到的句子意思相近的一项：
1. A. 我喜欢和爸爸一起在电视上看足球比赛。 B. 爸爸希望我能陪他去现场看足球比赛。 C. 我希望爸爸能和我一起去现场看足球比赛。
2. A. 我弟弟下载的游戏多得都数不过来了。 B. 我弟弟每天都要数一数他下载了多少游戏。 C. 我弟弟下载了多少游戏，他从来没数过。
3. A. 我非常喜欢爷爷画的这幅画儿，常常到他的房间去看。 B. 我非常喜欢爷爷朋友画的这幅画儿，常常到爷爷的房间去看。 C. 这幅画儿是爷爷的朋友画的，我很喜欢，常常去爷爷朋友家看。
4. A. 王老师跳舞的时候很活泼，可是平时很严肃。 B. 王老师是一个很活泼的人，喜欢跳优美的舞蹈。 C. 王老师无论什么时候都很严肃。
5. A. 我喜欢听这首歌，但是不会唱。 B. 我爱听她唱这首歌，总是不由得跟着哼起来。 C. 我喜欢听这首歌，但是不喜欢跟着哼唱。
6. A. 老年舞蹈队的队员们跳起舞来都很快乐。 B. 老年合唱队的队员们唱起歌来都很有节奏感。 C. 老年合唱队队员们唱起歌来都充满感情。",,"[""A06-009""]",,not_provided_in_source,visually_confirmed,,,work/boya-intermediate/extractions/structured-lesson-06.json
E06-025,boya-intermediate-i-lesson-06,6,挑战,25,guided_speaking,90,,101,,S06-011-03,用三至五句话回答问题，并使用画线词语,"用三至五句话回答问题，并使用画线词语：
1. 有人说“教师是人类灵魂的工程师”，你怎么看？
2. 做什么工作需要有坚强的意志？请举例说明。
3. 你认为一个人的能力是天生的还是后天培养的？
4. 介绍一些你喜欢的优美的歌曲或舞蹈。",,,,open,visually_confirmed,,,work/boya-intermediate/extractions/structured-lesson-06.json
E06-026,boya-intermediate-i-lesson-06,6,挑战,26,listen_read_comment,91,,102,,S06-012-01,听录音，有感情地朗读并谈谈自己的感受,"听录音，有感情地朗读并谈谈自己的感受：
1. 即使所有的青藤树都倒了，你也要站着；即使全世界都沉睡了，你也要醒着。
2. 我们每个人都会在有意无意中给别人很多，同样，也会剥夺别人很多。
3. 每一个“别人”都同自己一样充满了渴望：一声呼唤、一个微笑、一道目光、一纸信笺、一个电话、一种关注，甚至仅仅是那么一种认可或容忍，而我们却常常忽略。每个人心中都有一片绿荫，却不能汇成森林；每个人都在呼唤，却总是不能互相应答。",,"[""A06-010""]",,open,visually_confirmed,,,work/boya-intermediate/extractions/structured-lesson-06.json
E06-027,boya-intermediate-i-lesson-06,6,挑战,27,listen_repeat_comment,91,,102,,S06-012-02,听录音，跟读句子，并谈谈自己的看法,"听录音，跟读句子，并谈谈自己的看法：
1. 接受挑战，就可以享受胜利的喜悦。
2. 有勇气承担命运，这才是英雄好汉。
3. 挑战让生命充满乐趣，战胜挑战让生命充满意义。
4. 生命中的挑战并不是要让你陷于停顿，而是要帮助你发现自我。
5. 每一次挑战都是向自己和他人证明能力的一次机会。
6. 感激每一个新的挑战，因为它可以锻造你的意志和品格。",,"[""A06-011""]",,open,visually_confirmed,,,work/boya-intermediate/extractions/structured-lesson-06.json
E06-028,boya-intermediate-i-lesson-06,6,挑战,28,listening_fill_blank,92,,103,,S06-013-02-01,（一）听第一遍录音，填空,"（一）听第一遍录音，填空：
1. 那些________的女孩子，虽然听不到声音，也不能用语言表达自己的________，可是她们却用________的舞蹈，展现她们________。
2. 这些________的少女，以超越自我的________，用________的舞姿向命运挑战。她们________地向世人宣布：我们也能像其他人一样，用美好的身体语言，显示我们向命运抗争________的灵魂。",,"[""A06-012""]",,not_provided_in_source,visually_confirmed,,,work/boya-intermediate/extractions/structured-lesson-06.json
E06-029,boya-intermediate-i-lesson-06,6,挑战,29,listening_true_false,92,,103,,S06-013-02-02,（二）听第二遍录音，判断正误,"（二）听第二遍录音，判断正误：
1. 我曾经在电视上观看过三次残疾人艺术团表演的《千手观音》。
2. 她们有的是由于儿时的一场灾难，丧失了听和说的能力。
3. 看着她们演出后满脸的泪水，我想所有观众都会为这些女孩子祈祷。",,"[""A06-012""]",,not_provided_in_source,visually_confirmed,,,work/boya-intermediate/extractions/structured-lesson-06.json
E06-030,boya-intermediate-i-lesson-06,6,挑战,30,listening_open_response,92,,103,,S06-013-02-03,（三）听后回答,（三）听后回答：简单介绍舞蹈《千手观音》。,,"[""A06-012""]",,open,visually_confirmed,,,work/boya-intermediate/extractions/structured-lesson-06.json
E06-031,boya-intermediate-i-lesson-06,6,挑战,31,pattern_speaking,93,,104,,S06-014-02,句式练习,用“我敢说”对当前的经济形势或社会现象等做一个大胆的预测。,,,,open,visually_confirmed,,,work/boya-intermediate/extractions/structured-lesson-06.json
E06-032,boya-intermediate-i-lesson-06,6,挑战,32,pattern_completion,93,,104,,S06-014-02,句式练习,"用“谁……谁……”完成句子：
（1）我们7点在公园门口集合，________
（2）我看这个小伙子不错，________
（3）这部电影很感人，________",,,,open,visually_confirmed,,,work/boya-intermediate/extractions/structured-lesson-06.json
E06-033,boya-intermediate-i-lesson-06,6,挑战,33,pattern_completion,93,,104,,S06-014-02,句式练习,"用“或许……或许……”完成句子：
（1）暑假去哪儿我还没安排，________
（2）结婚以后住在哪儿我们还没商量，________
（3）他心里到底是怎么想的我还真不清楚，________",,,,open,visually_confirmed,,,work/boya-intermediate/extractions/structured-lesson-06.json
E06-034,boya-intermediate-i-lesson-06,6,挑战,34,culture_discussion,93,,104,,S06-015-01,请你说说,请你说说：你参观过中国的寺庙吗？介绍你参观过的某座寺庙。,,,,open,visually_confirmed,,,work/boya-intermediate/extractions/structured-lesson-06.json
E06-035,boya-intermediate-i-lesson-06,6,挑战,35,reading_comprehension,95,,106,,S06-015-03,读后回答,"读后回答：
1. 佛教的寺庙里为什么要供奉千手观音？
2. 千手观音为什么有一千只手？",,,,open,visually_confirmed,,,work/boya-intermediate/extractions/structured-lesson-06.json
E06-036,boya-intermediate-i-lesson-06,6,挑战,36,viewing_response,95,,106,,S06-015-04,观后谈,观看中国残疾人艺术团表演的舞蹈《千手观音》，谈谈自己的感想。,,,,open,visually_confirmed,,,work/boya-intermediate/extractions/structured-lesson-06.json
E06-037,boya-intermediate-i-lesson-06,6,挑战,37,speech,95,,106,,S06-016-01,三分钟演讲,以“假如我是一个残疾人”为题，做三分钟演讲。,,,,open,visually_confirmed,,,work/boya-intermediate/extractions/structured-lesson-06.json
E06-038,boya-intermediate-i-lesson-06,6,挑战,38,classroom_practice,95,,106,,S06-016-02,课堂实践,看一段残疾人奥运会的视频，对其中精彩而感人的画面进行评述。,,,,open,visually_confirmed,,,work/boya-intermediate/extractions/structured-lesson-06.json
E06-039,boya-intermediate-i-lesson-06,6,挑战,39,paragraph_speaking,95,,106,,S06-016-03,成段叙述,我能为残疾人做些什么？,,,,open,visually_confirmed,,,work/boya-intermediate/extractions/structured-lesson-06.json
E06-040,boya-intermediate-i-lesson-06,6,挑战,40,person_introduction,95,,106,,S06-016-04,人物介绍,介绍一位身有残疾却为世界做出重大贡献的伟大人物。,,,,open,visually_confirmed,,,work/boya-intermediate/extractions/structured-lesson-06.json
E07-001,boya-intermediate-i-lesson-07,7,我的同事,1,transformation,98,,,,S07-02,课堂实践,模仿例词，将所给词语改成“A里AB”的形式，并正确朗读。例：傻气→傻里傻气；糊涂、慌张、哆嗦、古怪、俗气、啰唆。,,,,not_provided_in_source,pending_review,,,work/boya-intermediate/extractions/structured-lesson-07.json
E07-002,boya-intermediate-i-lesson-07,7,我的同事,2,presentation_prep,98,,,,S07-03,三分钟演讲准备,以小组为单位，分别介绍你们国家的人在思想文化或生活习惯方面一些突出的特点，整理成PPT等形式。,,,,open,pending_review,,,work/boya-intermediate/extractions/structured-lesson-07.json
E07-003,boya-intermediate-i-lesson-07,7,我的同事,3,audio_question,98,,,,S07-04,词语理解／听对话，回答问题,女士对男士加班写论文是什么态度？,,,,audio_dependent,pending_review,,,work/boya-intermediate/extractions/structured-lesson-07.json
E07-004,boya-intermediate-i-lesson-07,7,我的同事,4,audio_question,98,,,,S07-04,词语理解／听对话，回答问题,女士为什么不想买车？,,,,audio_dependent,pending_review,,,work/boya-intermediate/extractions/structured-lesson-07.json
E07-005,boya-intermediate-i-lesson-07,7,我的同事,5,audio_question,98,,,,S07-04,词语理解／听对话，回答问题,男士上班为什么迟到了？,,,,audio_dependent,pending_review,,,work/boya-intermediate/extractions/structured-lesson-07.json
E07-006,boya-intermediate-i-lesson-07,7,我的同事,6,audio_question,98,,,,S07-04,词语理解／听对话，回答问题,女士为什么改变了计划？,,,,audio_dependent,pending_review,,,work/boya-intermediate/extractions/structured-lesson-07.json
E07-007,boya-intermediate-i-lesson-07,7,我的同事,7,audio_question,98,,,,S07-04,词语理解／听对话，回答问题,女士为什么不去参加今晚的宴会？,,,,audio_dependent,pending_review,,,work/boya-intermediate/extractions/structured-lesson-07.json
E07-008,boya-intermediate-i-lesson-07,7,我的同事,8,audio_choice,98,,,,S07-05,词语理解／选出与所听到的句子意思相近一项,选出与所听到的句子意思相近一项。1. A我不知道该怎么回答你们关于这次事故的提问。 B关于这次事故调查结果我不知道该告诉谁。 C在这次事故的调查结果出来之后，我才会回答你们的提问。,,,,audio_dependent,pending_review,,,work/boya-intermediate/extractions/structured-lesson-07.json
E07-009,boya-intermediate-i-lesson-07,7,我的同事,9,audio_choice,98,,,,S07-05,词语理解／选出与所听到的句子意思相近一项,2. A他平时很爱生气，因为别人都说他傻。 B他的样子看起来不太聪明，但是他工作能力非常强。 C他平时的样子很傻，干起活儿来更傻。,,,,audio_dependent,pending_review,,,work/boya-intermediate/extractions/structured-lesson-07.json
E07-010,boya-intermediate-i-lesson-07,7,我的同事,10,audio_choice,99,,,,S07-05,词语理解／选出与所听到的句子意思相近一项,3. A这个小孩子做出了高难动作，受到观众的赞美。 B这个小孩子能做高难的动作，让观众叹息不止。 C不应该让这么小的孩子做这么高难的动作。,,,,audio_dependent,pending_review,,,work/boya-intermediate/extractions/structured-lesson-07.json
E07-011,boya-intermediate-i-lesson-07,7,我的同事,11,audio_choice,99,,,,S07-05,词语理解／选出与所听到的句子意思相近一项,4. A明明是他做错了，为什么让我道歉？ B明明是你做错了，怎么还生别人的气呢？ C明明是你做错了，怎么能把责任推到别人身上呢？,,,,audio_dependent,pending_review,,,work/boya-intermediate/extractions/structured-lesson-07.json
E07-012,boya-intermediate-i-lesson-07,7,我的同事,12,speaking,99,,,,S07-06,词语理解／用三至五句话回答问题，并使用画线词语,你认为现在做什么工作容易赚钱？,,,,open,pending_review,,,work/boya-intermediate/extractions/structured-lesson-07.json
E07-013,boya-intermediate-i-lesson-07,7,我的同事,13,speaking,99,,,,S07-06,词语理解／用三至五句话回答问题，并使用画线词语,过年的时候，人们都祝愿对方发财。如果你真的发财了，你最想做的三件事是什么？,,,,open,pending_review,,,work/boya-intermediate/extractions/structured-lesson-07.json
E07-014,boya-intermediate-i-lesson-07,7,我的同事,14,speaking,99,,,,S07-06,词语理解／用三至五句话回答问题，并使用画线词语,爱好与嗜好有什么区别？你有什么嗜好？,,,,open,pending_review,,,work/boya-intermediate/extractions/structured-lesson-07.json
E07-015,boya-intermediate-i-lesson-07,7,我的同事,15,speaking,99,,,,S07-06,词语理解／用三至五句话回答问题，并使用画线词语,你认为哪些话题属于个人隐私？当别人问你一些涉及隐私的问题时，你会怎么回答？,,,,open,pending_review,,,work/boya-intermediate/extractions/structured-lesson-07.json
E07-016,boya-intermediate-i-lesson-07,7,我的同事,16,speaking,99,,,,S07-06,词语理解／用三至五句话回答问题，并使用画线词语,你认为哪些行为是缺少教养的？举例说明。,,,,open,pending_review,,,work/boya-intermediate/extractions/structured-lesson-07.json
E07-017,boya-intermediate-i-lesson-07,7,我的同事,17,speaking,99,,,,S07-06,词语理解／用三至五句话回答问题，并使用画线词语,你最佩服的人是谁？为什么？,,,,open,pending_review,,,work/boya-intermediate/extractions/structured-lesson-07.json
E07-018,boya-intermediate-i-lesson-07,7,我的同事,18,speaking,99,,,,S07-06,词语理解／用三至五句话回答问题，并使用画线词语,在你的成长过程中，你曾经做过什么令你自己或家人朋友感到自豪的事情？,,,,open,pending_review,,,work/boya-intermediate/extractions/structured-lesson-07.json
E07-019,boya-intermediate-i-lesson-07,7,我的同事,19,audio_follow_read,99,,,,S07-07,语句理解／听录音，跟读句子，并用画线词语各说一句话,公司里没有比他更努力工作的人了。听录音，跟读句子，并用画线词语各说一句话。,,,,audio_dependent,pending_review,,,work/boya-intermediate/extractions/structured-lesson-07.json
E07-020,boya-intermediate-i-lesson-07,7,我的同事,20,audio_follow_read,99,,,,S07-07,语句理解／听录音，跟读句子，并用画线词语各说一句话,他是个工作狂，你要叫他不做事，那简直是要他的命。,,,,audio_dependent,pending_review,,,work/boya-intermediate/extractions/structured-lesson-07.json
E07-021,boya-intermediate-i-lesson-07,7,我的同事,21,audio_follow_read,99,,,,S07-07,语句理解／听录音，跟读句子，并用画线词语各说一句话,您的英文地道极了，不比英国人差啊！,,,,audio_dependent,pending_review,,,work/boya-intermediate/extractions/structured-lesson-07.json
E07-022,boya-intermediate-i-lesson-07,7,我的同事,22,audio_follow_read,99,,,,S07-07,语句理解／听录音，跟读句子，并用画线词语各说一句话,不管在北京还是在外地，我都习惯早起早睡。,,,,audio_dependent,pending_review,,,work/boya-intermediate/extractions/structured-lesson-07.json
E07-023,boya-intermediate-i-lesson-07,7,我的同事,23,audio_discussion,99,,,,S07-08,语句理解／听录音，跟读句子，并讨论其意义和使用情境,久仰大名，幸会幸会。,,,,open,pending_review,,,work/boya-intermediate/extractions/structured-lesson-07.json
E07-024,boya-intermediate-i-lesson-07,7,我的同事,24,audio_discussion,99,,,,S07-08,语句理解／听录音，跟读句子，并讨论其意义和使用情境,薄酒一杯，不成敬意。招待不周，请多包涵。雕虫小技，何足挂齿？承蒙关照，不胜感激。,,,,open,pending_review,,,work/boya-intermediate/extractions/structured-lesson-07.json
E07-025,boya-intermediate-i-lesson-07,7,我的同事,25,audio_fill,100,,,,S07-10,语段理解／听对话，做练习,听第一遍录音，填空：老张______就是喝酒，一喝起来就没够。,,,,audio_dependent,pending_review,,,work/boya-intermediate/extractions/structured-lesson-07.json
E07-026,boya-intermediate-i-lesson-07,7,我的同事,26,audio_fill,100,,,,S07-10,语段理解／听对话，做练习,这家伙是一个电脑游戏迷，打起游戏来像______一样。,,,,audio_dependent,pending_review,,,work/boya-intermediate/extractions/structured-lesson-07.json
E07-027,boya-intermediate-i-lesson-07,7,我的同事,27,audio_fill,100,,,,S07-10,语段理解／听对话，做练习,别看他平时傻里傻气的，其实很聪明，挺会______的。,,,,audio_dependent,pending_review,,,work/boya-intermediate/extractions/structured-lesson-07.json
E07-028,boya-intermediate-i-lesson-07,7,我的同事,28,audio_fill,100,,,,S07-10,语段理解／听对话，做练习,最让我们佩服的，是他能摆一桌像样儿的酒席，那______的菜肴常常让大家赞叹不已。,,,,audio_dependent,pending_review,,,work/boya-intermediate/extractions/structured-lesson-07.json
E07-029,boya-intermediate-i-lesson-07,7,我的同事,29,audio_fill,100,,,,S07-10,语段理解／听对话，做练习,这是______，我无可奉告。,,,,audio_dependent,pending_review,,,work/boya-intermediate/extractions/structured-lesson-07.json
E07-030,boya-intermediate-i-lesson-07,7,我的同事,30,audio_true_false,100,,,,S07-10,语段理解／听对话，做练习,老板最喜欢像老张这样的职员。,,,,audio_dependent,pending_review,,,work/boya-intermediate/extractions/structured-lesson-07.json
E07-031,boya-intermediate-i-lesson-07,7,我的同事,31,audio_true_false,100,,,,S07-10,语段理解／听对话，做练习,小张想出国，所以学起外语来像拼命一样。,,,,audio_dependent,pending_review,,,work/boya-intermediate/extractions/structured-lesson-07.json
E07-032,boya-intermediate-i-lesson-07,7,我的同事,32,audio_true_false,100,,,,S07-10,语段理解／听对话，做练习,老张不喜欢打太极拳，但是喜欢写作。,,,,audio_dependent,pending_review,,,work/boya-intermediate/extractions/structured-lesson-07.json
E07-033,boya-intermediate-i-lesson-07,7,我的同事,33,audio_true_false,100,,,,S07-10,语段理解／听对话，做练习,小张年纪小，大张个子高。,,,,audio_dependent,pending_review,,,work/boya-intermediate/extractions/structured-lesson-07.json
E07-034,boya-intermediate-i-lesson-07,7,我的同事,34,audio_open_response,101,,,,S07-10,语段理解／听对话，做练习,听后回答：说说老张、小张和大张各自的优点和缺点。,,,,audio_dependent,pending_review,,,work/boya-intermediate/extractions/structured-lesson-07.json
E07-035,boya-intermediate-i-lesson-07,7,我的同事,35,pattern_practice,102,,,,S07-12,口语句式／句式练习,用“好家伙”组织对话：（1）A：______ B：______,,,,open,pending_review,,,work/boya-intermediate/extractions/structured-lesson-07.json
E07-036,boya-intermediate-i-lesson-07,7,我的同事,36,pattern_practice,102,,,,S07-12,口语句式／句式练习,用“好家伙”组织对话：（2）A：______ B：______,,,,open,pending_review,,,work/boya-intermediate/extractions/structured-lesson-07.json
E07-037,boya-intermediate-i-lesson-07,7,我的同事,37,pattern_practice,102,,,,S07-12,口语句式／句式练习,用“一不……二不……”按要求说一句话：强调“很少花钱”。,,,,open,pending_review,,,work/boya-intermediate/extractions/structured-lesson-07.json
E07-038,boya-intermediate-i-lesson-07,7,我的同事,38,pattern_practice,102,,,,S07-12,口语句式／句式练习,用“一不……二不……”按要求说一句话：强调“没有不良嗜好”。,,,,open,pending_review,,,work/boya-intermediate/extractions/structured-lesson-07.json
E07-039,boya-intermediate-i-lesson-07,7,我的同事,39,pattern_practice,102,,,,S07-12,口语句式／句式练习,用“一不……二不……”按要求说一句话：强调“什么都不会”。,,,,open,pending_review,,,work/boya-intermediate/extractions/structured-lesson-07.json
E07-040,boya-intermediate-i-lesson-07,7,我的同事,40,pattern_practice,102,,,,S07-12,口语句式／句式练习,用“别看”完成对话：（1）A：他那么瘦小，干这么重的体力活儿行吗？ B：______,,,,open,pending_review,,,work/boya-intermediate/extractions/structured-lesson-07.json
E07-041,boya-intermediate-i-lesson-07,7,我的同事,41,pattern_practice,102,,,,S07-12,口语句式／句式练习,用“别看”完成对话：（2）A：这次考试有那么多题，一定很难吧？ B：______,,,,open,pending_review,,,work/boya-intermediate/extractions/structured-lesson-07.json
E07-042,boya-intermediate-i-lesson-07,7,我的同事,42,pattern_practice,102,,,,S07-12,口语句式／句式练习,用“别看”完成对话：（3）A：那么便宜的鞋，质量一定不怎么样。 B：______,,,,open,pending_review,,,work/boya-intermediate/extractions/structured-lesson-07.json
E07-043,boya-intermediate-i-lesson-07,7,我的同事,43,culture_prompt,102,,,,S07-13,文化知识／请你说说,汉语中有许多一词多义的词语，如“打”。列举能和“打”搭配的词语，并说出“打”在词语中的意思。,,,,open,pending_review,,,work/boya-intermediate/extractions/structured-lesson-07.json
E07-044,boya-intermediate-i-lesson-07,7,我的同事,44,culture_prompt,102,,,,S07-13,文化知识／请你说说,介绍你们国家语言中一词多义的现象。,,,,open,pending_review,,,work/boya-intermediate/extractions/structured-lesson-07.json
E07-045,boya-intermediate-i-lesson-07,7,我的同事,45,reading_question,103,,,,S07-15,文化知识／读后回答,什么是谦辞？举例说明。,,,,open,pending_review,,,work/boya-intermediate/extractions/structured-lesson-07.json
E07-046,boya-intermediate-i-lesson-07,7,我的同事,46,reading_question,103,,,,S07-15,文化知识／读后回答,在古代汉语中，用于谦称自己或和自己有关的事物的常用词语有哪些？,,,,open,pending_review,,,work/boya-intermediate/extractions/structured-lesson-07.json
E07-047,boya-intermediate-i-lesson-07,7,我的同事,47,reading_question,103,,,,S07-15,文化知识／读后回答,说出一两个表示谦虚的成语。,,,,open,pending_review,,,work/boya-intermediate/extractions/structured-lesson-07.json
E07-048,boya-intermediate-i-lesson-07,7,我的同事,48,reading_question,103,,,,S07-15,文化知识／读后回答,在现代礼貌用语中，有哪些保留下来的谦辞？举例说明。,,,,open,pending_review,,,work/boya-intermediate/extractions/structured-lesson-07.json
E07-049,boya-intermediate-i-lesson-07,7,我的同事,49,research,103,,,,S07-16,拓展练习／查资料,查资料：找成语，看哪些成语用在自己身上表示谦虚。,,,,open,pending_review,,,work/boya-intermediate/extractions/structured-lesson-07.json
E07-050,boya-intermediate-i-lesson-07,7,我的同事,50,presentation,103,,,,S07-17,拓展练习／三分钟演讲,以“本国人在思想文化或生活习惯方面突出特点”为题，做三分钟演讲。,,,,open,pending_review,,,work/boya-intermediate/extractions/structured-lesson-07.json
E07-051,boya-intermediate-i-lesson-07,7,我的同事,51,oral_extension,104,,,,S07-18,拓展练习／成段叙述,下面是中国人喜爱的几种植物，说说中国人为什么喜爱这些植物：梅花、牡丹、松树、竹子。,,,,open,pending_review,,,work/boya-intermediate/extractions/structured-lesson-07.json
E07-052,boya-intermediate-i-lesson-07,7,我的同事,52,survey,105,,,,S07-20,小调查,调查你认识三至五位公司职员，了解他们在什么情况下会辞去现在的工作，整理出一份调查报告。,,,,open,pending_review,,,work/boya-intermediate/extractions/structured-lesson-07.json
E07-053,boya-intermediate-i-lesson-07,7,我的同事,53,discussion,105,,,,S07-21,课堂讨论,什么样的人可以被称为“老好人”？你愿意做“老好人”吗？为什么？,,,,open,pending_review,,,work/boya-intermediate/extractions/structured-lesson-07.json
E07-054,boya-intermediate-i-lesson-07,7,我的同事,54,presentation_prep,106,,,,S07-22,三分钟演讲准备,人的一生是短暂的，你希望在自己有限的生命中，给这个世界带来什么？,,,,open,pending_review,,,work/boya-intermediate/extractions/structured-lesson-07.json
E07-055,boya-intermediate-i-lesson-07,7,我的同事,55,audio_question,106,,,,S07-23,词语理解／听对话，回答问题,女士今天精神状态怎么样？,,,,audio_dependent,pending_review,,,work/boya-intermediate/extractions/structured-lesson-07.json
E07-056,boya-intermediate-i-lesson-07,7,我的同事,56,audio_question,106,,,,S07-23,词语理解／听对话，回答问题,街上为什么冷冷清清？,,,,audio_dependent,pending_review,,,work/boya-intermediate/extractions/structured-lesson-07.json
E07-057,boya-intermediate-i-lesson-07,7,我的同事,57,audio_question,106,,,,S07-23,词语理解／听对话，回答问题,男士为什么不去爬山？,,,,audio_dependent,pending_review,,,work/boya-intermediate/extractions/structured-lesson-07.json
E07-058,boya-intermediate-i-lesson-07,7,我的同事,58,audio_question,106,,,,S07-23,词语理解／听对话，回答问题,女士为什么不跟大家一起跳舞？,,,,audio_dependent,pending_review,,,work/boya-intermediate/extractions/structured-lesson-07.json
E07-059,boya-intermediate-i-lesson-07,7,我的同事,59,audio_question,106,,,,S07-23,词语理解／听对话，回答问题,小赵怎么了？,,,,audio_dependent,pending_review,,,work/boya-intermediate/extractions/structured-lesson-07.json
E07-060,boya-intermediate-i-lesson-07,7,我的同事,60,speaking,106,,,,S07-24,词语理解／用三至五句话回答问题，并使用画线词语,在你们国家，人们退休以后，一般做什么？,,,,open,pending_review,,,work/boya-intermediate/extractions/structured-lesson-07.json
E07-061,boya-intermediate-i-lesson-07,7,我的同事,61,speaking,106,,,,S07-24,词语理解／用三至五句话回答问题，并使用画线词语,在什么情况下，你会向老板提出辞职？,,,,open,pending_review,,,work/boya-intermediate/extractions/structured-lesson-07.json
E07-062,boya-intermediate-i-lesson-07,7,我的同事,62,speaking,106,,,,S07-24,词语理解／用三至五句话回答问题，并使用画线词语,回想自己过去，你有什么后悔的事情吗？,,,,open,pending_review,,,work/boya-intermediate/extractions/structured-lesson-07.json
E07-063,boya-intermediate-i-lesson-07,7,我的同事,63,speaking,106,,,,S07-24,词语理解／用三至五句话回答问题，并使用画线词语,人类做出哪些推测后来得到了证实？,,,,open,pending_review,,,work/boya-intermediate/extractions/structured-lesson-07.json
E07-064,boya-intermediate-i-lesson-07,7,我的同事,64,audio_fill,106,,,,S07-25,语句理解／听录音，填空并谈谈自己看法,在我看来，世界上没有比中国人更______的了。,,,,audio_dependent,pending_review,,,work/boya-intermediate/extractions/structured-lesson-07.json
E07-065,boya-intermediate-i-lesson-07,7,我的同事,65,audio_fill,106,,,,S07-25,语句理解／听录音，填空并谈谈自己看法,你要是叫一个中国人不做事，那简直是______。,,,,audio_dependent,pending_review,,,work/boya-intermediate/extractions/structured-lesson-07.json
E07-066,boya-intermediate-i-lesson-07,7,我的同事,66,audio_fill,106,,,,S07-25,语句理解／听录音，填空并谈谈自己看法,传统的中国人非常______。,,,,audio_dependent,pending_review,,,work/boya-intermediate/extractions/structured-lesson-07.json
E07-067,boya-intermediate-i-lesson-07,7,我的同事,67,audio_fill,106,,,,S07-25,语句理解／听录音，填空并谈谈自己看法,一般来说，中国人很少______。,,,,audio_dependent,pending_review,,,work/boya-intermediate/extractions/structured-lesson-07.json
E07-068,boya-intermediate-i-lesson-07,7,我的同事,68,audio_fill,107,,,,S07-25,语句理解／听录音，填空并谈谈自己看法,不管中国人到了哪里，他的______都绝不改变。,,,,audio_dependent,pending_review,,,work/boya-intermediate/extractions/structured-lesson-07.json
E07-069,boya-intermediate-i-lesson-07,7,我的同事,69,audio_fill,107,,,,S07-25,语句理解／听录音，填空并谈谈自己看法,中国人非常懂得______的道理。,,,,audio_dependent,pending_review,,,work/boya-intermediate/extractions/structured-lesson-07.json
E07-070,boya-intermediate-i-lesson-07,7,我的同事,70,online_song_discussion,107,,,,S07-26,语句理解／在线听歌曲《中国人》，并谈谈自己的感受,在线听歌曲《中国人》，并谈谈自己的感受。,,,,open,pending_review,,,work/boya-intermediate/extractions/structured-lesson-07.json
E07-071,boya-intermediate-i-lesson-07,7,我的同事,71,audio_fill,107,,,,S07-28,语段理解／听短文，做练习,终于，有人______了：“老王呢？老王怎么没来？”,,,,audio_dependent,pending_review,,,work/boya-intermediate/extractions/structured-lesson-07.json
E07-072,boya-intermediate-i-lesson-07,7,我的同事,72,audio_fill,107,,,,S07-28,语段理解／听短文，做练习,又过了一会儿，这一消息______总经理秘书小李______。,,,,audio_dependent,pending_review,,,work/boya-intermediate/extractions/structured-lesson-07.json
E07-073,boya-intermediate-i-lesson-07,7,我的同事,73,audio_fill,107,,,,S07-28,语段理解／听短文，做练习,上面只写了十个字：____________________。,,,,audio_dependent,pending_review,,,work/boya-intermediate/extractions/structured-lesson-07.json
E07-074,boya-intermediate-i-lesson-07,7,我的同事,74,audio_fill,107,,,,S07-28,语段理解／听短文，做练习,趁着______，该出去走走了。,,,,audio_dependent,pending_review,,,work/boya-intermediate/extractions/structured-lesson-07.json
E07-075,boya-intermediate-i-lesson-07,7,我的同事,75,audio_fill,107,,,,S07-28,语段理解／听短文，做练习,大家似乎都有些______，回想着老王在这里工作时的往事。,,,,audio_dependent,pending_review,,,work/boya-intermediate/extractions/structured-lesson-07.json
E07-076,boya-intermediate-i-lesson-07,7,我的同事,76,audio_true_false,107,,,,S07-28,语段理解／听短文，做练习,大家一走进办公室，就觉得比平时冷了很多。,,,,audio_dependent,pending_review,,,work/boya-intermediate/extractions/structured-lesson-07.json
E07-077,boya-intermediate-i-lesson-07,7,我的同事,77,audio_true_false,107,,,,S07-28,语段理解／听短文，做练习,老王是大家心目中的“老好人”。,,,,audio_dependent,pending_review,,,work/boya-intermediate/extractions/structured-lesson-07.json
E07-078,boya-intermediate-i-lesson-07,7,我的同事,78,audio_true_false,108,,,,S07-28,语段理解／听短文，做练习,老王退休了，他想去世界各地旅行。,,,,audio_dependent,pending_review,,,work/boya-intermediate/extractions/structured-lesson-07.json
E07-079,boya-intermediate-i-lesson-07,7,我的同事,79,audio_true_false,108,,,,S07-28,语段理解／听短文，做练习,大家都没心思工作了，回想着老王在这里工作时的往事。,,,,audio_dependent,pending_review,,,work/boya-intermediate/extractions/structured-lesson-07.json
E07-080,boya-intermediate-i-lesson-07,7,我的同事,80,audio_open_response,108,,,,S07-28,语段理解／听短文，做练习,听后介绍：为什么大家都说老王是一个“老好人”？,,,,audio_dependent,pending_review,,,work/boya-intermediate/extractions/structured-lesson-07.json
E07-081,boya-intermediate-i-lesson-07,7,我的同事,81,pattern_practice,109,,,,S07-30,口语句式／句式练习,用“……（了）许多”造句：（1）热闹。,,,,open,pending_review,,,work/boya-intermediate/extractions/structured-lesson-07.json
E07-082,boya-intermediate-i-lesson-07,7,我的同事,82,pattern_practice,109,,,,S07-30,口语句式／句式练习,用“……（了）许多”造句：（2）进步。,,,,open,pending_review,,,work/boya-intermediate/extractions/structured-lesson-07.json
E07-083,boya-intermediate-i-lesson-07,7,我的同事,83,pattern_practice,109,,,,S07-30,口语句式／句式练习,用“……（了）许多”造句：（3）高。,,,,open,pending_review,,,work/boya-intermediate/extractions/structured-lesson-07.json
E07-084,boya-intermediate-i-lesson-07,7,我的同事,84,pattern_practice,109,,,,S07-30,口语句式／句式练习,用“这是怎么话儿说的”组织对话：A：______ B：______。,,,,open,pending_review,,,work/boya-intermediate/extractions/structured-lesson-07.json
E07-085,boya-intermediate-i-lesson-07,7,我的同事,85,pattern_practice,109,,,,S07-30,口语句式／句式练习,用“说……就……了”造句：（1）下雨。,,,,open,pending_review,,,work/boya-intermediate/extractions/structured-lesson-07.json
E07-086,boya-intermediate-i-lesson-07,7,我的同事,86,pattern_practice,109,,,,S07-30,口语句式／句式练习,用“说……就……了”造句：（2）解决。,,,,open,pending_review,,,work/boya-intermediate/extractions/structured-lesson-07.json
E07-087,boya-intermediate-i-lesson-07,7,我的同事,87,pattern_practice,109,,,,S07-30,口语句式／句式练习,用“说……就……了”造句：（3）结婚。,,,,open,pending_review,,,work/boya-intermediate/extractions/structured-lesson-07.json
E07-088,boya-intermediate-i-lesson-07,7,我的同事,88,culture_prompt,109,,,,S07-31,文化知识／请你说说,介绍你学过的汉语礼貌用语。,,,,open,pending_review,,,work/boya-intermediate/extractions/structured-lesson-07.json
E07-089,boya-intermediate-i-lesson-07,7,我的同事,89,culture_prompt,109,,,,S07-31,文化知识／请你说说,介绍你们国家经常使用的礼貌用语，并翻译成汉语。,,,,open,pending_review,,,work/boya-intermediate/extractions/structured-lesson-07.json
E07-090,boya-intermediate-i-lesson-07,7,我的同事,90,reading_question,110,,,,S07-33,文化知识／读后回答,什么是敬辞？举例说明。,,,,open,pending_review,,,work/boya-intermediate/extractions/structured-lesson-07.json
E07-091,boya-intermediate-i-lesson-07,7,我的同事,91,reading_question,110,,,,S07-33,文化知识／读后回答,在古代汉语中，用于敬称对方、对方的亲属或和对方有关的事物的常用词语有哪些？,,,,open,pending_review,,,work/boya-intermediate/extractions/structured-lesson-07.json
E07-092,boya-intermediate-i-lesson-07,7,我的同事,92,reading_question,110,,,,S07-33,文化知识／读后回答,在现代礼貌用语中，有哪些保留下来的谦辞？举例说明。,,,,open,pending_review,,教材原题写作“谦辞”，与本篇“敬辞”主题不一致，待教师核对。,work/boya-intermediate/extractions/structured-lesson-07.json
E07-093,boya-intermediate-i-lesson-07,7,我的同事,93,oral_extension,110,,,,S07-34,拓展练习／成段叙述,你身边有没有像“老王”这样的“老好人”？简单介绍一下。,,,,open,pending_review,,,work/boya-intermediate/extractions/structured-lesson-07.json
E07-094,boya-intermediate-i-lesson-07,7,我的同事,94,discussion,110,,,,S07-35,拓展练习／课堂讨论,在现代社会里，有的人就像“老王”一样，抱着“世界那么大，我想去看看”的人生态度，宁可辞职，也要去周游全国或全世界，了解当今这个时代。谈谈自己对这种人生态度的看法。,,,,open,pending_review,,,work/boya-intermediate/extractions/structured-lesson-07.json
E07-095,boya-intermediate-i-lesson-07,7,我的同事,95,survey,110,,,,S07-36,拓展练习／调查报告,在什么情况下人们会辞去现在的工作？,,,,open,pending_review,,,work/boya-intermediate/extractions/structured-lesson-07.json
E07-096,boya-intermediate-i-lesson-07,7,我的同事,96,presentation,110,,,,S07-37,拓展练习／三分钟演讲,你希望在自己有限的生命中，给这个世界带来什么？,,,,open,pending_review,,,work/boya-intermediate/extractions/structured-lesson-07.json
E08-001,boya-intermediate-i-lesson-08,8,学汉语的苦恼,1,speech_preparation,113,,,,S08-002,课前准备,围绕学汉字的苦恼和乐趣、记汉字的小窍门儿做三分钟演讲准备。,,,,open,visually_confirmed,,,work/boya-intermediate/extractions/structured-lesson-08.json
E08-002,boya-intermediate-i-lesson-08,8,学汉语的苦恼,2,listening_comprehension_questions,113,,,,S08-003,词语理解,听对话，回答5个问题。,,"[""A08-002""]",,not_provided_in_source,visually_confirmed,,,work/boya-intermediate/extractions/structured-lesson-08.json
E08-003,boya-intermediate-i-lesson-08,8,学汉语的苦恼,3,guided_speaking,113,,,,S08-003,词语理解,用三至五句话回答6个问题，并使用画线词语。,,,,open,visually_confirmed,,,work/boya-intermediate/extractions/structured-lesson-08.json
E08-004,boya-intermediate-i-lesson-08,8,学汉语的苦恼,4,listen_repeat_explain,113,,,,S08-004,语句理解,听录音，跟读句子，并解释画线词语的意思。,,"[""A08-003""]",,audio_dependent,visually_confirmed,,,work/boya-intermediate/extractions/structured-lesson-08.json
E08-005,boya-intermediate-i-lesson-08,8,学汉语的苦恼,5,listen_repeat_speaking,114,,,,S08-004,语句理解,听录音，跟读句子，并用画线词语各说一句话，共5句。,,"[""A08-004""]",,audio_dependent,visually_confirmed,,,work/boya-intermediate/extractions/structured-lesson-08.json
E08-006,boya-intermediate-i-lesson-08,8,学汉语的苦恼,6,listening_fill_blank,114,,,,S08-005,语段理解,听第一遍录音，完成汉字学习对话的5个填空。,,"[""A08-005""]",,audio_dependent,visually_confirmed,,,work/boya-intermediate/extractions/structured-lesson-08.json
E08-007,boya-intermediate-i-lesson-08,8,学汉语的苦恼,7,listening_true_false,115,,,,S08-005,语段理解,听第二遍录音，判断4句话正误。,,"[""A08-005""]",,audio_dependent,visually_confirmed,,,work/boya-intermediate/extractions/structured-lesson-08.json
E08-008,boya-intermediate-i-lesson-08,8,学汉语的苦恼,8,listening_open_response,115,,,,S08-005,语段理解,听后复述形声字概念。,,"[""A08-005""]",,audio_dependent,visually_confirmed,,,work/boya-intermediate/extractions/structured-lesson-08.json
E08-009,boya-intermediate-i-lesson-08,8,学汉语的苦恼,9,pattern_dialogue_completion,115,,,,S08-006,口语句式,用“别提了”完成4组对话。,,,,open,visually_confirmed,,,work/boya-intermediate/extractions/structured-lesson-08.json
E08-010,boya-intermediate-i-lesson-08,8,学汉语的苦恼,10,pattern_examples,116,,,,S08-006,口语句式,用“比方说”为会多种语言、天气寒冷、脾气古怪举例。,,,,open,visually_confirmed,,,work/boya-intermediate/extractions/structured-lesson-08.json
E08-011,boya-intermediate-i-lesson-08,8,学汉语的苦恼,11,pattern_dialogue_completion,116,,,,S08-006,口语句式,用“说得倒容易”完成3组对话。,,,,open,visually_confirmed,,,work/boya-intermediate/extractions/structured-lesson-08.json
E08-012,boya-intermediate-i-lesson-08,8,学汉语的苦恼,12,pattern_inference,116,,,,S08-006,口语句式,用“听你这么一说”完成3组对话。,,,,open,visually_confirmed,,,work/boya-intermediate/extractions/structured-lesson-08.json
E08-013,boya-intermediate-i-lesson-08,8,学汉语的苦恼,13,culture_discussion,117,,,,S08-007,文化知识,比较汉语和本国语言，讨论公共场合不宜谈论的话题和不能直接说的话。,,,,open,visually_confirmed,,,work/boya-intermediate/extractions/structured-lesson-08.json
E08-014,boya-intermediate-i-lesson-08,8,学汉语的苦恼,14,reading_comprehension,"[117,118]",117–118,,,S08-007,文化知识,阅读《禁忌语》，回答3个问题。,,,,open,visually_confirmed,,,work/boya-intermediate/extractions/structured-lesson-08.json
E08-015,boya-intermediate-i-lesson-08,8,学汉语的苦恼,15,speech,118,,,,S08-008,拓展练习,围绕学汉字的苦恼和乐趣、记汉字窍门做三分钟演讲。,,,,open,visually_confirmed,,,work/boya-intermediate/extractions/structured-lesson-08.json
E08-016,boya-intermediate-i-lesson-08,8,学汉语的苦恼,16,character_competition,118,,,,S08-008,拓展练习,分组进行偏旁识字竞赛。,,,,open,visually_confirmed,,,work/boya-intermediate/extractions/structured-lesson-08.json
E08-017,boya-intermediate-i-lesson-08,8,学汉语的苦恼,17,word_competition,118,,,,S08-008,拓展练习,围圈进行带单音节动词组词竞赛。,,,,open,visually_confirmed,,,work/boya-intermediate/extractions/structured-lesson-08.json
E08-018,boya-intermediate-i-lesson-08,8,学汉语的苦恼,18,picture_character_quiz,119,,,,S08-008,拓展练习,看图说出十二生肖中的象形字。,,,,open,visually_confirmed,,,work/boya-intermediate/extractions/structured-lesson-08.json
E08-019,boya-intermediate-i-lesson-08,8,学汉语的苦恼,19,classroom_exchange,120,,,,S08-010,课前准备,解释断句并说明“下雨天留客天留我不留”的不同断句和意思。,,,,open,visually_confirmed,,,work/boya-intermediate/extractions/structured-lesson-08.json
E08-020,boya-intermediate-i-lesson-08,8,学汉语的苦恼,20,research_preparation,120,,,,S08-010,课前准备,整理丹麦作家安徒生及其作品的相关知识。,,,,open,visually_confirmed,,,work/boya-intermediate/extractions/structured-lesson-08.json
E08-021,boya-intermediate-i-lesson-08,8,学汉语的苦恼,21,loanword_table,121,,,,S08-011,词语理解,说明表中外来词的准确意思、来源，并补充例子。,,,,open,visually_confirmed,,,work/boya-intermediate/extractions/structured-lesson-08.json
E08-022,boya-intermediate-i-lesson-08,8,学汉语的苦恼,22,listening_comprehension_questions,121,,,,S08-011,词语理解,听对话，回答6个问题。,,"[""A08-007""]",,not_provided_in_source,visually_confirmed,,,work/boya-intermediate/extractions/structured-lesson-08.json
E08-023,boya-intermediate-i-lesson-08,8,学汉语的苦恼,23,listening_multiple_choice,"[121,122]",121–122,,,S08-011,词语理解,选出与所听句子意思相近的一项，共4题。,,"[""A08-008""]",,not_provided_in_source,visually_confirmed,,,work/boya-intermediate/extractions/structured-lesson-08.json
E08-024,boya-intermediate-i-lesson-08,8,学汉语的苦恼,24,listen_punctuation,122,,,,S08-012,语句理解,朗读3个句子，听录音比较断句和意思。,,"[""A08-009""]",,audio_dependent,visually_confirmed,,,work/boya-intermediate/extractions/structured-lesson-08.json
E08-025,boya-intermediate-i-lesson-08,8,学汉语的苦恼,25,punctuation,122,,,,S08-012,语句理解,给关于李甲待客的故事加标点，再听录音检查断句。,,,,open,visually_confirmed,,,work/boya-intermediate/extractions/structured-lesson-08.json
E08-026,boya-intermediate-i-lesson-08,8,学汉语的苦恼,26,listening_fill_blank,123,,,,S08-013,语段理解,听第一遍录音，完成断句对话的5个填空。,,"[""A08-011""]",,audio_dependent,visually_confirmed,,,work/boya-intermediate/extractions/structured-lesson-08.json
E08-027,boya-intermediate-i-lesson-08,8,学汉语的苦恼,27,listening_true_false,123,,,,S08-013,语段理解,听第二遍录音，判断3句话正误。,,"[""A08-011""]",,audio_dependent,visually_confirmed,,,work/boya-intermediate/extractions/structured-lesson-08.json
E08-028,boya-intermediate-i-lesson-08,8,学汉语的苦恼,28,listening_open_response,123,,,,S08-013,语段理解,听后介绍安娜为什么觉得读课文最难。,,"[""A08-011""]",,audio_dependent,visually_confirmed,,,work/boya-intermediate/extractions/structured-lesson-08.json
E08-029,boya-intermediate-i-lesson-08,8,学汉语的苦恼,29,pattern_dialogue_completion,"[123,124]",123–124,,,S08-014,口语句式,用“对……来说”完成3组对话。,,,,open,visually_confirmed,,,work/boya-intermediate/extractions/structured-lesson-08.json
E08-030,boya-intermediate-i-lesson-08,8,学汉语的苦恼,30,pattern_rewrite,124,,,,S08-014,口语句式,用“……得很”改写3个句子。,,,,open,visually_confirmed,,,work/boya-intermediate/extractions/structured-lesson-08.json
E08-031,boya-intermediate-i-lesson-08,8,学汉语的苦恼,31,pattern_dialogue_completion,125,,,,S08-014,口语句式,用“……归……，不过／可是／但是……”完成3组对话。,,,,open,visually_confirmed,,,work/boya-intermediate/extractions/structured-lesson-08.json
E08-032,boya-intermediate-i-lesson-08,8,学汉语的苦恼,32,culture_discussion,125,,,,S08-015,文化知识,讨论本国不适宜公开谈论的话题和委婉表达方式。,,,,open,visually_confirmed,,,work/boya-intermediate/extractions/structured-lesson-08.json
E08-033,boya-intermediate-i-lesson-08,8,学汉语的苦恼,33,reading_comprehension,"[125,126]",125–126,,,S08-015,文化知识,阅读《委婉语》，回答2个问题。,,,,open,visually_confirmed,,,work/boya-intermediate/extractions/structured-lesson-08.json
E08-034,boya-intermediate-i-lesson-08,8,学汉语的苦恼,34,paragraph_speaking,126,,,,S08-016,拓展练习,讲述自己或朋友学习汉语过程中的一个笑话。,,,,open,visually_confirmed,,,work/boya-intermediate/extractions/structured-lesson-08.json
E08-035,boya-intermediate-i-lesson-08,8,学汉语的苦恼,35,person_presentation,126,,,,S08-016,拓展练习,以多媒体形式介绍安徒生和他的作品。,,,,open,visually_confirmed,,,work/boya-intermediate/extractions/structured-lesson-08.json
E08-036,boya-intermediate-i-lesson-08,8,学汉语的苦恼,36,classroom_column,126,,,,S08-016,拓展练习,收集学习汉语过程中的趣闻，办“趣味汉语”专栏并评比。,,,,open,visually_confirmed,,,work/boya-intermediate/extractions/structured-lesson-08.json
E08-037,boya-intermediate-i-lesson-08,8,学汉语的苦恼,37,classroom_discussion,126,,,,S08-016,拓展练习,向中国朋友了解8个带“打”字词语的现代含义。,,,,open,visually_confirmed,,,work/boya-intermediate/extractions/structured-lesson-08.json
