record_id,lesson_id,lesson_number,lesson_title,order,chinese_simplified,pinyin,pinyin_raw,normalized_text,marked,textbook_page,textbook_page_range,source_pdf_page,source_pdf_page_range,section_id,section_label,part_of_speech,meaning_chinese_from_source,glossary_record_ids,source_note,uncertainty,raw_source_text,extraction_method,audio_asset_ids,review_status,lesson_review_status,translation_status,meaning_english,meaning_vietnamese,usage_register,collocations,example_sentence_source,example_sentence_teacher,character_components,source_file
V01-001,boya-intermediate-i-lesson-01,1,中国人的姓名,1,起名儿,qǐ míngr,qǐ míngr,起名儿,False,1,,12,,S01-002,课前准备,,,,,,起名儿 qǐ míngr,manual_visual_transcription_from_scan_plus_ocr,"[""A01-001""]",pending_review,verified,not_started,,,,,,,,work/boya-intermediate/extractions/structured-lesson-01.json
V01-002,boya-intermediate-i-lesson-01,1,中国人的姓名,2,警告,jǐnggào,jǐnggào,警告,True,1,,12,,S01-002,课前准备,,,,,,警告* jǐnggào,manual_visual_transcription_from_scan_plus_ocr,"[""A01-001""]",pending_review,verified,not_started,,,,,,,,work/boya-intermediate/extractions/structured-lesson-01.json
V01-003,boya-intermediate-i-lesson-01,1,中国人的姓名,3,愣,lèng,lèng,愣,True,1,,12,,S01-002,课前准备,,,,,,愣* lèng,manual_visual_transcription_from_scan_plus_ocr,"[""A01-001""]",pending_review,verified,not_started,,,,,,,,work/boya-intermediate/extractions/structured-lesson-01.json
V01-004,boya-intermediate-i-lesson-01,1,中国人的姓名,4,惊讶,jīngyà,jīngyà,惊讶,True,1,,12,,S01-002,课前准备,,,,,,惊讶* jīngyà,manual_visual_transcription_from_scan_plus_ocr,"[""A01-001""]",pending_review,verified,not_started,,,,,,,,work/boya-intermediate/extractions/structured-lesson-01.json
V01-005,boya-intermediate-i-lesson-01,1,中国人的姓名,5,从小,cóngxiǎo,cóngxiǎo,从小,False,1,,12,,S01-002,课前准备,,,,,,从小 cóngxiǎo,manual_visual_transcription_from_scan_plus_ocr,"[""A01-001""]",pending_review,verified,not_started,,,,,,,,work/boya-intermediate/extractions/structured-lesson-01.json
V01-006,boya-intermediate-i-lesson-01,1,中国人的姓名,6,吃苦,chīkǔ,chīkǔ,吃苦,False,1,,12,,S01-002,课前准备,,,,,,吃苦 chīkǔ,manual_visual_transcription_from_scan_plus_ocr,"[""A01-001""]",pending_review,verified,not_started,,,,,,,,work/boya-intermediate/extractions/structured-lesson-01.json
V01-007,boya-intermediate-i-lesson-01,1,中国人的姓名,7,怨,yuàn,yuàn,怨,False,1,,12,,S01-002,课前准备,,,,,,怨 yuàn,manual_visual_transcription_from_scan_plus_ocr,"[""A01-001""]",pending_review,verified,not_started,,,,,,,,work/boya-intermediate/extractions/structured-lesson-01.json
V01-008,boya-intermediate-i-lesson-01,1,中国人的姓名,8,琢磨,zuómo,zuómo,琢磨,False,1,,12,,S01-002,课前准备,,,,,,琢磨 zuómo,manual_visual_transcription_from_scan_plus_ocr,"[""A01-001""]",pending_review,verified,not_started,,,,,,,,work/boya-intermediate/extractions/structured-lesson-01.json
V01-009,boya-intermediate-i-lesson-01,1,中国人的姓名,9,费尽心机,fèijìn-xīnjī,fèijìn-xīnjī,费尽心机,True,1,,12,,S01-002,课前准备,,,,,,费尽心机* fèijìn-xīnjī,manual_visual_transcription_from_scan_plus_ocr,"[""A01-001""]",pending_review,verified,not_started,,,,,,,,work/boya-intermediate/extractions/structured-lesson-01.json
V01-010,boya-intermediate-i-lesson-01,1,中国人的姓名,10,莫名其妙,mòmíngqímiào,mòmíngqímiào,莫名其妙,True,1,,12,,S01-002,课前准备,,,,,,莫名其妙* mòmíngqímiào,manual_visual_transcription_from_scan_plus_ocr,"[""A01-001""]",pending_review,verified,not_started,,,,,,,,work/boya-intermediate/extractions/structured-lesson-01.json
V01-011,boya-intermediate-i-lesson-01,1,中国人的姓名,11,困惑不解,kùnhuò-bùjiě,kùnhuò-bùjiě,困惑不解,False,1,,12,,S01-002,课前准备,,,,,,困惑不解 kùnhuò-bùjiě,manual_visual_transcription_from_scan_plus_ocr,"[""A01-001""]",pending_review,verified,not_started,,,,,,,,work/boya-intermediate/extractions/structured-lesson-01.json
V01-012,boya-intermediate-i-lesson-01,1,中国人的姓名,12,与众不同,yǔzhòng-bùtóng,yǔzhòng-bùtóng,与众不同,False,2,,13,,S01-002,课前准备,,,,,,与众不同 yǔzhòng-bùtóng,manual_visual_transcription_from_scan_plus_ocr,"[""A01-001""]",pending_review,verified,not_started,,,,,,,,work/boya-intermediate/extractions/structured-lesson-01.json
V01-013,boya-intermediate-i-lesson-01,1,中国人的姓名,13,不约而同,búyuē'értóng,búyuē'értóng,不约而同,True,2,,13,,S01-002,课前准备,,,,,,不约而同* búyuē'értóng,manual_visual_transcription_from_scan_plus_ocr,"[""A01-001""]",pending_review,verified,not_started,,,,,,,,work/boya-intermediate/extractions/structured-lesson-01.json
V01-014,boya-intermediate-i-lesson-01,1,中国人的姓名,14,发音,fāyīn,fāyīn,发音,False,2,,13,,S01-002,课前准备,,,,,,发音 fāyīn,manual_visual_transcription_from_scan_plus_ocr,"[""A01-001""]",pending_review,verified,not_started,,,,,,,,work/boya-intermediate/extractions/structured-lesson-01.json
V01-015,boya-intermediate-i-lesson-01,1,中国人的姓名,15,头等大事,tóuděng dàshì,tóuděng dàshì,头等大事,False,2,,13,,S01-002,课前准备,,,,,,头等大事 tóuděng dàshì,manual_visual_transcription_from_scan_plus_ocr,"[""A01-001""]",pending_review,verified,not_started,,,,,,,,work/boya-intermediate/extractions/structured-lesson-01.json
V01-016,boya-intermediate-i-lesson-01,1,中国人的姓名,16,别扭,bièniu,bièniu,别扭,False,2,,13,,S01-002,课前准备,,,,,,别扭 bièniu,manual_visual_transcription_from_scan_plus_ocr,"[""A01-001""]",pending_review,verified,not_started,,,,,,,,work/boya-intermediate/extractions/structured-lesson-01.json
V01-017,boya-intermediate-i-lesson-01,1,中国人的姓名,17,糟,zāo,zāo,糟,True,2,,13,,S01-002,课前准备,,,,,,糟* zāo,manual_visual_transcription_from_scan_plus_ocr,"[""A01-001""]",pending_review,verified,not_started,,,,,,,,work/boya-intermediate/extractions/structured-lesson-01.json
V01-018,boya-intermediate-i-lesson-01,1,中国人的姓名,18,低调,dīdiào,dīdiào,低调,False,2,,13,,S01-002,课前准备,,,,,,低调 dīdiào,manual_visual_transcription_from_scan_plus_ocr,"[""A01-001""]",pending_review,verified,not_started,,,,,,,,work/boya-intermediate/extractions/structured-lesson-01.json
V01-019,boya-intermediate-i-lesson-01,1,中国人的姓名,19,小子,xiǎozi,xiǎozi,小子,False,2,,13,,S01-002,课前准备,,,,,,小子 xiǎozi,manual_visual_transcription_from_scan_plus_ocr,"[""A01-001""]",pending_review,verified,not_started,,,,,,,,work/boya-intermediate/extractions/structured-lesson-01.json
V01-020,boya-intermediate-i-lesson-01,1,中国人的姓名,20,同音,tóngyīn,tóngyīn,同音,False,2,,13,,S01-002,课前准备,,,,,,同音 tóngyīn,manual_visual_transcription_from_scan_plus_ocr,"[""A01-001""]",pending_review,verified,not_started,,,,,,,,work/boya-intermediate/extractions/structured-lesson-01.json
V01-021,boya-intermediate-i-lesson-01,1,中国人的姓名,21,游戏,yóuxì,yóuxì,游戏,False,2,,13,,S01-002,课前准备,,,,,,游戏 yóuxì,manual_visual_transcription_from_scan_plus_ocr,"[""A01-001""]",pending_review,verified,not_started,,,,,,,,work/boya-intermediate/extractions/structured-lesson-01.json
V01-022,boya-intermediate-i-lesson-01,1,中国人的姓名,22,居然,jūrán,jūrán,居然,True,10,,21,,S01-009,课前准备,,,,,,居然* jūrán,manual_visual_transcription_from_scan_plus_ocr,"[""A01-007""]",pending_review,verified,not_started,,,,,,,,work/boya-intermediate/extractions/structured-lesson-01.json
V01-023,boya-intermediate-i-lesson-01,1,中国人的姓名,23,好奇,hàoqí,hàoqí,好奇,True,10,,21,,S01-009,课前准备,,,,,,好奇* hàoqí,manual_visual_transcription_from_scan_plus_ocr,"[""A01-007""]",pending_review,verified,not_started,,,,,,,,work/boya-intermediate/extractions/structured-lesson-01.json
V01-024,boya-intermediate-i-lesson-01,1,中国人的姓名,24,不由得,bùyóude,bùyóude,不由得,True,10,,21,,S01-009,课前准备,,,,,,不由得* bùyóude,manual_visual_transcription_from_scan_plus_ocr,"[""A01-007""]",pending_review,verified,not_started,,,,,,,,work/boya-intermediate/extractions/structured-lesson-01.json
V01-025,boya-intermediate-i-lesson-01,1,中国人的姓名,25,祖宗,zǔzōng,zǔzōng,祖宗,False,10,,21,,S01-009,课前准备,,,,,,祖宗 zǔzōng,manual_visual_transcription_from_scan_plus_ocr,"[""A01-007""]",pending_review,verified,not_started,,,,,,,,work/boya-intermediate/extractions/structured-lesson-01.json
V01-026,boya-intermediate-i-lesson-01,1,中国人的姓名,26,偏偏,piānpiān,piānpiān,偏偏,True,10,,21,,S01-009,课前准备,,,,,,偏偏* piānpiān,manual_visual_transcription_from_scan_plus_ocr,"[""A01-007""]",pending_review,verified,not_started,,,,,,,,work/boya-intermediate/extractions/structured-lesson-01.json
V01-027,boya-intermediate-i-lesson-01,1,中国人的姓名,27,操心,cāoxīn,cāoxīn,操心,True,10,,21,,S01-009,课前准备,,,,,,操心* cāoxīn,manual_visual_transcription_from_scan_plus_ocr,"[""A01-007""]",pending_review,verified,not_started,,,,,,,,work/boya-intermediate/extractions/structured-lesson-01.json
V01-028,boya-intermediate-i-lesson-01,1,中国人的姓名,28,啼笑皆非,tíxiào-jiēfēi,tíxiào-jiēfēi,啼笑皆非,True,10,,21,,S01-009,课前准备,,,,,,啼笑皆非* tíxiào-jiēfēi,manual_visual_transcription_from_scan_plus_ocr,"[""A01-007""]",pending_review,verified,not_started,,,,,,,,work/boya-intermediate/extractions/structured-lesson-01.json
V01-029,boya-intermediate-i-lesson-01,1,中国人的姓名,29,少见,shǎojiàn,shǎojiàn,少见,False,10,,21,,S01-009,课前准备,,,,,,少见 shǎojiàn,manual_visual_transcription_from_scan_plus_ocr,"[""A01-007""]",pending_review,verified,not_started,,,,,,,,work/boya-intermediate/extractions/structured-lesson-01.json
V01-030,boya-intermediate-i-lesson-01,1,中国人的姓名,30,尊称,zūnchēng,zūnchēng,尊称,False,10,,21,,S01-009,课前准备,,,,,,尊称 zūnchēng,manual_visual_transcription_from_scan_plus_ocr,"[""A01-007""]",pending_review,verified,not_started,,,,,,,,work/boya-intermediate/extractions/structured-lesson-01.json
V01-031,boya-intermediate-i-lesson-01,1,中国人的姓名,31,称呼,chēnghu,chēnghu,称呼,False,10,,21,,S01-009,课前准备,,,,,,称呼 chēnghu,manual_visual_transcription_from_scan_plus_ocr,"[""A01-007""]",pending_review,verified,not_started,,,,,,,,work/boya-intermediate/extractions/structured-lesson-01.json
V01-032,boya-intermediate-i-lesson-01,1,中国人的姓名,32,交往,jiāowǎng,jiāowǎng,交往,False,10,,21,,S01-009,课前准备,,,,,,交往 jiāowǎng,manual_visual_transcription_from_scan_plus_ocr,"[""A01-007""]",pending_review,verified,not_started,,,,,,,,work/boya-intermediate/extractions/structured-lesson-01.json
V01-033,boya-intermediate-i-lesson-01,1,中国人的姓名,33,自古,zìgǔ,zìgǔ,自古,False,10,,21,,S01-009,课前准备,,,,,,自古 zìgǔ,manual_visual_transcription_from_scan_plus_ocr,"[""A01-007""]",pending_review,verified,not_started,,,,,,,,work/boya-intermediate/extractions/structured-lesson-01.json
V01-034,boya-intermediate-i-lesson-01,1,中国人的姓名,34,亲热,qīnrè,qīnrè,亲热,False,10,,21,,S01-009,课前准备,,,,,,亲热 qīnrè,manual_visual_transcription_from_scan_plus_ocr,"[""A01-007""]",pending_review,verified,not_started,,,,,,,,work/boya-intermediate/extractions/structured-lesson-01.json
V02-001,boya-intermediate-i-lesson-02,2,真正的朋友,1,知音,zhīyīn,,,False,17,,,,S02-002-01,词语,,,,,,,,"[""A02-001""]",visually_confirmed,pending_adam_review,not_started,,,,,,,,work/boya-intermediate/extractions/structured-lesson-02.json
V02-002,boya-intermediate-i-lesson-02,2,真正的朋友,2,知己,zhījǐ,,,False,17,,,,S02-002-01,词语,,,,,,,,"[""A02-001""]",visually_confirmed,pending_adam_review,not_started,,,,,,,,work/boya-intermediate/extractions/structured-lesson-02.json
V02-003,boya-intermediate-i-lesson-02,2,真正的朋友,3,感叹,gǎntàn,,,False,17,,,,S02-002-01,词语,,,,,,,,"[""A02-001""]",visually_confirmed,pending_adam_review,not_started,,,,,,,,work/boya-intermediate/extractions/structured-lesson-02.json
V02-004,boya-intermediate-i-lesson-02,2,真正的朋友,4,大多,dàduō,,,False,17,,,,S02-002-01,词语,,,,,,,,"[""A02-001""]",visually_confirmed,pending_adam_review,not_started,,,,,,,,work/boya-intermediate/extractions/structured-lesson-02.json
V02-005,boya-intermediate-i-lesson-02,2,真正的朋友,5,可遇不可求,kě yù bù kě qiú,,,True,17,,,,S02-002-01,词语,,,,,,,,"[""A02-001""]",visually_confirmed,pending_adam_review,not_started,,,,,,,,work/boya-intermediate/extractions/structured-lesson-02.json
V02-006,boya-intermediate-i-lesson-02,2,真正的朋友,6,算得上,suàndeshàng,,,False,17,,,,S02-002-01,词语,,,,,,,,"[""A02-001""]",visually_confirmed,pending_adam_review,not_started,,,,,,,,work/boya-intermediate/extractions/structured-lesson-02.json
V02-007,boya-intermediate-i-lesson-02,2,真正的朋友,7,蛮,mán,,,False,17,,,,S02-002-01,词语,,,,,,,,"[""A02-001""]",visually_confirmed,pending_adam_review,not_started,,,,,,,,work/boya-intermediate/extractions/structured-lesson-02.json
V02-008,boya-intermediate-i-lesson-02,2,真正的朋友,8,品学兼优,pǐnxué-jiānyōu,,,True,17,,,,S02-002-01,词语,,,,,,,,"[""A02-001""]",visually_confirmed,pending_adam_review,not_started,,,,,,,,work/boya-intermediate/extractions/structured-lesson-02.json
V02-009,boya-intermediate-i-lesson-02,2,真正的朋友,9,排练,páiliàn,,,False,17,,,,S02-002-01,词语,,,,,,,,"[""A02-001""]",visually_confirmed,pending_adam_review,not_started,,,,,,,,work/boya-intermediate/extractions/structured-lesson-02.json
V02-010,boya-intermediate-i-lesson-02,2,真正的朋友,10,不再,bú zài,,,False,17,,,,S02-002-01,词语,,,,,,,,"[""A02-001""]",visually_confirmed,pending_adam_review,not_started,,,,,,,,work/boya-intermediate/extractions/structured-lesson-02.json
V02-011,boya-intermediate-i-lesson-02,2,真正的朋友,11,无非,wúfēi,,,False,17,,,,S02-002-01,词语,,,,,,,,"[""A02-001""]",visually_confirmed,pending_adam_review,not_started,,,,,,,,work/boya-intermediate/extractions/structured-lesson-02.json
V02-012,boya-intermediate-i-lesson-02,2,真正的朋友,12,难得,nándé,,,True,18,,,,S02-002-01,词语,,,,,,,,"[""A02-001""]",visually_confirmed,pending_adam_review,not_started,,,,,,,,work/boya-intermediate/extractions/structured-lesson-02.json
V02-013,boya-intermediate-i-lesson-02,2,真正的朋友,13,转眼,zhuǎnyǎn,,,False,18,,,,S02-002-01,词语,,,,,,,,"[""A02-001""]",visually_confirmed,pending_adam_review,not_started,,,,,,,,work/boya-intermediate/extractions/structured-lesson-02.json
V02-014,boya-intermediate-i-lesson-02,2,真正的朋友,14,喜出望外,xǐchūwàngwài,,,True,18,,,,S02-002-01,词语,,,,,,,,"[""A02-001""]",visually_confirmed,pending_adam_review,not_started,,,,,,,,work/boya-intermediate/extractions/structured-lesson-02.json
V02-015,boya-intermediate-i-lesson-02,2,真正的朋友,15,节奏,jiézòu,,,True,18,,,,S02-002-01,词语,,,,,,,,"[""A02-001""]",visually_confirmed,pending_adam_review,not_started,,,,,,,,work/boya-intermediate/extractions/structured-lesson-02.json
V02-016,boya-intermediate-i-lesson-02,2,真正的朋友,16,充实,chōngshí,,,True,18,,,,S02-002-01,词语,,,,,,,,"[""A02-001""]",visually_confirmed,pending_adam_review,not_started,,,,,,,,work/boya-intermediate/extractions/structured-lesson-02.json
V02-017,boya-intermediate-i-lesson-02,2,真正的朋友,17,迷,mí,,,False,18,,,,S02-002-01,词语,,,,,,,,"[""A02-001""]",visually_confirmed,pending_adam_review,not_started,,,,,,,,work/boya-intermediate/extractions/structured-lesson-02.json
V02-018,boya-intermediate-i-lesson-02,2,真正的朋友,18,协会,xiéhuì,,,False,18,,,,S02-002-01,词语,,,,,,,,"[""A02-001""]",visually_confirmed,pending_adam_review,not_started,,,,,,,,work/boya-intermediate/extractions/structured-lesson-02.json
V02-019,boya-intermediate-i-lesson-02,2,真正的朋友,19,（爱好）者,（àihào）zhě,,,False,18,,,,S02-002-01,词语,,,,,,,,"[""A02-001""]",visually_confirmed,pending_adam_review,not_started,,,,,,,,work/boya-intermediate/extractions/structured-lesson-02.json
V02-020,boya-intermediate-i-lesson-02,2,真正的朋友,20,亭子,tíngzi,,,False,18,,,,S02-002-01,词语,,,,,,,,"[""A02-001""]",visually_confirmed,pending_adam_review,not_started,,,,,,,,work/boya-intermediate/extractions/structured-lesson-02.json
V02-021,boya-intermediate-i-lesson-02,2,真正的朋友,21,琴,qín,,,False,18,,,,S02-002-01,词语,,,,,,,,"[""A02-001""]",visually_confirmed,pending_adam_review,not_started,,,,,,,,work/boya-intermediate/extractions/structured-lesson-02.json
V02-022,boya-intermediate-i-lesson-02,2,真正的朋友,22,足够,zúgòu,,,False,18,,,,S02-002-01,词语,,,,,,,,"[""A02-001""]",visually_confirmed,pending_adam_review,not_started,,,,,,,,work/boya-intermediate/extractions/structured-lesson-02.json
V02-023,boya-intermediate-i-lesson-02,2,真正的朋友,1,彼此,bǐcǐ,,,False,25,,,,S02-010-01,词语,,,,,,,,"[""A02-007""]",visually_confirmed,pending_adam_review,not_started,,,,,,,,work/boya-intermediate/extractions/structured-lesson-02.json
V02-024,boya-intermediate-i-lesson-02,2,真正的朋友,2,首选,shǒuxuǎn,,,False,25,,,,S02-010-01,词语,,,,,,,,"[""A02-007""]",visually_confirmed,pending_adam_review,not_started,,,,,,,,work/boya-intermediate/extractions/structured-lesson-02.json
V02-025,boya-intermediate-i-lesson-02,2,真正的朋友,3,着想,zhuóxiǎng,,,False,25,,,,S02-010-01,词语,,,,,,,,"[""A02-007""]",visually_confirmed,pending_adam_review,not_started,,,,,,,,work/boya-intermediate/extractions/structured-lesson-02.json
V02-026,boya-intermediate-i-lesson-02,2,真正的朋友,4,高尚,gāoshàng,,,True,25,,,,S02-010-01,词语,,,,,,,,"[""A02-007""]",visually_confirmed,pending_adam_review,not_started,,,,,,,,work/boya-intermediate/extractions/structured-lesson-02.json
V02-027,boya-intermediate-i-lesson-02,2,真正的朋友,5,患难,huànnàn,,,False,25,,,,S02-010-01,词语,,,,,,,,"[""A02-007""]",visually_confirmed,pending_adam_review,not_started,,,,,,,,work/boya-intermediate/extractions/structured-lesson-02.json
V02-028,boya-intermediate-i-lesson-02,2,真正的朋友,6,屈指可数,qūzhǐ-kěshǔ,,,False,25,,,,S02-010-01,词语,,,,,,,,"[""A02-007""]",visually_confirmed,pending_adam_review,not_started,,,,,,,,work/boya-intermediate/extractions/structured-lesson-02.json
V02-029,boya-intermediate-i-lesson-02,2,真正的朋友,7,见死不救,jiànsǐ-bùjiù,,,False,25,,,,S02-010-01,词语,,,,,,,,"[""A02-007""]",visually_confirmed,pending_adam_review,not_started,,,,,,,,work/boya-intermediate/extractions/structured-lesson-02.json
V02-030,boya-intermediate-i-lesson-02,2,真正的朋友,8,疑神疑鬼,yíshén-yíguǐ,,,False,25,,,,S02-010-01,词语,,,,,,,,"[""A02-007""]",visually_confirmed,pending_adam_review,not_started,,,,,,,,work/boya-intermediate/extractions/structured-lesson-02.json
V02-031,boya-intermediate-i-lesson-02,2,真正的朋友,9,信任,xìnrèn,,,False,25,,,,S02-010-01,词语,,,,,,,,"[""A02-007""]",visually_confirmed,pending_adam_review,not_started,,,,,,,,work/boya-intermediate/extractions/structured-lesson-02.json
V02-032,boya-intermediate-i-lesson-02,2,真正的朋友,10,从何谈起,cóng hé tán qǐ,,,False,25,,,,S02-010-01,词语,,,,,,,,"[""A02-007""]",visually_confirmed,pending_adam_review,not_started,,,,,,,,work/boya-intermediate/extractions/structured-lesson-02.json
V02-033,boya-intermediate-i-lesson-02,2,真正的朋友,11,和睦相处,hémù-xiāngchǔ,,,False,25,,,,S02-010-01,词语,,,,,,,,"[""A02-007""]",visually_confirmed,pending_adam_review,not_started,,,,,,,,work/boya-intermediate/extractions/structured-lesson-02.json
V02-034,boya-intermediate-i-lesson-02,2,真正的朋友,12,结交,jiéjiāo,,,False,25,,,,S02-010-01,词语,,,,,,,,"[""A02-007""]",visually_confirmed,pending_adam_review,not_started,,,,,,,,work/boya-intermediate/extractions/structured-lesson-02.json
V02-035,boya-intermediate-i-lesson-02,2,真正的朋友,13,幽默,yōumò,,,True,25,,,,S02-010-01,词语,,,,,,,,"[""A02-007""]",visually_confirmed,pending_adam_review,not_started,,,,,,,,work/boya-intermediate/extractions/structured-lesson-02.json
V02-036,boya-intermediate-i-lesson-02,2,真正的朋友,14,趣味,qùwèi,,,True,25,,,,S02-010-01,词语,,,,,,,,"[""A02-007""]",visually_confirmed,pending_adam_review,not_started,,,,,,,,work/boya-intermediate/extractions/structured-lesson-02.json
V02-037,boya-intermediate-i-lesson-02,2,真正的朋友,15,落难,luònàn,,,False,25,,,,S02-010-01,词语,,,,,,,,"[""A02-007""]",visually_confirmed,pending_adam_review,not_started,,,,,,,,work/boya-intermediate/extractions/structured-lesson-02.json
V02-038,boya-intermediate-i-lesson-02,2,真正的朋友,16,境界,jìngjiè,,,True,25,,,,S02-010-01,词语,,,,,,,,"[""A02-007""]",visually_confirmed,pending_adam_review,not_started,,,,,,,,work/boya-intermediate/extractions/structured-lesson-02.json
V02-039,boya-intermediate-i-lesson-02,2,真正的朋友,17,毫无疑问,háowú-yíwèn,,,False,26,,,,S02-010-01,词语,,,,,,,,"[""A02-007""]",visually_confirmed,pending_adam_review,not_started,,,,,,,,work/boya-intermediate/extractions/structured-lesson-02.json
V02-040,boya-intermediate-i-lesson-02,2,真正的朋友,18,顺境,shùnjìng,,,False,26,,,,S02-010-01,词语,,,,,,,,"[""A02-007""]",visually_confirmed,pending_adam_review,not_started,,,,,,,,work/boya-intermediate/extractions/structured-lesson-02.json
V02-041,boya-intermediate-i-lesson-02,2,真正的朋友,19,人间,rénjiān,,,False,26,,,,S02-010-01,词语,,,,,,,,"[""A02-007""]",visually_confirmed,pending_adam_review,not_started,,,,,,,,work/boya-intermediate/extractions/structured-lesson-02.json
V02-042,boya-intermediate-i-lesson-02,2,真正的朋友,20,人生,rénshēng,,,False,26,,,,S02-010-01,词语,,,,,,,,"[""A02-007""]",visually_confirmed,pending_adam_review,not_started,,,,,,,,work/boya-intermediate/extractions/structured-lesson-02.json
V03-001,boya-intermediate-i-lesson-03,3,宜居之地,1,宜居,yíjū,,,False,32,,,,S03-002-01,词语,,,,,,,,"[""A03-001""]",pending_text_fidelity_review,pending_adam_review,not_started,,,,,,,,work/boya-intermediate/extractions/structured-lesson-03.json
V03-002,boya-intermediate-i-lesson-03,3,宜居之地,2,喧嚣,xuānxiāo,,,True,32,,,,S03-002-01,词语,,,,,,,,"[""A03-001""]",pending_text_fidelity_review,pending_adam_review,not_started,,,,,,,,work/boya-intermediate/extractions/structured-lesson-03.json
V03-003,boya-intermediate-i-lesson-03,3,宜居之地,3,别墅,biéshù,,,False,32,,,,S03-002-01,词语,,,,,,,,"[""A03-001""]",pending_text_fidelity_review,pending_adam_review,not_started,,,,,,,,work/boya-intermediate/extractions/structured-lesson-03.json
V03-004,boya-intermediate-i-lesson-03,3,宜居之地,4,向往,xiàngwǎng,,,False,32,,,,S03-002-01,词语,,,,,,,,"[""A03-001""]",pending_text_fidelity_review,pending_adam_review,not_started,,,,,,,,work/boya-intermediate/extractions/structured-lesson-03.json
V03-005,boya-intermediate-i-lesson-03,3,宜居之地,5,占用,zhànyòng,,,False,32,,,,S03-002-01,词语,,,,,,,,"[""A03-001""]",pending_text_fidelity_review,pending_adam_review,not_started,,,,,,,,work/boya-intermediate/extractions/structured-lesson-03.json
V03-006,boya-intermediate-i-lesson-03,3,宜居之地,6,绿地,lǜdì,,,False,32,,,,S03-002-01,词语,,,,,,,,"[""A03-001""]",pending_text_fidelity_review,pending_adam_review,not_started,,,,,,,,work/boya-intermediate/extractions/structured-lesson-03.json
V03-007,boya-intermediate-i-lesson-03,3,宜居之地,7,观赏,guānshǎng,,,True,32,,,,S03-002-01,词语,,,,,,,,"[""A03-001""]",pending_text_fidelity_review,pending_adam_review,not_started,,,,,,,,work/boya-intermediate/extractions/structured-lesson-03.json
V03-008,boya-intermediate-i-lesson-03,3,宜居之地,8,清新,qīngxīn,,,False,32,,,,S03-002-01,词语,,,,,,,,"[""A03-001""]",pending_text_fidelity_review,pending_adam_review,not_started,,,,,,,,work/boya-intermediate/extractions/structured-lesson-03.json
V03-009,boya-intermediate-i-lesson-03,3,宜居之地,9,一干二净,yìgān-èrjìng,,,False,32,,,,S03-002-01,词语,,,,,,,,"[""A03-001""]",pending_text_fidelity_review,pending_adam_review,not_started,,,,,,,,work/boya-intermediate/extractions/structured-lesson-03.json
V03-010,boya-intermediate-i-lesson-03,3,宜居之地,10,奇形怪状,qíxíng-guàizhuàng,,,False,32,,,,S03-002-01,词语,,,,,,,,"[""A03-001""]",pending_text_fidelity_review,pending_adam_review,not_started,,,,,,,,work/boya-intermediate/extractions/structured-lesson-03.json
V03-011,boya-intermediate-i-lesson-03,3,宜居之地,11,高楼林立,gāolóu-línlì,,,True,32,,,,S03-002-01,词语,,,,,,,,"[""A03-001""]",pending_text_fidelity_review,pending_adam_review,not_started,,,,,,,,work/boya-intermediate/extractions/structured-lesson-03.json
V03-012,boya-intermediate-i-lesson-03,3,宜居之地,12,依山靠海,yīshān-kàohǎi,,,True,32,,,,S03-002-01,词语,,,,,,,,"[""A03-001""]",pending_text_fidelity_review,pending_adam_review,not_started,,,,,,,,work/boya-intermediate/extractions/structured-lesson-03.json
V03-013,boya-intermediate-i-lesson-03,3,宜居之地,13,宁静,níngjìng,,,True,33,,,,S03-002-01,词语,,,,,,,,"[""A03-001""]",pending_text_fidelity_review,pending_adam_review,not_started,,,,,,,,work/boya-intermediate/extractions/structured-lesson-03.json
V03-014,boya-intermediate-i-lesson-03,3,宜居之地,14,田野,tiányě,,,True,33,,,,S03-002-01,词语,,,,,,,,"[""A03-001""]",pending_text_fidelity_review,pending_adam_review,not_started,,,,,,,,work/boya-intermediate/extractions/structured-lesson-03.json
V03-015,boya-intermediate-i-lesson-03,3,宜居之地,15,心旷神怡,xīnkuàng-shényí,,,False,33,,,,S03-002-01,词语,,,,,,,,"[""A03-001""]",pending_text_fidelity_review,pending_adam_review,not_started,,,,,,,,work/boya-intermediate/extractions/structured-lesson-03.json
V03-016,boya-intermediate-i-lesson-03,3,宜居之地,16,景象,jǐngxiàng,,,False,33,,,,S03-002-01,词语,,,,,,,,"[""A03-001""]",pending_text_fidelity_review,pending_adam_review,not_started,,,,,,,,work/boya-intermediate/extractions/structured-lesson-03.json
V03-017,boya-intermediate-i-lesson-03,3,宜居之地,17,乔木,qiáomù,,,True,33,,,,S03-002-01,词语,,,,,,,,"[""A03-001""]",pending_text_fidelity_review,pending_adam_review,not_started,,,,,,,,work/boya-intermediate/extractions/structured-lesson-03.json
V03-018,boya-intermediate-i-lesson-03,3,宜居之地,18,假期,jiàqī,,,False,33,,,,S03-002-01,词语,,,,,,,,"[""A03-001""]",pending_text_fidelity_review,pending_adam_review,not_started,,,,,,,,work/boya-intermediate/extractions/structured-lesson-03.json
V03-019,boya-intermediate-i-lesson-03,3,宜居之地,19,欣赏,xīnshǎng,,,True,33,,,,S03-002-01,词语,,,,,,,,"[""A03-001""]",pending_text_fidelity_review,pending_adam_review,not_started,,,,,,,,work/boya-intermediate/extractions/structured-lesson-03.json
V03-020,boya-intermediate-i-lesson-03,3,宜居之地,20,胜地,shèngdì,,,False,33,,,,S03-002-01,词语,,,,,,,,"[""A03-001""]",pending_text_fidelity_review,pending_adam_review,not_started,,,,,,,,work/boya-intermediate/extractions/structured-lesson-03.json
V03-021,boya-intermediate-i-lesson-03,3,宜居之地,21,假日,jiàrì,,,False,33,,,,S03-002-01,词语,,,,,,,,"[""A03-001""]",pending_text_fidelity_review,pending_adam_review,not_started,,,,,,,,work/boya-intermediate/extractions/structured-lesson-03.json
V03-022,boya-intermediate-i-lesson-03,3,宜居之地,22,酒店,jiǔdiàn,,,False,33,,,,S03-002-01,词语,,,,,,,,"[""A03-001""]",pending_text_fidelity_review,pending_adam_review,not_started,,,,,,,,work/boya-intermediate/extractions/structured-lesson-03.json
V03-023,boya-intermediate-i-lesson-03,3,宜居之地,23,度假村,dùjiàcūn,,,False,33,,,,S03-002-01,词语,,,,,,,,"[""A03-001""]",pending_text_fidelity_review,pending_adam_review,not_started,,,,,,,,work/boya-intermediate/extractions/structured-lesson-03.json
V03-024,boya-intermediate-i-lesson-03,3,宜居之地,24,沙滩,shātān,,,True,33,,,,S03-002-01,词语,,,,,,,,"[""A03-001""]",pending_text_fidelity_review,pending_adam_review,not_started,,,,,,,,work/boya-intermediate/extractions/structured-lesson-03.json
V03-025,boya-intermediate-i-lesson-03,3,宜居之地,25,翻滚,fāngǔn,,,False,33,,,,S03-002-01,词语,,,,,,,,"[""A03-001""]",pending_text_fidelity_review,pending_adam_review,not_started,,,,,,,,work/boya-intermediate/extractions/structured-lesson-03.json
V03-026,boya-intermediate-i-lesson-03,3,宜居之地,26,礁石,jiāoshí,,,True,33,,,,S03-002-01,词语,,,,,,,,"[""A03-001""]",pending_text_fidelity_review,pending_adam_review,not_started,,,,,,,,work/boya-intermediate/extractions/structured-lesson-03.json
V03-027,boya-intermediate-i-lesson-03,3,宜居之地,27,丛林,cónglín,,,False,33,,,,S03-002-01,词语,,,,,,,,"[""A03-001""]",pending_text_fidelity_review,pending_adam_review,not_started,,,,,,,,work/boya-intermediate/extractions/structured-lesson-03.json
V03-028,boya-intermediate-i-lesson-03,3,宜居之地,28,车如流水,chērú-liúshuǐ,,,True,33,,,,S03-002-01,词语,,,,,,,,"[""A03-001""]",pending_text_fidelity_review,pending_adam_review,not_started,,,,,,,,work/boya-intermediate/extractions/structured-lesson-03.json
V03-029,boya-intermediate-i-lesson-03,3,宜居之地,1,合不拢（嘴）,hé bu lǒng (zuǐ),,,False,40,,,,S03-010-01,词语,,,,,,,,"[""A03-007""]",pending_text_fidelity_review,pending_adam_review,not_started,,,,,,,,work/boya-intermediate/extractions/structured-lesson-03.json
V03-030,boya-intermediate-i-lesson-03,3,宜居之地,2,怪,guài,,,False,40,,,,S03-010-01,词语,,,,,,,,"[""A03-007""]",pending_text_fidelity_review,pending_adam_review,not_started,,,,,,,,work/boya-intermediate/extractions/structured-lesson-03.json
V03-031,boya-intermediate-i-lesson-03,3,宜居之地,3,上年纪,shàng niánjì,,,True,40,,,,S03-010-01,词语,,,,,,,,"[""A03-007""]",pending_text_fidelity_review,pending_adam_review,not_started,,,,,,,,work/boya-intermediate/extractions/structured-lesson-03.json
V03-032,boya-intermediate-i-lesson-03,3,宜居之地,4,搭话,dā huà,,,True,40,,,,S03-010-01,词语,,,,,,,,"[""A03-007""]",pending_text_fidelity_review,pending_adam_review,not_started,,,,,,,,work/boya-intermediate/extractions/structured-lesson-03.json
V03-033,boya-intermediate-i-lesson-03,3,宜居之地,5,惦记,diànjì,,,True,40,,,,S03-010-01,词语,,,,,,,,"[""A03-007""]",pending_text_fidelity_review,pending_adam_review,not_started,,,,,,,,work/boya-intermediate/extractions/structured-lesson-03.json
V03-034,boya-intermediate-i-lesson-03,3,宜居之地,6,设施,shèshī,,,True,40,,,,S03-010-01,词语,,,,,,,,"[""A03-007""]",pending_text_fidelity_review,pending_adam_review,not_started,,,,,,,,work/boya-intermediate/extractions/structured-lesson-03.json
V03-035,boya-intermediate-i-lesson-03,3,宜居之地,7,踏实,tāshi,,,False,40,,,,S03-010-01,词语,,,,,,,,"[""A03-007""]",pending_text_fidelity_review,pending_adam_review,not_started,,,,,,,,work/boya-intermediate/extractions/structured-lesson-03.json
V03-036,boya-intermediate-i-lesson-03,3,宜居之地,8,退休,tuìxiū,,,False,40,,,,S03-010-01,词语,,,,,,,,"[""A03-007""]",pending_text_fidelity_review,pending_adam_review,not_started,,,,,,,,work/boya-intermediate/extractions/structured-lesson-03.json
V03-037,boya-intermediate-i-lesson-03,3,宜居之地,9,享（清福）,xiǎng (qīngfú),,,False,40,,,,S03-010-01,词语,,,,,,,,"[""A03-007""]",pending_text_fidelity_review,pending_adam_review,not_started,,,,,,,,work/boya-intermediate/extractions/structured-lesson-03.json
V03-038,boya-intermediate-i-lesson-03,3,宜居之地,10,雾霾,wùmái,,,False,40,,,,S03-010-01,词语,,,,,,,,"[""A03-007""]",pending_text_fidelity_review,pending_adam_review,not_started,,,,,,,,work/boya-intermediate/extractions/structured-lesson-03.json
V03-039,boya-intermediate-i-lesson-03,3,宜居之地,11,健全,jiànquán,,,False,40,,,,S03-010-01,词语,,,,,,,,"[""A03-007""]",pending_text_fidelity_review,pending_adam_review,not_started,,,,,,,,work/boya-intermediate/extractions/structured-lesson-03.json
V03-040,boya-intermediate-i-lesson-03,3,宜居之地,12,装修,zhuāngxiū,,,False,40,,,,S03-010-01,词语,,,,,,,,"[""A03-007""]",pending_text_fidelity_review,pending_adam_review,not_started,,,,,,,,work/boya-intermediate/extractions/structured-lesson-03.json
V03-041,boya-intermediate-i-lesson-03,3,宜居之地,13,逢,féng,,,False,40,,,,S03-010-01,词语,,,,,,,,"[""A03-007""]",pending_text_fidelity_review,pending_adam_review,not_started,,,,,,,,work/boya-intermediate/extractions/structured-lesson-03.json
V03-042,boya-intermediate-i-lesson-03,3,宜居之地,14,待,dāi,,,False,40,,,,S03-010-01,词语,,,,,,,,"[""A03-007""]",pending_text_fidelity_review,pending_adam_review,not_started,,,,,,,,work/boya-intermediate/extractions/structured-lesson-03.json
V03-043,boya-intermediate-i-lesson-03,3,宜居之地,15,医疗,yīliáo,,,False,40,,,,S03-010-01,词语,,,,,,,,"[""A03-007""]",pending_text_fidelity_review,pending_adam_review,not_started,,,,,,,,work/boya-intermediate/extractions/structured-lesson-03.json
V03-044,boya-intermediate-i-lesson-03,3,宜居之地,16,挪窝儿,nuó wōr,,,False,40,,,,S03-010-01,词语,,,,,,,,"[""A03-007""]",pending_text_fidelity_review,pending_adam_review,not_started,,,,,,,,work/boya-intermediate/extractions/structured-lesson-03.json
V03-045,boya-intermediate-i-lesson-03,3,宜居之地,17,再说,zàishuō,,,False,40,,,,S03-010-01,词语,,,,,,,,"[""A03-007""]",pending_text_fidelity_review,pending_adam_review,not_started,,,,,,,,work/boya-intermediate/extractions/structured-lesson-03.json
V04-001,boya-intermediate-i-lesson-04,4,地球人的担忧,1,核,hé,,,,46,,,,S04-002,课前准备,,,,,,,,"[""A04-001""]",pending_text_fidelity_review,pending_adam_review,not_started,,,,,,,,work/boya-intermediate/extractions/structured-lesson-04.json
V04-002,boya-intermediate-i-lesson-04,4,地球人的担忧,2,威胁,wēixié,,,,46,,,,S04-002,课前准备,,,,,,,,"[""A04-001""]",pending_text_fidelity_review,pending_adam_review,not_started,,,,,,,,work/boya-intermediate/extractions/structured-lesson-04.json
V04-003,boya-intermediate-i-lesson-04,4,地球人的担忧,3,流行,liúxíng,,,,46,,,,S04-002,课前准备,,,,,,,,"[""A04-001""]",pending_text_fidelity_review,pending_adam_review,not_started,,,,,,,,work/boya-intermediate/extractions/structured-lesson-04.json
V04-004,boya-intermediate-i-lesson-04,4,地球人的担忧,4,体力,tǐlì,,,,46,,,,S04-002,课前准备,,,,,,,,"[""A04-001""]",pending_text_fidelity_review,pending_adam_review,not_started,,,,,,,,work/boya-intermediate/extractions/structured-lesson-04.json
V04-005,boya-intermediate-i-lesson-04,4,地球人的担忧,5,繁重,fánzhòng,,,,46,,,,S04-002,课前准备,,,,,,,,"[""A04-001""]",pending_text_fidelity_review,pending_adam_review,not_started,,,,,,,,work/boya-intermediate/extractions/structured-lesson-04.json
V04-006,boya-intermediate-i-lesson-04,4,地球人的担忧,6,观测,guāncè,,,,46,,,,S04-002,课前准备,,,,,,,,"[""A04-001""]",pending_text_fidelity_review,pending_adam_review,not_started,,,,,,,,work/boya-intermediate/extractions/structured-lesson-04.json
V04-007,boya-intermediate-i-lesson-04,4,地球人的担忧,7,奇异,qíyì,,,,46,,,,S04-002,课前准备,,,,,,,,"[""A04-001""]",pending_text_fidelity_review,pending_adam_review,not_started,,,,,,,,work/boya-intermediate/extractions/structured-lesson-04.json
V04-008,boya-intermediate-i-lesson-04,4,地球人的担忧,8,天文,tiānwén,,,,46,,,,S04-002,课前准备,,,,,,,,"[""A04-001""]",pending_text_fidelity_review,pending_adam_review,not_started,,,,,,,,work/boya-intermediate/extractions/structured-lesson-04.json
V04-009,boya-intermediate-i-lesson-04,4,地球人的担忧,9,开阔,kāikuò,,,,46,,,,S04-002,课前准备,,,,,,,,"[""A04-001""]",pending_text_fidelity_review,pending_adam_review,not_started,,,,,,,,work/boya-intermediate/extractions/structured-lesson-04.json
V04-010,boya-intermediate-i-lesson-04,4,地球人的担忧,10,视野,shìyě,,,,46,,,,S04-002,课前准备,,,,,,,,"[""A04-001""]",pending_text_fidelity_review,pending_adam_review,not_started,,,,,,,,work/boya-intermediate/extractions/structured-lesson-04.json
V04-011,boya-intermediate-i-lesson-04,4,地球人的担忧,11,细雨绵绵,xìyǔ-miánmián,,,,46,,,,S04-002,课前准备,,,,,,,,"[""A04-001""]",pending_text_fidelity_review,pending_adam_review,not_started,,,,,,,,work/boya-intermediate/extractions/structured-lesson-04.json
V04-012,boya-intermediate-i-lesson-04,4,地球人的担忧,12,晴朗,qínglǎng,,,,46,,,,S04-002,课前准备,,,,,,,,"[""A04-001""]",pending_text_fidelity_review,pending_adam_review,not_started,,,,,,,,work/boya-intermediate/extractions/structured-lesson-04.json
V04-013,boya-intermediate-i-lesson-04,4,地球人的担忧,13,大开眼界,dàkāi-yǎnjiè,,,,47,,,,S04-002,课前准备,,,,,,,,"[""A04-001""]",pending_text_fidelity_review,pending_adam_review,not_started,,,,,,,,work/boya-intermediate/extractions/structured-lesson-04.json
V04-014,boya-intermediate-i-lesson-04,4,地球人的担忧,14,海市蜃楼,hǎishì-shènlóu,,,,47,,,,S04-002,课前准备,,,,,,,,"[""A04-001""]",pending_text_fidelity_review,pending_adam_review,not_started,,,,,,,,work/boya-intermediate/extractions/structured-lesson-04.json
V04-015,boya-intermediate-i-lesson-04,4,地球人的担忧,15,数以万计,shùyǐ-wànjì,,,,47,,,,S04-002,课前准备,,,,,,,,"[""A04-001""]",pending_text_fidelity_review,pending_adam_review,not_started,,,,,,,,work/boya-intermediate/extractions/structured-lesson-04.json
V04-016,boya-intermediate-i-lesson-04,4,地球人的担忧,16,时时刻刻,shíshí-kèkè,,,,47,,,,S04-002,课前准备,,,,,,,,"[""A04-001""]",pending_text_fidelity_review,pending_adam_review,not_started,,,,,,,,work/boya-intermediate/extractions/structured-lesson-04.json
V04-017,boya-intermediate-i-lesson-04,4,地球人的担忧,17,遗产,yíchǎn,,,,47,,,,S04-002,课前准备,,,,,,,,"[""A04-001""]",pending_text_fidelity_review,pending_adam_review,not_started,,,,,,,,work/boya-intermediate/extractions/structured-lesson-04.json
V04-018,boya-intermediate-i-lesson-04,4,地球人的担忧,18,灾难,zāinàn,,,,47,,,,S04-002,课前准备,,,,,,,,"[""A04-001""]",pending_text_fidelity_review,pending_adam_review,not_started,,,,,,,,work/boya-intermediate/extractions/structured-lesson-04.json
V04-019,boya-intermediate-i-lesson-04,4,地球人的担忧,19,财富,cáifù,,,,47,,,,S04-002,课前准备,,,,,,,,"[""A04-001""]",pending_text_fidelity_review,pending_adam_review,not_started,,,,,,,,work/boya-intermediate/extractions/structured-lesson-04.json
V04-020,boya-intermediate-i-lesson-04,4,地球人的担忧,20,黄昏,huánghūn,,,,47,,,,S04-002,课前准备,,,,,,,,"[""A04-001""]",pending_text_fidelity_review,pending_adam_review,not_started,,,,,,,,work/boya-intermediate/extractions/structured-lesson-04.json
V04-021,boya-intermediate-i-lesson-04,4,地球人的担忧,21,核弹头,hédàntóu,,,,47,,,,S04-002,课前准备,,,,,,,,"[""A04-001""]",pending_text_fidelity_review,pending_adam_review,not_started,,,,,,,,work/boya-intermediate/extractions/structured-lesson-04.json
V04-022,boya-intermediate-i-lesson-04,4,地球人的担忧,22,毁灭,huǐmiè,,,,47,,,,S04-002,课前准备,,,,,,,,"[""A04-001""]",pending_text_fidelity_review,pending_adam_review,not_started,,,,,,,,work/boya-intermediate/extractions/structured-lesson-04.json
V04-023,boya-intermediate-i-lesson-04,4,地球人的担忧,23,挑战,tiǎozhàn,,,,47,,,,S04-002,课前准备,,,,,,,,"[""A04-001""]",pending_text_fidelity_review,pending_adam_review,not_started,,,,,,,,work/boya-intermediate/extractions/structured-lesson-04.json
V04-024,boya-intermediate-i-lesson-04,4,地球人的担忧,24,祖先,zǔxiān,,,,47,,,,S04-002,课前准备,,,,,,,,"[""A04-001""]",pending_text_fidelity_review,pending_adam_review,not_started,,,,,,,,work/boya-intermediate/extractions/structured-lesson-04.json
V04-025,boya-intermediate-i-lesson-04,4,地球人的担忧,25,辩论,biànlùn,,,,47,,,,S04-002,课前准备,,,,,,,,"[""A04-001""]",pending_text_fidelity_review,pending_adam_review,not_started,,,,,,,,work/boya-intermediate/extractions/structured-lesson-04.json
V04-026,boya-intermediate-i-lesson-04,4,地球人的担忧,26,摆脱,bǎituō,,,,47,,,,S04-002,课前准备,,,,,,,,"[""A04-001""]",pending_text_fidelity_review,pending_adam_review,not_started,,,,,,,,work/boya-intermediate/extractions/structured-lesson-04.json
V04-027,boya-intermediate-i-lesson-04,4,地球人的担忧,27,公顷,gōngqǐng,,,,47,,,,S04-002,课前准备,,,,,,,,"[""A04-001""]",pending_text_fidelity_review,pending_adam_review,not_started,,,,,,,,work/boya-intermediate/extractions/structured-lesson-04.json
V04-028,boya-intermediate-i-lesson-04,4,地球人的担忧,28,沙漠,shāmò,,,,47,,,,S04-002,课前准备,,,,,,,,"[""A04-001""]",pending_text_fidelity_review,pending_adam_review,not_started,,,,,,,,work/boya-intermediate/extractions/structured-lesson-04.json
V04-029,boya-intermediate-i-lesson-04,4,地球人的担忧,29,传染,chuánrǎn,,,,47,,,,S04-002,课前准备,,,,,,,,"[""A04-001""]",pending_text_fidelity_review,pending_adam_review,not_started,,,,,,,,work/boya-intermediate/extractions/structured-lesson-04.json
V04-030,boya-intermediate-i-lesson-04,4,地球人的担忧,30,宇宙,yǔzhòu,,,,47,,,,S04-002,课前准备,,,,,,,,"[""A04-001""]",pending_text_fidelity_review,pending_adam_review,not_started,,,,,,,,work/boya-intermediate/extractions/structured-lesson-04.json
V04-031,boya-intermediate-i-lesson-04,4,地球人的担忧,31,太空,tàikōng,,,,47,,,,S04-002,课前准备,,,,,,,,"[""A04-001""]",pending_text_fidelity_review,pending_adam_review,not_started,,,,,,,,work/boya-intermediate/extractions/structured-lesson-04.json
V04-032,boya-intermediate-i-lesson-04,4,地球人的担忧,32,尸骨,shīgǔ,,,,47,,,,S04-002,课前准备,,,,,,,,"[""A04-001""]",pending_text_fidelity_review,pending_adam_review,not_started,,,,,,,,work/boya-intermediate/extractions/structured-lesson-04.json
V04-033,boya-intermediate-i-lesson-04,4,地球人的担忧,33,哭泣,kūqì,,,,47,,,,S04-002,课前准备,,,,,,,,"[""A04-001""]",pending_text_fidelity_review,pending_adam_review,not_started,,,,,,,,work/boya-intermediate/extractions/structured-lesson-04.json
V04-034,boya-intermediate-i-lesson-04,4,地球人的担忧,1,核电站,hédiànzhàn,,,,54,,,,S04-010,课前准备,,,,,,,,"[""A04-007""]",pending_text_fidelity_review,pending_adam_review,not_started,,,,,,,,work/boya-intermediate/extractions/structured-lesson-04.json
V04-035,boya-intermediate-i-lesson-04,4,地球人的担忧,2,人为,rénwéi,,,,54,,,,S04-010,课前准备,,,,,,,,"[""A04-007""]",pending_text_fidelity_review,pending_adam_review,not_started,,,,,,,,work/boya-intermediate/extractions/structured-lesson-04.json
V04-036,boya-intermediate-i-lesson-04,4,地球人的担忧,3,取代,qǔdài,,,,54,,,,S04-010,课前准备,,,,,,,,"[""A04-007""]",pending_text_fidelity_review,pending_adam_review,not_started,,,,,,,,work/boya-intermediate/extractions/structured-lesson-04.json
V04-037,boya-intermediate-i-lesson-04,4,地球人的担忧,4,开幕式,kāimùshì,,,,54,,,,S04-010,课前准备,,,,,,,,"[""A04-007""]",pending_text_fidelity_review,pending_adam_review,not_started,,,,,,,,work/boya-intermediate/extractions/structured-lesson-04.json
V04-038,boya-intermediate-i-lesson-04,4,地球人的担忧,5,泄漏,xièlòu,,,,55,,,,S04-010,课前准备,,,,,,,,"[""A04-007""]",pending_text_fidelity_review,pending_adam_review,not_started,,,,,,,,work/boya-intermediate/extractions/structured-lesson-04.json
V04-039,boya-intermediate-i-lesson-04,4,地球人的担忧,6,保障,bǎozhàng,,,,55,,,,S04-010,课前准备,,,,,,,,"[""A04-007""]",pending_text_fidelity_review,pending_adam_review,not_started,,,,,,,,work/boya-intermediate/extractions/structured-lesson-04.json
V04-040,boya-intermediate-i-lesson-04,4,地球人的担忧,7,两码事,liǎngmǎshì,,,,55,,,,S04-010,课前准备,,,,,,,,"[""A04-007""]",pending_text_fidelity_review,pending_adam_review,not_started,,,,,,,,work/boya-intermediate/extractions/structured-lesson-04.json
V04-041,boya-intermediate-i-lesson-04,4,地球人的担忧,8,人心惶惶,rénxīn-huánghuáng,,,,55,,,,S04-010,课前准备,,,,,,,,"[""A04-007""]",pending_text_fidelity_review,pending_adam_review,not_started,,,,,,,,work/boya-intermediate/extractions/structured-lesson-04.json
V04-042,boya-intermediate-i-lesson-04,4,地球人的担忧,9,谈虎色变,tán hǔ sè biàn,,,,55,,,,S04-010,课前准备,,,,,,,,"[""A04-007""]",pending_text_fidelity_review,pending_adam_review,not_started,,,,,,,,work/boya-intermediate/extractions/structured-lesson-04.json
V04-043,boya-intermediate-i-lesson-04,4,地球人的担忧,10,大势所趋,dàshì-suǒqū,,,,55,,,,S04-010,课前准备,,,,,,,,"[""A04-007""]",pending_text_fidelity_review,pending_adam_review,not_started,,,,,,,,work/boya-intermediate/extractions/structured-lesson-04.json
V04-044,boya-intermediate-i-lesson-04,4,地球人的担忧,11,心惊胆战,xīnjīng-dǎnzhàn,,,,55,,,,S04-010,课前准备,,,,,,,,"[""A04-007""]",pending_text_fidelity_review,pending_adam_review,not_started,,,,,,,,work/boya-intermediate/extractions/structured-lesson-04.json
V04-045,boya-intermediate-i-lesson-04,4,地球人的担忧,12,趋利避害,qūlì-bìhài,,,,55,,,,S04-010,课前准备,,,,,,,,"[""A04-007""]",pending_text_fidelity_review,pending_adam_review,not_started,,,,,,,,work/boya-intermediate/extractions/structured-lesson-04.json
V04-046,boya-intermediate-i-lesson-04,4,地球人的担忧,13,利弊,lìbì,,,,55,,,,S04-010,课前准备,,,,,,,,"[""A04-007""]",pending_text_fidelity_review,pending_adam_review,not_started,,,,,,,,work/boya-intermediate/extractions/structured-lesson-04.json
V04-047,boya-intermediate-i-lesson-04,4,地球人的担忧,14,法规,fǎguī,,,,55,,,,S04-010,课前准备,,,,,,,,"[""A04-007""]",pending_text_fidelity_review,pending_adam_review,not_started,,,,,,,,work/boya-intermediate/extractions/structured-lesson-04.json
V04-048,boya-intermediate-i-lesson-04,4,地球人的担忧,15,清洁,qīngjié,,,,55,,,,S04-010,课前准备,,,,,,,,"[""A04-007""]",pending_text_fidelity_review,pending_adam_review,not_started,,,,,,,,work/boya-intermediate/extractions/structured-lesson-04.json
V04-049,boya-intermediate-i-lesson-04,4,地球人的担忧,16,风险,fēngxiǎn,,,,55,,,,S04-010,课前准备,,,,,,,,"[""A04-007""]",pending_text_fidelity_review,pending_adam_review,not_started,,,,,,,,work/boya-intermediate/extractions/structured-lesson-04.json
V04-050,boya-intermediate-i-lesson-04,4,地球人的担忧,17,茂密,màomì,,,,55,,,,S04-010,课前准备,,,,,,,,"[""A04-007""]",pending_text_fidelity_review,pending_adam_review,not_started,,,,,,,,work/boya-intermediate/extractions/structured-lesson-04.json
V04-051,boya-intermediate-i-lesson-04,4,地球人的担忧,18,居民,jūmín,,,,55,,,,S04-010,课前准备,,,,,,,,"[""A04-007""]",pending_text_fidelity_review,pending_adam_review,not_started,,,,,,,,work/boya-intermediate/extractions/structured-lesson-04.json
V04-052,boya-intermediate-i-lesson-04,4,地球人的担忧,19,伤亡,shāngwáng,,,,55,,,,S04-010,课前准备,,,,,,,,"[""A04-007""]",pending_text_fidelity_review,pending_adam_review,not_started,,,,,,,,work/boya-intermediate/extractions/structured-lesson-04.json
V04-053,boya-intermediate-i-lesson-04,4,地球人的担忧,20,核能,hénéng,,,,55,,,,S04-010,课前准备,,,,,,,,"[""A04-007""]",pending_text_fidelity_review,pending_adam_review,not_started,,,,,,,,work/boya-intermediate/extractions/structured-lesson-04.json
V04-054,boya-intermediate-i-lesson-04,4,地球人的担忧,21,能源,néngyuán,,,,55,,,,S04-010,课前准备,,,,,,,,"[""A04-007""]",pending_text_fidelity_review,pending_adam_review,not_started,,,,,,,,work/boya-intermediate/extractions/structured-lesson-04.json
V04-055,boya-intermediate-i-lesson-04,4,地球人的担忧,22,减缓,jiǎnhuǎn,,,,55,,,,S04-010,课前准备,,,,,,,,"[""A04-007""]",pending_text_fidelity_review,pending_adam_review,not_started,,,,,,,,work/boya-intermediate/extractions/structured-lesson-04.json
V04-056,boya-intermediate-i-lesson-04,4,地球人的担忧,23,发电,fādiàn,,,,55,,,,S04-010,课前准备,,,,,,,,"[""A04-007""]",pending_text_fidelity_review,pending_adam_review,not_started,,,,,,,,work/boya-intermediate/extractions/structured-lesson-04.json
V04-057,boya-intermediate-i-lesson-04,4,地球人的担忧,24,石油,shíyóu,,,,55,,,,S04-010,课前准备,,,,,,,,"[""A04-007""]",pending_text_fidelity_review,pending_adam_review,not_started,,,,,,,,work/boya-intermediate/extractions/structured-lesson-04.json
V04-058,boya-intermediate-i-lesson-04,4,地球人的担忧,25,煤炭,méitàn,,,,55,,,,S04-010,课前准备,,,,,,,,"[""A04-007""]",pending_text_fidelity_review,pending_adam_review,not_started,,,,,,,,work/boya-intermediate/extractions/structured-lesson-04.json
V04-059,boya-intermediate-i-lesson-04,4,地球人的担忧,26,排放,páifàng,,,,55,,,,S04-010,课前准备,,,,,,,,"[""A04-007""]",pending_text_fidelity_review,pending_adam_review,not_started,,,,,,,,work/boya-intermediate/extractions/structured-lesson-04.json
V04-060,boya-intermediate-i-lesson-04,4,地球人的担忧,27,大气,dàqì,,,,55,,,,S04-010,课前准备,,,,,,,,"[""A04-007""]",pending_text_fidelity_review,pending_adam_review,not_started,,,,,,,,work/boya-intermediate/extractions/structured-lesson-04.json
V04-061,boya-intermediate-i-lesson-04,4,地球人的担忧,28,成本,chéngběn,,,,55,,,,S04-010,课前准备,,,,,,,,"[""A04-007""]",pending_text_fidelity_review,pending_adam_review,not_started,,,,,,,,work/boya-intermediate/extractions/structured-lesson-04.json
V04-062,boya-intermediate-i-lesson-04,4,地球人的担忧,29,储存,chǔcún,,,,56,,,,S04-010,课前准备,,,,,,,,"[""A04-007""]",pending_text_fidelity_review,pending_adam_review,not_started,,,,,,,,work/boya-intermediate/extractions/structured-lesson-04.json
V04-063,boya-intermediate-i-lesson-04,4,地球人的担忧,30,辐射,fúshè,,,,56,,,,S04-010,课前准备,,,,,,,,"[""A04-007""]",pending_text_fidelity_review,pending_adam_review,not_started,,,,,,,,work/boya-intermediate/extractions/structured-lesson-04.json
V04-064,boya-intermediate-i-lesson-04,4,地球人的担忧,31,伴随,bànsuí,,,,56,,,,S04-010,课前准备,,,,,,,,"[""A04-007""]",pending_text_fidelity_review,pending_adam_review,not_started,,,,,,,,work/boya-intermediate/extractions/structured-lesson-04.json
V04-065,boya-intermediate-i-lesson-04,4,地球人的担忧,32,数据,shùjù,,,,56,,,,S04-010,课前准备,,,,,,,,"[""A04-007""]",pending_text_fidelity_review,pending_adam_review,not_started,,,,,,,,work/boya-intermediate/extractions/structured-lesson-04.json
V04-066,boya-intermediate-i-lesson-04,4,地球人的担忧,33,运行,yùnxíng,,,,56,,,,S04-010,课前准备,,,,,,,,"[""A04-007""]",pending_text_fidelity_review,pending_adam_review,not_started,,,,,,,,work/boya-intermediate/extractions/structured-lesson-04.json
V04-067,boya-intermediate-i-lesson-04,4,地球人的担忧,34,剂量,jìliàng,,,,56,,,,S04-010,课前准备,,,,,,,,"[""A04-007""]",pending_text_fidelity_review,pending_adam_review,not_started,,,,,,,,work/boya-intermediate/extractions/structured-lesson-04.json
V04-068,boya-intermediate-i-lesson-04,4,地球人的担忧,35,限度,xiàndù,,,,56,,,,S04-010,课前准备,,,,,,,,"[""A04-007""]",pending_text_fidelity_review,pending_adam_review,not_started,,,,,,,,work/boya-intermediate/extractions/structured-lesson-04.json
V04-069,boya-intermediate-i-lesson-04,4,地球人的担忧,36,公约,gōngyuē,,,,56,,,,S04-010,课前准备,,,,,,,,"[""A04-007""]",pending_text_fidelity_review,pending_adam_review,not_started,,,,,,,,work/boya-intermediate/extractions/structured-lesson-04.json
V04-070,boya-intermediate-i-lesson-04,4,地球人的担忧,37,海啸,hǎixiào,,,,56,,,,S04-010,课前准备,,,,,,,,"[""A04-007""]",pending_text_fidelity_review,pending_adam_review,not_started,,,,,,,,work/boya-intermediate/extractions/structured-lesson-04.json
V04-071,boya-intermediate-i-lesson-04,4,地球人的担忧,38,必将,bìjiāng,,,,56,,,,S04-010,课前准备,,,,,,,,"[""A04-007""]",pending_text_fidelity_review,pending_adam_review,not_started,,,,,,,,work/boya-intermediate/extractions/structured-lesson-04.json
V05-001,boya-intermediate-i-lesson-05,5,音乐的魅力,1,魅力,mèilì,,,True,63,,,,S05-002-01,词语,,,,,,,,"[""A05-001""]",visually_confirmed,pending_review,not_started,,,,,,,,work/boya-intermediate/extractions/structured-lesson-05.json
V05-002,boya-intermediate-i-lesson-05,5,音乐的魅力,2,天籁之音,tiānlài zhī yīn,,,False,63,,,,S05-002-01,词语,,,,,,,,"[""A05-001""]",visually_confirmed,pending_review,not_started,,,,,,,,work/boya-intermediate/extractions/structured-lesson-05.json
V05-003,boya-intermediate-i-lesson-05,5,音乐的魅力,3,古典,gǔdiǎn,,,True,63,,,,S05-002-01,词语,,,,,,,,"[""A05-001""]",visually_confirmed,pending_review,not_started,,,,,,,,work/boya-intermediate/extractions/structured-lesson-05.json
V05-004,boya-intermediate-i-lesson-05,5,音乐的魅力,4,大自然,dàzìrán,,,False,63,,,,S05-002-01,词语,,,,,,,,"[""A05-001""]",visually_confirmed,pending_review,not_started,,,,,,,,work/boya-intermediate/extractions/structured-lesson-05.json
V05-005,boya-intermediate-i-lesson-05,5,音乐的魅力,5,现场,xiànchǎng,,,True,63,,,,S05-002-01,词语,,,,,,,,"[""A05-001""]",visually_confirmed,pending_review,not_started,,,,,,,,work/boya-intermediate/extractions/structured-lesson-05.json
V05-006,boya-intermediate-i-lesson-05,5,音乐的魅力,6,雄壮,xióngzhuàng,,,True,63,,,,S05-002-01,词语,,,,,,,,"[""A05-001""]",visually_confirmed,pending_review,not_started,,,,,,,,work/boya-intermediate/extractions/structured-lesson-05.json
V05-007,boya-intermediate-i-lesson-05,5,音乐的魅力,7,交响乐,jiāoxiǎngyuè,,,True,63,,,,S05-002-01,词语,,,,,,,,"[""A05-001""]",visually_confirmed,pending_review,not_started,,,,,,,,work/boya-intermediate/extractions/structured-lesson-05.json
V05-008,boya-intermediate-i-lesson-05,5,音乐的魅力,8,轻缓,qīnghuǎn,,,True,63,,,,S05-002-01,词语,,,,,,,,"[""A05-001""]",visually_confirmed,pending_review,not_started,,,,,,,,work/boya-intermediate/extractions/structured-lesson-05.json
V05-009,boya-intermediate-i-lesson-05,5,音乐的魅力,9,温和,wēnhé,,,True,63,,,,S05-002-01,词语,,,,,,,,"[""A05-001""]",visually_confirmed,pending_review,not_started,,,,,,,,work/boya-intermediate/extractions/structured-lesson-05.json
V05-010,boya-intermediate-i-lesson-05,5,音乐的魅力,10,乐团,yuètuán,,,False,63,,,,S05-002-01,词语,,,,,,,,"[""A05-001""]",visually_confirmed,pending_review,not_started,,,,,,,,work/boya-intermediate/extractions/structured-lesson-05.json
V05-011,boya-intermediate-i-lesson-05,5,音乐的魅力,11,演奏,yǎnzòu,,,True,63,,,,S05-002-01,词语,,,,,,,,"[""A05-001""]",visually_confirmed,pending_review,not_started,,,,,,,,work/boya-intermediate/extractions/structured-lesson-05.json
V05-012,boya-intermediate-i-lesson-05,5,音乐的魅力,12,置身于,zhìshēn yú,,,False,63,,,,S05-002-01,词语,,,,,,,,"[""A05-001""]",visually_confirmed,pending_review,not_started,,,,,,,,work/boya-intermediate/extractions/structured-lesson-05.json
V05-013,boya-intermediate-i-lesson-05,5,音乐的魅力,13,悲伤,bēishāng,,,True,64,,,,S05-002-01,词语,,,,,,,,"[""A05-001""]",visually_confirmed,pending_review,not_started,,,,,,,,work/boya-intermediate/extractions/structured-lesson-05.json
V05-014,boya-intermediate-i-lesson-05,5,音乐的魅力,14,活力,huólì,,,True,64,,,,S05-002-01,词语,,,,,,,,"[""A05-001""]",visually_confirmed,pending_review,not_started,,,,,,,,work/boya-intermediate/extractions/structured-lesson-05.json
V05-015,boya-intermediate-i-lesson-05,5,音乐的魅力,15,热血沸腾,rèxuè-fèiténg,,,False,64,,,,S05-002-01,词语,,,,,,,,"[""A05-001""]",visually_confirmed,pending_review,not_started,,,,,,,,work/boya-intermediate/extractions/structured-lesson-05.json
V05-016,boya-intermediate-i-lesson-05,5,音乐的魅力,16,心潮澎湃,xīncháo-péngpài,,,False,64,,,,S05-002-01,词语,,,,,,,,"[""A05-001""]",visually_confirmed,pending_review,not_started,,,,,,,,work/boya-intermediate/extractions/structured-lesson-05.json
V05-017,boya-intermediate-i-lesson-05,5,音乐的魅力,17,转瞬即逝,zhuǎnshùn-jíshì,,,False,64,,,,S05-002-01,词语,,,,,,,,"[""A05-001""]",visually_confirmed,pending_review,not_started,,,,,,,,work/boya-intermediate/extractions/structured-lesson-05.json
V05-018,boya-intermediate-i-lesson-05,5,音乐的魅力,18,人烟稀少,rényān-xīshǎo,,,False,64,,,,S05-002-01,词语,,,,,,,,"[""A05-001""]",visually_confirmed,pending_review,not_started,,,,,,,,work/boya-intermediate/extractions/structured-lesson-05.json
V05-019,boya-intermediate-i-lesson-05,5,音乐的魅力,19,海滨,hǎibīn,,,True,64,,,,S05-002-01,词语,,,,,,,,"[""A05-001""]",visually_confirmed,pending_review,not_started,,,,,,,,work/boya-intermediate/extractions/structured-lesson-05.json
V05-020,boya-intermediate-i-lesson-05,5,音乐的魅力,20,烦恼,fánnǎo,,,False,64,,,,S05-002-01,词语,,,,,,,,"[""A05-001""]",visually_confirmed,pending_review,not_started,,,,,,,,work/boya-intermediate/extractions/structured-lesson-05.json
V05-021,boya-intermediate-i-lesson-05,5,音乐的魅力,21,倾听,qīngtīng,,,False,64,,,,S05-002-01,词语,,,,,,,,"[""A05-001""]",visually_confirmed,pending_review,not_started,,,,,,,,work/boya-intermediate/extractions/structured-lesson-05.json
V05-022,boya-intermediate-i-lesson-05,5,音乐的魅力,22,永恒,yǒnghéng,,,True,64,,,,S05-002-01,词语,,,,,,,,"[""A05-001""]",visually_confirmed,pending_review,not_started,,,,,,,,work/boya-intermediate/extractions/structured-lesson-05.json
V05-023,boya-intermediate-i-lesson-05,5,音乐的魅力,23,溪流,xīliú,,,True,64,,,,S05-002-01,词语,,,,,,,,"[""A05-001""]",visually_confirmed,pending_review,not_started,,,,,,,,work/boya-intermediate/extractions/structured-lesson-05.json
V05-024,boya-intermediate-i-lesson-05,5,音乐的魅力,24,潮水,cháoshuǐ,,,False,64,,,,S05-002-01,词语,,,,,,,,"[""A05-001""]",visually_confirmed,pending_review,not_started,,,,,,,,work/boya-intermediate/extractions/structured-lesson-05.json
V05-025,boya-intermediate-i-lesson-05,5,音乐的魅力,25,怒吼,nùhǒu,,,False,64,,,,S05-002-01,词语,,,,,,,,"[""A05-001""]",visually_confirmed,pending_review,not_started,,,,,,,,work/boya-intermediate/extractions/structured-lesson-05.json
V05-026,boya-intermediate-i-lesson-05,5,音乐的魅力,26,海鸥,hǎi'ōu,,,True,64,,,,S05-002-01,词语,,,,,,,,"[""A05-001""]",visually_confirmed,pending_review,not_started,,,,,,,,work/boya-intermediate/extractions/structured-lesson-05.json
V05-027,boya-intermediate-i-lesson-05,5,音乐的魅力,27,蝉,chán,,,True,64,,,,S05-002-01,词语,,,,,,,,"[""A05-001""]",visually_confirmed,pending_review,not_started,,,,,,,,work/boya-intermediate/extractions/structured-lesson-05.json
V05-028,boya-intermediate-i-lesson-05,5,音乐的魅力,28,蛙鸣,wāmíng,,,True,64,,,,S05-002-01,词语,,,,,,,,"[""A05-001""]",visually_confirmed,pending_review,not_started,,,,,,,,work/boya-intermediate/extractions/structured-lesson-05.json
V05-029,boya-intermediate-i-lesson-05,5,音乐的魅力,1,唯恐,wéikǒng,,,False,71,,,,S05-010-01,词语,,,,,,,,"[""A05-007""]",visually_confirmed,pending_review,not_started,,,,,,,,work/boya-intermediate/extractions/structured-lesson-05.json
V05-030,boya-intermediate-i-lesson-05,5,音乐的魅力,2,泡,pào,,,False,71,,,,S05-010-01,词语,,,,,,,,"[""A05-007""]",visually_confirmed,pending_review,not_started,,,,,,,,work/boya-intermediate/extractions/structured-lesson-05.json
V05-031,boya-intermediate-i-lesson-05,5,音乐的魅力,3,酒吧,jiǔbā,,,False,71,,,,S05-010-01,词语,,,,,,,,"[""A05-007""]",visually_confirmed,pending_review,not_started,,,,,,,,work/boya-intermediate/extractions/structured-lesson-05.json
V05-032,boya-intermediate-i-lesson-05,5,音乐的魅力,4,热衷,rèzhōng,,,False,71,,,,S05-010-01,词语,,,,,,,,"[""A05-007""]",visually_confirmed,pending_review,not_started,,,,,,,,work/boya-intermediate/extractions/structured-lesson-05.json
V05-033,boya-intermediate-i-lesson-05,5,音乐的魅力,5,埋怨,mányuàn,,,False,71,,,,S05-010-01,词语,,,,,,,,"[""A05-007""]",visually_confirmed,pending_review,not_started,,,,,,,,work/boya-intermediate/extractions/structured-lesson-05.json
V05-034,boya-intermediate-i-lesson-05,5,音乐的魅力,6,赞美,zànměi,,,False,71,,,,S05-010-01,词语,,,,,,,,"[""A05-007""]",visually_confirmed,pending_review,not_started,,,,,,,,work/boya-intermediate/extractions/structured-lesson-05.json
V05-035,boya-intermediate-i-lesson-05,5,音乐的魅力,7,评价,píngjià,,,False,71,,,,S05-010-01,词语,,,,,,,,"[""A05-007""]",visually_confirmed,pending_review,not_started,,,,,,,,work/boya-intermediate/extractions/structured-lesson-05.json
V05-036,boya-intermediate-i-lesson-05,5,音乐的魅力,8,收藏,shōucáng,,,False,71,,,,S05-010-01,词语,,,,,,,,"[""A05-007""]",visually_confirmed,pending_review,not_started,,,,,,,,work/boya-intermediate/extractions/structured-lesson-05.json
V05-037,boya-intermediate-i-lesson-05,5,音乐的魅力,9,有过之而无不及,yǒuguò zhī ér wúbùjí,,,False,71,,,,S05-010-01,词语,,,,,,,,"[""A05-007""]",visually_confirmed,pending_review,not_started,,,,,,,,work/boya-intermediate/extractions/structured-lesson-05.json
V05-038,boya-intermediate-i-lesson-05,5,音乐的魅力,10,十有八九,shíyǒubājiǔ,,,False,71,,,,S05-010-01,词语,,,,,,,,"[""A05-007""]",visually_confirmed,pending_review,not_started,,,,,,,,work/boya-intermediate/extractions/structured-lesson-05.json
V05-039,boya-intermediate-i-lesson-05,5,音乐的魅力,11,说不定,shuōbùdìng,,,False,71,,,,S05-010-01,词语,,,,,,,,"[""A05-007""]",visually_confirmed,pending_review,not_started,,,,,,,,work/boya-intermediate/extractions/structured-lesson-05.json
V05-040,boya-intermediate-i-lesson-05,5,音乐的魅力,12,像模像样,xiàngmú-xiàngyàng,,,False,71,,,,S05-010-01,词语,,,,,,,,"[""A05-007""]",visually_confirmed,pending_review,not_started,,,,,,,,work/boya-intermediate/extractions/structured-lesson-05.json
V05-041,boya-intermediate-i-lesson-05,5,音乐的魅力,13,话里话外,huàlǐ-huàwài,,,False,71,,,,S05-010-01,词语,,,,,,,,"[""A05-007""]",visually_confirmed,pending_review,not_started,,,,,,,,work/boya-intermediate/extractions/structured-lesson-05.json
V05-042,boya-intermediate-i-lesson-05,5,音乐的魅力,14,风格,fēnggé,,,True,71,,,,S05-010-01,词语,,,,,,,,"[""A05-007""]",visually_confirmed,pending_review,not_started,,,,,,,,work/boya-intermediate/extractions/structured-lesson-05.json
V05-043,boya-intermediate-i-lesson-05,5,音乐的魅力,15,顶天立地,dǐngtiān-lìdì,,,False,71,,,,S05-010-01,词语,,,,,,,,"[""A05-007""]",visually_confirmed,pending_review,not_started,,,,,,,,work/boya-intermediate/extractions/structured-lesson-05.json
V05-044,boya-intermediate-i-lesson-05,5,音乐的魅力,16,神情专注,shénqíng-zhuānzhù,,,False,71,,,,S05-010-01,词语,,,,,,,,"[""A05-007""]",visually_confirmed,pending_review,not_started,,,,,,,,work/boya-intermediate/extractions/structured-lesson-05.json
V05-045,boya-intermediate-i-lesson-05,5,音乐的魅力,17,发烧友,fāshāoyǒu,,,False,72,,,,S05-010-01,词语,,,,,,,,"[""A05-007""]",visually_confirmed,pending_review,not_started,,,,,,,,work/boya-intermediate/extractions/structured-lesson-05.json
V05-046,boya-intermediate-i-lesson-05,5,音乐的魅力,18,老公,lǎogōng,,,False,72,,,,S05-010-01,词语,,,,,,,,"[""A05-007""]",visually_confirmed,pending_review,not_started,,,,,,,,work/boya-intermediate/extractions/structured-lesson-05.json
V05-047,boya-intermediate-i-lesson-05,5,音乐的魅力,19,锁,suǒ,,,False,72,,,,S05-010-01,词语,,,,,,,,"[""A05-007""]",visually_confirmed,pending_review,not_started,,,,,,,,work/boya-intermediate/extractions/structured-lesson-05.json
V05-048,boya-intermediate-i-lesson-05,5,音乐的魅力,20,打招呼,dǎ zhāohu,,,True,72,,,,S05-010-01,词语,,,,,,,,"[""A05-007""]",visually_confirmed,pending_review,not_started,,,,,,,,work/boya-intermediate/extractions/structured-lesson-05.json
V05-049,boya-intermediate-i-lesson-05,5,音乐的魅力,21,双重奏,shuāngchóngzòu,,,True,72,,,,S05-010-01,词语,,,,,,,,"[""A05-007""]",visually_confirmed,pending_review,not_started,,,,,,,,work/boya-intermediate/extractions/structured-lesson-05.json
V06-001,boya-intermediate-i-lesson-06,6,挑战,1,偶像,ǒuxiàng,,,True,79,,90,,S06-002-01,词语,,,,,,,,"[""A06-001""]",visually_confirmed,pending_review,not_started,,,,,,,,work/boya-intermediate/extractions/structured-lesson-06.json
V06-002,boya-intermediate-i-lesson-06,6,挑战,2,幸运,xìngyùn,,,False,79,,90,,S06-002-01,词语,,,,,,,,"[""A06-001""]",visually_confirmed,pending_review,not_started,,,,,,,,work/boya-intermediate/extractions/structured-lesson-06.json
V06-003,boya-intermediate-i-lesson-06,6,挑战,3,潇洒,xiāosǎ,,,True,79,,90,,S06-002-01,词语,,,,,,,,"[""A06-001""]",visually_confirmed,pending_review,not_started,,,,,,,,work/boya-intermediate/extractions/structured-lesson-06.json
V06-004,boya-intermediate-i-lesson-06,6,挑战,4,健美,jiànměi,,,True,79,,90,,S06-002-01,词语,,,,,,,,"[""A06-001""]",visually_confirmed,pending_review,not_started,,,,,,,,work/boya-intermediate/extractions/structured-lesson-06.json
V06-005,boya-intermediate-i-lesson-06,6,挑战,5,身材,shēncái,,,False,79,,90,,S06-002-01,词语,,,,,,,,"[""A06-001""]",visually_confirmed,pending_review,not_started,,,,,,,,work/boya-intermediate/extractions/structured-lesson-06.json
V06-006,boya-intermediate-i-lesson-06,6,挑战,6,陶醉,táozuì,,,False,79,,90,,S06-002-01,词语,,,,,,,,"[""A06-001""]",visually_confirmed,pending_review,not_started,,,,,,,,work/boya-intermediate/extractions/structured-lesson-06.json
V06-007,boya-intermediate-i-lesson-06,6,挑战,7,可惜,kěxī,,,False,79,,90,,S06-002-01,词语,,,,,,,,"[""A06-001""]",visually_confirmed,pending_review,not_started,,,,,,,,work/boya-intermediate/extractions/structured-lesson-06.json
V06-008,boya-intermediate-i-lesson-06,6,挑战,8,崇拜,chóngbài,,,True,79,,90,,S06-002-01,词语,,,,,,,,"[""A06-001""]",visually_confirmed,pending_review,not_started,,,,,,,,work/boya-intermediate/extractions/structured-lesson-06.json
V06-009,boya-intermediate-i-lesson-06,6,挑战,9,场面,chǎngmiàn,,,True,79,,90,,S06-002-01,词语,,,,,,,,"[""A06-001""]",visually_confirmed,pending_review,not_started,,,,,,,,work/boya-intermediate/extractions/structured-lesson-06.json
V06-010,boya-intermediate-i-lesson-06,6,挑战,10,纪录,jìlù,,,True,79,,90,,S06-002-01,词语,,,,,,,,"[""A06-001""]",visually_confirmed,pending_review,not_started,,,,,,,,work/boya-intermediate/extractions/structured-lesson-06.json
V06-011,boya-intermediate-i-lesson-06,6,挑战,11,打破,dǎpò,,,False,79,,90,,S06-002-01,词语,,,,,,,,"[""A06-001""]",visually_confirmed,pending_review,not_started,,,,,,,,work/boya-intermediate/extractions/structured-lesson-06.json
V06-012,boya-intermediate-i-lesson-06,6,挑战,12,超越,chāoyuè,,,True,79,,90,,S06-002-01,词语,,,,,,,,"[""A06-001""]",visually_confirmed,pending_review,not_started,,,,,,,,work/boya-intermediate/extractions/structured-lesson-06.json
V06-013,boya-intermediate-i-lesson-06,6,挑战,13,粉丝,fěnsī,,,False,80,,91,,S06-002-01,词语,,,,,,,,"[""A06-001""]",visually_confirmed,pending_review,not_started,,,,,,,,work/boya-intermediate/extractions/structured-lesson-06.json
V06-014,boya-intermediate-i-lesson-06,6,挑战,14,项目,xiàngmù,,,True,80,,91,,S06-002-01,词语,,,,,,,,"[""A06-001""]",visually_confirmed,pending_review,not_started,,,,,,,,work/boya-intermediate/extractions/structured-lesson-06.json
V06-015,boya-intermediate-i-lesson-06,6,挑战,15,奥运会,Àoyùnhuì,,,True,80,,91,,S06-002-01,词语,,,,,,,,"[""A06-001""]",visually_confirmed,pending_review,not_started,,,,,,,,work/boya-intermediate/extractions/structured-lesson-06.json
V06-016,boya-intermediate-i-lesson-06,6,挑战,16,下辈子,xià bèizi,,,False,80,,91,,S06-002-01,词语,,,,,,,,"[""A06-001""]",visually_confirmed,pending_review,not_started,,,,,,,,work/boya-intermediate/extractions/structured-lesson-06.json
V06-017,boya-intermediate-i-lesson-06,6,挑战,17,圣火,shènghuǒ,,,True,80,,91,,S06-002-01,词语,,,,,,,,"[""A06-001""]",visually_confirmed,pending_review,not_started,,,,,,,,work/boya-intermediate/extractions/structured-lesson-06.json
V06-018,boya-intermediate-i-lesson-06,6,挑战,18,燃烧,ránshāo,,,True,80,,91,,S06-002-01,词语,,,,,,,,"[""A06-001""]",visually_confirmed,pending_review,not_started,,,,,,,,work/boya-intermediate/extractions/structured-lesson-06.json
V06-019,boya-intermediate-i-lesson-06,6,挑战,19,不屈,bùqū,,,True,80,,91,,S06-002-01,词语,,,,,,,,"[""A06-001""]",visually_confirmed,pending_review,not_started,,,,,,,,work/boya-intermediate/extractions/structured-lesson-06.json
V06-020,boya-intermediate-i-lesson-06,6,挑战,20,灵魂,línghún,,,True,80,,91,,S06-002-01,词语,,,,,,,,"[""A06-001""]",visually_confirmed,pending_review,not_started,,,,,,,,work/boya-intermediate/extractions/structured-lesson-06.json
V06-021,boya-intermediate-i-lesson-06,6,挑战,21,祈祷,qídǎo,,,True,80,,91,,S06-002-01,词语,,,,,,,,"[""A06-001""]",visually_confirmed,pending_review,not_started,,,,,,,,work/boya-intermediate/extractions/structured-lesson-06.json
V06-022,boya-intermediate-i-lesson-06,6,挑战,22,超级,chāojí,,,False,80,,91,,S06-002-01,词语,,,,,,,,"[""A06-001""]",visually_confirmed,pending_review,not_started,,,,,,,,work/boya-intermediate/extractions/structured-lesson-06.json
V06-023,boya-intermediate-i-lesson-06,6,挑战,23,拳击,quánjī,,,True,80,,91,,S06-002-01,词语,,,,,,,,"[""A06-001""]",visually_confirmed,pending_review,not_started,,,,,,,,work/boya-intermediate/extractions/structured-lesson-06.json
V06-024,boya-intermediate-i-lesson-06,6,挑战,24,田径,tiánjìng,,,True,80,,91,,S06-002-01,词语,,,,,,,,"[""A06-001""]",visually_confirmed,pending_review,not_started,,,,,,,,work/boya-intermediate/extractions/structured-lesson-06.json
V06-025,boya-intermediate-i-lesson-06,6,挑战,25,宿,xiǔ,,,False,80,,91,,S06-002-01,词语,,,,教材P80／PDF P91页面图已确认印刷为“宿 xiǔ”；词项语义及是否为原书疑误仍交由人工审核。,,,,"[""A06-001""]",visually_confirmed,pending_review,not_started,,,,,,,,work/boya-intermediate/extractions/structured-lesson-06.json
V06-026,boya-intermediate-i-lesson-06,6,挑战,26,决赛,juésài,,,True,80,,91,,S06-002-01,词语,,,,,,,,"[""A06-001""]",visually_confirmed,pending_review,not_started,,,,,,,,work/boya-intermediate/extractions/structured-lesson-06.json
V06-027,boya-intermediate-i-lesson-06,6,挑战,27,全能,quánnéng,,,True,80,,91,,S06-002-01,词语,,,,,,,,"[""A06-001""]",visually_confirmed,pending_review,not_started,,,,,,,,work/boya-intermediate/extractions/structured-lesson-06.json
V06-028,boya-intermediate-i-lesson-06,6,挑战,1,观音,Guānyīn,,,False,87,,98,,S06-010-01,词语,,,,,,,,"[""A06-007""]",visually_confirmed,pending_review,not_started,,,,,,,,work/boya-intermediate/extractions/structured-lesson-06.json
V06-029,boya-intermediate-i-lesson-06,6,挑战,2,残疾,cánjí,,,True,88,,99,,S06-010-01,词语,,,,,,,,"[""A06-007""]",visually_confirmed,pending_review,not_started,,,,,,,,work/boya-intermediate/extractions/structured-lesson-06.json
V06-030,boya-intermediate-i-lesson-06,6,挑战,3,敢于,gǎnyú,,,False,88,,99,,S06-010-01,词语,,,,,,,,"[""A06-007""]",visually_confirmed,pending_review,not_started,,,,,,,,work/boya-intermediate/extractions/structured-lesson-06.json
V06-031,boya-intermediate-i-lesson-06,6,挑战,4,展现,zhǎnxiàn,,,True,88,,99,,S06-010-01,词语,,,,,,,,"[""A06-007""]",visually_confirmed,pending_review,not_started,,,,,,,,work/boya-intermediate/extractions/structured-lesson-06.json
V06-032,boya-intermediate-i-lesson-06,6,挑战,5,青春,qīngchūn,,,False,88,,99,,S06-010-01,词语,,,,,,,,"[""A06-007""]",visually_confirmed,pending_review,not_started,,,,,,,,work/boya-intermediate/extractions/structured-lesson-06.json
V06-033,boya-intermediate-i-lesson-06,6,挑战,6,丧失,sàngshī,,,False,88,,99,,S06-010-01,词语,,,,,,,,"[""A06-007""]",visually_confirmed,pending_review,not_started,,,,,,,,work/boya-intermediate/extractions/structured-lesson-06.json
V06-034,boya-intermediate-i-lesson-06,6,挑战,7,舞蹈,wǔdǎo,,,True,88,,99,,S06-010-01,词语,,,,,,,,"[""A06-007""]",visually_confirmed,pending_review,not_started,,,,,,,,work/boya-intermediate/extractions/structured-lesson-06.json
V06-035,boya-intermediate-i-lesson-06,6,挑战,8,亲临,qīnlín,,,False,88,,99,,S06-010-01,词语,,,,,,,,"[""A06-007""]",visually_confirmed,pending_review,not_started,,,,,,,,work/boya-intermediate/extractions/structured-lesson-06.json
V06-036,boya-intermediate-i-lesson-06,6,挑战,9,观看,guānkàn,,,False,88,,99,,S06-010-01,词语,,,,,,,,"[""A06-007""]",visually_confirmed,pending_review,not_started,,,,,,,,work/boya-intermediate/extractions/structured-lesson-06.json
V06-037,boya-intermediate-i-lesson-06,6,挑战,10,数不胜数,shǔbùshèngshǔ,,,False,88,,99,,S06-010-01,词语,,,,,,,,"[""A06-007""]",visually_confirmed,pending_review,not_started,,,,,,,,work/boya-intermediate/extractions/structured-lesson-06.json
V06-038,boya-intermediate-i-lesson-06,6,挑战,11,百看不厌,bǎikàn-bùyàn,,,False,88,,99,,S06-010-01,词语,,,,,,,,"[""A06-007""]",visually_confirmed,pending_review,not_started,,,,,,,,work/boya-intermediate/extractions/structured-lesson-06.json
V06-039,boya-intermediate-i-lesson-06,6,挑战,12,婀娜多姿,ēnuó-duōzī,,,False,88,,99,,S06-010-01,词语,,,,,,,,"[""A06-007""]",visually_confirmed,pending_review,not_started,,,,,,,,work/boya-intermediate/extractions/structured-lesson-06.json
V06-040,boya-intermediate-i-lesson-06,6,挑战,13,优美,yōuměi,,,True,88,,99,,S06-010-01,词语,,,,,,,,"[""A06-007""]",visually_confirmed,pending_review,not_started,,,,,,,,work/boya-intermediate/extractions/structured-lesson-06.json
V06-041,boya-intermediate-i-lesson-06,6,挑战,14,情不自禁,qíngbùzìjīn,,,False,88,,99,,S06-010-01,词语,,,,,,,,"[""A06-007""]",visually_confirmed,pending_review,not_started,,,,,,,,work/boya-intermediate/extractions/structured-lesson-06.json
V06-042,boya-intermediate-i-lesson-06,6,挑战,15,哼,hēng,,,False,88,,99,,S06-010-01,词语,,,,,,,,"[""A06-007""]",visually_confirmed,pending_review,not_started,,,,,,,,work/boya-intermediate/extractions/structured-lesson-06.json
V06-043,boya-intermediate-i-lesson-06,6,挑战,16,豪情满怀,háoqíng-mǎnhuái,,,False,88,,99,,S06-010-01,词语,,,,,,,,"[""A06-007""]",visually_confirmed,pending_review,not_started,,,,,,,,work/boya-intermediate/extractions/structured-lesson-06.json
V06-044,boya-intermediate-i-lesson-06,6,挑战,17,意志,yìzhì,,,True,88,,99,,S06-010-01,词语,,,,,,,,"[""A06-007""]",visually_confirmed,pending_review,not_started,,,,,,,,work/boya-intermediate/extractions/structured-lesson-06.json
V06-045,boya-intermediate-i-lesson-06,6,挑战,18,天生,tiānshēng,,,False,88,,99,,S06-010-01,词语,,,,,,,,"[""A06-007""]",visually_confirmed,pending_review,not_started,,,,,,,,work/boya-intermediate/extractions/structured-lesson-06.json
V06-046,boya-intermediate-i-lesson-06,6,挑战,19,停顿,tíngdùn,,,False,88,,99,,S06-010-01,词语,,,,,,,,"[""A06-007""]",visually_confirmed,pending_review,not_started,,,,,,,,work/boya-intermediate/extractions/structured-lesson-06.json
V06-047,boya-intermediate-i-lesson-06,6,挑战,20,次数,cìshù,,,False,88,,99,,S06-010-01,词语,,,,,,,,"[""A06-007""]",visually_confirmed,pending_review,not_started,,,,,,,,work/boya-intermediate/extractions/structured-lesson-06.json
V06-048,boya-intermediate-i-lesson-06,6,挑战,21,内心世界,nèixīn shìjiè,,,False,88,,99,,S06-010-01,词语,,,,,,,,"[""A06-007""]",visually_confirmed,pending_review,not_started,,,,,,,,work/boya-intermediate/extractions/structured-lesson-06.json
V06-049,boya-intermediate-i-lesson-06,6,挑战,22,或许,huòxǔ,,,False,88,,99,,S06-010-01,词语,,,,,,,,"[""A06-007""]",visually_confirmed,pending_review,not_started,,,,,,,,work/boya-intermediate/extractions/structured-lesson-06.json
V06-050,boya-intermediate-i-lesson-06,6,挑战,23,清纯,qīngchún,,,False,88,,99,,S06-010-01,词语,,,,,,,,"[""A06-007""]",visually_confirmed,pending_review,not_started,,,,,,,,work/boya-intermediate/extractions/structured-lesson-06.json
V06-051,boya-intermediate-i-lesson-06,6,挑战,24,舞姿,wǔzī,,,False,88,,99,,S06-010-01,词语,,,,,,,,"[""A06-007""]",visually_confirmed,pending_review,not_started,,,,,,,,work/boya-intermediate/extractions/structured-lesson-06.json
V06-052,boya-intermediate-i-lesson-06,6,挑战,25,世人,shìrén,,,False,88,,99,,S06-010-01,词语,,,,,,,,"[""A06-007""]",visually_confirmed,pending_review,not_started,,,,,,,,work/boya-intermediate/extractions/structured-lesson-06.json
V06-053,boya-intermediate-i-lesson-06,6,挑战,26,显示,xiǎnshì,,,False,89,,100,,S06-010-01,词语,,,,,,,,"[""A06-007""]",visually_confirmed,pending_review,not_started,,,,,,,,work/boya-intermediate/extractions/structured-lesson-06.json
V06-054,boya-intermediate-i-lesson-06,6,挑战,27,抗争,kàngzhēng,,,True,89,,100,,S06-010-01,词语,,,,,,,,"[""A06-007""]",visually_confirmed,pending_review,not_started,,,,,,,,work/boya-intermediate/extractions/structured-lesson-06.json
V07-001,boya-intermediate-i-lesson-07,7,我的同事,1,拙作,zhuōzuò,,,True,96,,,,S07-01,听说（一）／课前准备／词语,,,,,,,,"[""L07-A01-01""]",pending_review,pending_review,not_started,,,,,,,,work/boya-intermediate/extractions/structured-lesson-07.json
V07-002,boya-intermediate-i-lesson-07,7,我的同事,2,傻里傻气,shǎlishǎqì,,,True,96,,,,S07-01,听说（一）／课前准备／词语,,,,,,,,"[""L07-A01-01""]",pending_review,pending_review,not_started,,,,,,,,work/boya-intermediate/extractions/structured-lesson-07.json
V07-003,boya-intermediate-i-lesson-07,7,我的同事,3,即使,jíshǐ,,,False,96,,,,S07-01,听说（一）／课前准备／词语,,,,,,,,"[""L07-A01-01""]",pending_review,pending_review,not_started,,,,,,,,work/boya-intermediate/extractions/structured-lesson-07.json
V07-004,boya-intermediate-i-lesson-07,7,我的同事,4,欺负,qīfu,,,False,96,,,,S07-01,听说（一）／课前准备／词语,,,,,,,,"[""L07-A01-01""]",pending_review,pending_review,not_started,,,,,,,,work/boya-intermediate/extractions/structured-lesson-07.json
V07-005,boya-intermediate-i-lesson-07,7,我的同事,5,反驳,fǎnbó,,,True,96,,,,S07-01,听说（一）／课前准备／词语,,,,,,,,"[""L07-A01-01""]",pending_review,pending_review,not_started,,,,,,,,work/boya-intermediate/extractions/structured-lesson-07.json
V07-006,boya-intermediate-i-lesson-07,7,我的同事,6,菜肴,càiyáo,,,True,96,,,,S07-01,听说（一）／课前准备／词语,,,,,,,,"[""L07-A01-01""]",pending_review,pending_review,not_started,,,,,,,,work/boya-intermediate/extractions/structured-lesson-07.json
V07-007,boya-intermediate-i-lesson-07,7,我的同事,7,丰盛,fēngshèng,,,True,96,,,,S07-01,听说（一）／课前准备／词语,,,,,,,,"[""L07-A01-01""]",pending_review,pending_review,not_started,,,,,,,,work/boya-intermediate/extractions/structured-lesson-07.json
V07-008,boya-intermediate-i-lesson-07,7,我的同事,8,无可奉告,wúkěfènggào,,,False,96,,,,S07-01,听说（一）／课前准备／词语,,,,,,,,"[""L07-A01-01""]",pending_review,pending_review,not_started,,,,,,,,work/boya-intermediate/extractions/structured-lesson-07.json
V07-009,boya-intermediate-i-lesson-07,7,我的同事,9,赞叹不已,zàntàn-bùyǐ,,,False,96,,,,S07-01,听说（一）／课前准备／词语,,,,,,,,"[""L07-A01-01""]",pending_review,pending_review,not_started,,,,,,,,work/boya-intermediate/extractions/structured-lesson-07.json
V07-010,boya-intermediate-i-lesson-07,7,我的同事,10,理直气壮,lǐzhí-qìzhuàng,,,True,96,,,,S07-01,听说（一）／课前准备／词语,,,,,,,,"[""L07-A01-01""]",pending_review,pending_review,not_started,,,,,,,,work/boya-intermediate/extractions/structured-lesson-07.json
V07-011,boya-intermediate-i-lesson-07,7,我的同事,11,赚钱,zhuàn qián,,,True,96,,,,S07-01,听说（一）／课前准备／词语,,,,,,,,"[""L07-A01-01""]",pending_review,pending_review,not_started,,,,,,,,work/boya-intermediate/extractions/structured-lesson-07.json
V07-012,boya-intermediate-i-lesson-07,7,我的同事,12,发财,fācái,,,True,97,,,,S07-01,听说（一）／课前准备／词语,,,,,,,,"[""L07-A01-01""]",pending_review,pending_review,not_started,,,,,,,,work/boya-intermediate/extractions/structured-lesson-07.json
V07-013,boya-intermediate-i-lesson-07,7,我的同事,13,嗜好,shìhào,,,True,97,,,,S07-01,听说（一）／课前准备／词语,,,,,,,,"[""L07-A01-01""]",pending_review,pending_review,not_started,,,,,,,,work/boya-intermediate/extractions/structured-lesson-07.json
V07-014,boya-intermediate-i-lesson-07,7,我的同事,14,隐私,yǐnsī,,,True,97,,,,S07-01,听说（一）／课前准备／词语,,,,,,,,"[""L07-A01-01""]",pending_review,pending_review,not_started,,,,,,,,work/boya-intermediate/extractions/structured-lesson-07.json
V07-015,boya-intermediate-i-lesson-07,7,我的同事,15,教养,jiàoyǎng,,,True,97,,,,S07-01,听说（一）／课前准备／词语,,,,,,,,"[""L07-A01-01""]",pending_review,pending_review,not_started,,,,,,,,work/boya-intermediate/extractions/structured-lesson-07.json
V07-016,boya-intermediate-i-lesson-07,7,我的同事,16,佩服,pèifú,,,True,97,,,,S07-01,听说（一）／课前准备／词语,,,,,,,,"[""L07-A01-01""]",pending_review,pending_review,not_started,,,,,,,,work/boya-intermediate/extractions/structured-lesson-07.json
V07-017,boya-intermediate-i-lesson-07,7,我的同事,17,自豪,zìháo,,,True,97,,,,S07-01,听说（一）／课前准备／词语,,,,,,,,"[""L07-A01-01""]",pending_review,pending_review,not_started,,,,,,,,work/boya-intermediate/extractions/structured-lesson-07.json
V07-018,boya-intermediate-i-lesson-07,7,我的同事,18,遍地,biàndì,,,False,97,,,,S07-01,听说（一）／课前准备／词语,,,,,,,,"[""L07-A01-01""]",pending_review,pending_review,not_started,,,,,,,,work/boya-intermediate/extractions/structured-lesson-07.json
V07-019,boya-intermediate-i-lesson-07,7,我的同事,19,谈吐,tántǔ,,,True,97,,,,S07-01,听说（一）／课前准备／词语,,,,,,,,"[""L07-A01-01""]",pending_review,pending_review,not_started,,,,,,,,work/boya-intermediate/extractions/structured-lesson-07.json
V07-020,boya-intermediate-i-lesson-07,7,我的同事,20,听话,tīnghuà,,,True,97,,,,S07-01,听说（一）／课前准备／词语,,,,,,,,"[""L07-A01-01""]",pending_review,pending_review,not_started,,,,,,,,work/boya-intermediate/extractions/structured-lesson-07.json
V07-021,boya-intermediate-i-lesson-07,7,我的同事,21,太极拳,tàijíquán,,,True,97,,,,S07-01,听说（一）／课前准备／词语,,,,,,,,"[""L07-A01-01""]",pending_review,pending_review,not_started,,,,,,,,work/boya-intermediate/extractions/structured-lesson-07.json
V07-022,boya-intermediate-i-lesson-07,7,我的同事,22,写作,xiězuò,,,False,97,,,,S07-01,听说（一）／课前准备／词语,,,,,,,,"[""L07-A01-01""]",pending_review,pending_review,not_started,,,,,,,,work/boya-intermediate/extractions/structured-lesson-07.json
V07-023,boya-intermediate-i-lesson-07,7,我的同事,23,家伙,jiāhuo,,,True,97,,,,S07-01,听说（一）／课前准备／词语,,,,,,,,"[""L07-A01-01""]",pending_review,pending_review,not_started,,,,,,,,work/boya-intermediate/extractions/structured-lesson-07.json
V07-024,boya-intermediate-i-lesson-07,7,我的同事,24,电脑,diànnǎo,,,False,97,,,,S07-01,听说（一）／课前准备／词语,,,,,,,,"[""L07-A01-01""]",pending_review,pending_review,not_started,,,,,,,,work/boya-intermediate/extractions/structured-lesson-07.json
V07-025,boya-intermediate-i-lesson-07,7,我的同事,25,一无所长,yīwúsuǒcháng,,,True,97,,,,S07-01,听说（一）／课前准备／词语,,,,,,,,"[""L07-A01-01""]",pending_review,pending_review,not_started,,,,,,,,work/boya-intermediate/extractions/structured-lesson-07.json
V07-026,boya-intermediate-i-lesson-07,7,我的同事,26,不屑,búxiè,,,True,97,,,,S07-01,听说（一）／课前准备／词语,,,,,,,,"[""L07-A01-01""]",pending_review,pending_review,not_started,,,,,,,,work/boya-intermediate/extractions/structured-lesson-07.json
V07-027,boya-intermediate-i-lesson-07,7,我的同事,27,地步,dìbù,,,False,97,,,,S07-01,听说（一）／课前准备／词语,,,,,,,,"[""L07-A01-01""]",pending_review,pending_review,not_started,,,,,,,,work/boya-intermediate/extractions/structured-lesson-07.json
V07-028,boya-intermediate-i-lesson-07,7,我的同事,28,像样儿,xiàng yàngr,,,True,97,,,,S07-01,听说（一）／课前准备／词语,,,,,,,,"[""L07-A01-01""]",pending_review,pending_review,not_started,,,,,,,,work/boya-intermediate/extractions/structured-lesson-07.json
V07-029,boya-intermediate-i-lesson-07,7,我的同事,29,老好人,lǎohǎorén,,,False,104,,,,S07-19,听说（二）／课前准备／词语,,,,,,,,"[""L07-A02-01""]",pending_review,pending_review,not_started,,,,,,,,work/boya-intermediate/extractions/structured-lesson-07.json
V07-030,boya-intermediate-i-lesson-07,7,我的同事,30,心不在焉,xīnbùzàiyān,,,False,104,,,,S07-19,听说（二）／课前准备／词语,,,,,,,,"[""L07-A02-01""]",pending_review,pending_review,not_started,,,,,,,,work/boya-intermediate/extractions/structured-lesson-07.json
V07-031,boya-intermediate-i-lesson-07,7,我的同事,31,冷清,lěngqīng,,,False,104,,,,S07-19,听说（二）／课前准备／词语,,,,,,,,"[""L07-A02-01""]",pending_review,pending_review,not_started,,,,,,,,work/boya-intermediate/extractions/structured-lesson-07.json
V07-032,boya-intermediate-i-lesson-07,7,我的同事,32,利落,lìluo,,,False,104,,,,S07-19,听说（二）／课前准备／词语,,,,,,,,"[""L07-A02-01""]",pending_review,pending_review,not_started,,,,,,,,work/boya-intermediate/extractions/structured-lesson-07.json
V07-033,boya-intermediate-i-lesson-07,7,我的同事,33,憋闷,biēmen,,,False,104,,,,S07-19,听说（二）／课前准备／词语,,,,,,,,"[""L07-A02-01""]",pending_review,pending_review,not_started,,,,,,,,work/boya-intermediate/extractions/structured-lesson-07.json
V07-034,boya-intermediate-i-lesson-07,7,我的同事,34,默默,mò mò,,,False,104,,,,S07-19,听说（二）／课前准备／词语,,,,,,,,"[""L07-A02-01""]",pending_review,pending_review,not_started,,,,,,,,work/boya-intermediate/extractions/structured-lesson-07.json
V07-035,boya-intermediate-i-lesson-07,7,我的同事,35,辞职,cízhí,,,False,104,,,,S07-19,听说（二）／课前准备／词语,,,,,,,,"[""L07-A02-01""]",pending_review,pending_review,not_started,,,,,,,,work/boya-intermediate/extractions/structured-lesson-07.json
V07-036,boya-intermediate-i-lesson-07,7,我的同事,36,回想,huíxiǎng,,,False,104,,,,S07-19,听说（二）／课前准备／词语,,,,,,,,"[""L07-A02-01""]",pending_review,pending_review,not_started,,,,,,,,work/boya-intermediate/extractions/structured-lesson-07.json
V07-037,boya-intermediate-i-lesson-07,7,我的同事,37,证实,zhèngshí,,,False,105,,,,S07-19,听说（二）／课前准备／词语,,,,,,,,"[""L07-A02-01""]",pending_review,pending_review,not_started,,,,,,,,work/boya-intermediate/extractions/structured-lesson-07.json
V07-038,boya-intermediate-i-lesson-07,7,我的同事,38,往日,wǎngrì,,,False,105,,,,S07-19,听说（二）／课前准备／词语,,,,,,,,"[""L07-A02-01""]",pending_review,pending_review,not_started,,,,,,,,work/boya-intermediate/extractions/structured-lesson-07.json
V07-039,boya-intermediate-i-lesson-07,7,我的同事,39,小曲儿,xiǎoqǔr,,,False,105,,,,S07-19,听说（二）／课前准备／词语,,,,,,,,"[""L07-A02-01""]",pending_review,pending_review,not_started,,,,,,,,work/boya-intermediate/extractions/structured-lesson-07.json
V07-040,boya-intermediate-i-lesson-07,7,我的同事,40,饮水器,yǐnshuǐqì,,,False,105,,,,S07-19,听说（二）／课前准备／词语,,,,,,,,"[""L07-A02-01""]",pending_review,pending_review,not_started,,,,,,,,work/boya-intermediate/extractions/structured-lesson-07.json
V07-041,boya-intermediate-i-lesson-07,7,我的同事,41,电源,diànyuán,,,False,105,,,,S07-19,听说（二）／课前准备／词语,,,,,,,,"[""L07-A02-01""]",pending_review,pending_review,not_started,,,,,,,,work/boya-intermediate/extractions/structured-lesson-07.json
V07-042,boya-intermediate-i-lesson-07,7,我的同事,42,开关,kāiguān,,,False,105,,,,S07-19,听说（二）／课前准备／词语,,,,,,,,"[""L07-A02-01""]",pending_review,pending_review,not_started,,,,,,,,work/boya-intermediate/extractions/structured-lesson-07.json
V07-043,boya-intermediate-i-lesson-07,7,我的同事,43,字纸篓,zìzhǐlǒu,,,False,105,,,,S07-19,听说（二）／课前准备／词语,,,,,,,,"[""L07-A02-01""]",pending_review,pending_review,not_started,,,,,,,,work/boya-intermediate/extractions/structured-lesson-07.json
V07-044,boya-intermediate-i-lesson-07,7,我的同事,44,废纸,fèizhǐ,,,False,105,,,,S07-19,听说（二）／课前准备／词语,,,,,,,,"[""L07-A02-01""]",pending_review,pending_review,not_started,,,,,,,,work/boya-intermediate/extractions/structured-lesson-07.json
V07-045,boya-intermediate-i-lesson-07,7,我的同事,45,小道儿消息,xiǎodàor xiāoxi,,,False,105,,,,S07-19,听说（二）／课前准备／词语,,,,,OCR pinyin is unreliable; verify against page image or later teacher review.,,,"[""L07-A02-01""]",pending_review,pending_review,not_started,,,,,,,,work/boya-intermediate/extractions/structured-lesson-07.json
V07-046,boya-intermediate-i-lesson-07,7,我的同事,46,总经理,zǒngjīnglǐ,,,False,105,,,,S07-19,听说（二）／课前准备／词语,,,,,,,,"[""L07-A02-01""]",pending_review,pending_review,not_started,,,,,,,,work/boya-intermediate/extractions/structured-lesson-07.json
V07-047,boya-intermediate-i-lesson-07,7,我的同事,47,秘书,mìshū,,,False,105,,,,S07-19,听说（二）／课前准备／词语,,,,,,,,"[""L07-A02-01""]",pending_review,pending_review,not_started,,,,,,,,work/boya-intermediate/extractions/structured-lesson-07.json
V07-048,boya-intermediate-i-lesson-07,7,我的同事,48,午休,wǔxiū,,,False,105,,,,S07-19,听说（二）／课前准备／词语,,,,,,,,"[""L07-A02-01""]",pending_review,pending_review,not_started,,,,,,,,work/boya-intermediate/extractions/structured-lesson-07.json
V07-049,boya-intermediate-i-lesson-07,7,我的同事,49,闲聊,xiánliáo,,,False,105,,,,S07-19,听说（二）／课前准备／词语,,,,,,,,"[""L07-A02-01""]",pending_review,pending_review,not_started,,,,,,,,work/boya-intermediate/extractions/structured-lesson-07.json
V07-050,boya-intermediate-i-lesson-07,7,我的同事,50,往事,wǎngshì,,,False,105,,,,S07-19,听说（二）／课前准备／词语,,,,,,,,"[""L07-A02-01""]",pending_review,pending_review,not_started,,,,,,,,work/boya-intermediate/extractions/structured-lesson-07.json
V07-051,boya-intermediate-i-lesson-07,7,我的同事,51,兄长,xiōngzhǎng,,,False,105,,,,S07-19,听说（二）／课前准备／词语,,,,,,,,"[""L07-A02-01""]",pending_review,pending_review,not_started,,,,,,,,work/boya-intermediate/extractions/structured-lesson-07.json
V08-001,boya-intermediate-i-lesson-08,8,学汉语的苦恼,1,苦恼,kǔnǎo,,,,111,,,,S08-002,课前准备,,,,,,,,"[""A08-001""]",pending_text_fidelity_review,pending_adam_review,not_started,,,,,,,,work/boya-intermediate/extractions/structured-lesson-08.json
V08-002,boya-intermediate-i-lesson-08,8,学汉语的苦恼,2,窍门儿,qiàoménr,,,,111,,,,S08-002,课前准备,,,,,,,,"[""A08-001""]",pending_text_fidelity_review,pending_adam_review,not_started,,,,,,,,work/boya-intermediate/extractions/structured-lesson-08.json
V08-003,boya-intermediate-i-lesson-08,8,学汉语的苦恼,3,偏旁,piānpáng,,,,111,,,,S08-002,课前准备,,,,,,,,"[""A08-001""]",pending_text_fidelity_review,pending_adam_review,not_started,,,,,,,,work/boya-intermediate/extractions/structured-lesson-08.json
V08-004,boya-intermediate-i-lesson-08,8,学汉语的苦恼,4,提手旁,tíshǒupáng,,,,111,,,,S08-002,课前准备,,,,,,,,"[""A08-001""]",pending_text_fidelity_review,pending_adam_review,not_started,,,,,,,,work/boya-intermediate/extractions/structured-lesson-08.json
V08-005,boya-intermediate-i-lesson-08,8,学汉语的苦恼,5,三点水旁,sāndiǎnshuǐpáng,,,,111,,,,S08-002,课前准备,,,,,,,,"[""A08-001""]",pending_text_fidelity_review,pending_adam_review,not_started,,,,,,,,work/boya-intermediate/extractions/structured-lesson-08.json
V08-006,boya-intermediate-i-lesson-08,8,学汉语的苦恼,6,形声字,xíngshēngzì,,,,111,,,,S08-002,课前准备,,,,,,,,"[""A08-001""]",pending_text_fidelity_review,pending_adam_review,not_started,,,,,,,,work/boya-intermediate/extractions/structured-lesson-08.json
V08-007,boya-intermediate-i-lesson-08,8,学汉语的苦恼,7,分清,fēnqīng,,,,111,,,,S08-002,课前准备,,,,,,,,"[""A08-001""]",pending_text_fidelity_review,pending_adam_review,not_started,,,,,,,,work/boya-intermediate/extractions/structured-lesson-08.json
V08-008,boya-intermediate-i-lesson-08,8,学汉语的苦恼,8,期末,qīmò,,,,111,,,,S08-002,课前准备,,,,,,,,"[""A08-001""]",pending_text_fidelity_review,pending_adam_review,not_started,,,,,,,,work/boya-intermediate/extractions/structured-lesson-08.json
V08-009,boya-intermediate-i-lesson-08,8,学汉语的苦恼,9,马马虎虎,mǎmǎhūhū,,,,111,,,,S08-002,课前准备,,,,,,,,"[""A08-001""]",pending_text_fidelity_review,pending_adam_review,not_started,,,,,,,,work/boya-intermediate/extractions/structured-lesson-08.json
V08-010,boya-intermediate-i-lesson-08,8,学汉语的苦恼,10,变化多端,biànhuà-duōduān,,,,111,,,,S08-002,课前准备,,,,,,,,"[""A08-001""]",pending_text_fidelity_review,pending_adam_review,not_started,,,,,,,,work/boya-intermediate/extractions/structured-lesson-08.json
V08-011,boya-intermediate-i-lesson-08,8,学汉语的苦恼,11,不简单,bù jiǎndān,,,,111,,,,S08-002,课前准备,,,,,,,,"[""A08-001""]",pending_text_fidelity_review,pending_adam_review,not_started,,,,,,,,work/boya-intermediate/extractions/structured-lesson-08.json
V08-012,boya-intermediate-i-lesson-08,8,学汉语的苦恼,12,纠纷,jiūfēn,,,,111,,,,S08-002,课前准备,,,,,,,,"[""A08-001""]",pending_text_fidelity_review,pending_adam_review,not_started,,,,,,,,work/boya-intermediate/extractions/structured-lesson-08.json
V08-013,boya-intermediate-i-lesson-08,8,学汉语的苦恼,13,超市,chāoshì,,,,112,,,,S08-002,课前准备,,,,,,,,"[""A08-001""]",pending_text_fidelity_review,pending_adam_review,not_started,,,,,,,,work/boya-intermediate/extractions/structured-lesson-08.json
V08-014,boya-intermediate-i-lesson-08,8,学汉语的苦恼,14,行为,xíngwéi,,,,112,,,,S08-002,课前准备,,,,,,,,"[""A08-001""]",pending_text_fidelity_review,pending_adam_review,not_started,,,,,,,,work/boya-intermediate/extractions/structured-lesson-08.json
V08-015,boya-intermediate-i-lesson-08,8,学汉语的苦恼,15,简化,jiǎnhuà,,,,112,,,,S08-002,课前准备,,,,,,,,"[""A08-001""]",pending_text_fidelity_review,pending_adam_review,not_started,,,,,,,,work/boya-intermediate/extractions/structured-lesson-08.json
V08-016,boya-intermediate-i-lesson-08,8,学汉语的苦恼,16,比方说,bǐfāngshuō,,,,112,,,,S08-002,课前准备,,,,,,,,"[""A08-001""]",pending_text_fidelity_review,pending_adam_review,not_started,,,,,,,,work/boya-intermediate/extractions/structured-lesson-08.json
V08-017,boya-intermediate-i-lesson-08,8,学汉语的苦恼,17,字母,zìmǔ,,,,112,,,,S08-002,课前准备,,,,教材P112／PDF P123页面图已确认词形与拼音。,,,,"[""A08-001""]",visually_confirmed,pending_adam_review,not_started,,,,,,,,work/boya-intermediate/extractions/structured-lesson-08.json
V08-018,boya-intermediate-i-lesson-08,8,学汉语的苦恼,18,打架,dǎjià,,,,112,,,,S08-002,课前准备,,,,,,,,"[""A08-001""]",pending_text_fidelity_review,pending_adam_review,not_started,,,,,,,,work/boya-intermediate/extractions/structured-lesson-08.json
V08-019,boya-intermediate-i-lesson-08,8,学汉语的苦恼,19,揍,zòu,,,,112,,,,S08-002,课前准备,,,,,,,,"[""A08-001""]",pending_text_fidelity_review,pending_adam_review,not_started,,,,,,,,work/boya-intermediate/extractions/structured-lesson-08.json
V08-020,boya-intermediate-i-lesson-08,8,学汉语的苦恼,20,捆,kǔn,,,,112,,,,S08-002,课前准备,,,,,,,,"[""A08-001""]",pending_text_fidelity_review,pending_adam_review,not_started,,,,,,,,work/boya-intermediate/extractions/structured-lesson-08.json
V08-021,boya-intermediate-i-lesson-08,8,学汉语的苦恼,21,酱油,jiàngyóu,,,,112,,,,S08-002,课前准备,,,,,,,,"[""A08-001""]",pending_text_fidelity_review,pending_adam_review,not_started,,,,,,,,work/boya-intermediate/extractions/structured-lesson-08.json
V08-022,boya-intermediate-i-lesson-08,8,学汉语的苦恼,22,液体,yètǐ,,,,112,,,,S08-002,课前准备,,,,,,,,"[""A08-001""]",pending_text_fidelity_review,pending_adam_review,not_started,,,,,,,,work/boya-intermediate/extractions/structured-lesson-08.json
V08-023,boya-intermediate-i-lesson-08,8,学汉语的苦恼,23,形,xíng,,,,112,,,,S08-002,课前准备,,,,,,,,"[""A08-001""]",pending_text_fidelity_review,pending_adam_review,not_started,,,,,,,,work/boya-intermediate/extractions/structured-lesson-08.json
V08-024,boya-intermediate-i-lesson-08,8,学汉语的苦恼,24,相近,xiāngjìn,,,,112,,,,S08-002,课前准备,,,,,,,,"[""A08-001""]",pending_text_fidelity_review,pending_adam_review,not_started,,,,,,,,work/boya-intermediate/extractions/structured-lesson-08.json
V08-025,boya-intermediate-i-lesson-08,8,学汉语的苦恼,25,饭馆儿,fànguǎnr,,,,112,,,,S08-002,课前准备,,,,,,,,"[""A08-001""]",pending_text_fidelity_review,pending_adam_review,not_started,,,,,,,,work/boya-intermediate/extractions/structured-lesson-08.json
V08-026,boya-intermediate-i-lesson-08,8,学汉语的苦恼,26,简体字,jiǎntǐzì,,,,112,,,,S08-002,课前准备,,,,,,,,"[""A08-001""]",pending_text_fidelity_review,pending_adam_review,not_started,,,,,,,,work/boya-intermediate/extractions/structured-lesson-08.json
V08-027,boya-intermediate-i-lesson-08,8,学汉语的苦恼,27,无法,wúfǎ,,,,112,,,,S08-002,课前准备,,,,,,,,"[""A08-001""]",pending_text_fidelity_review,pending_adam_review,not_started,,,,,,,,work/boya-intermediate/extractions/structured-lesson-08.json
V08-028,boya-intermediate-i-lesson-08,8,学汉语的苦恼,28,体现,tǐxiàn,,,,112,,,,S08-002,课前准备,,,,,,,,"[""A08-001""]",pending_text_fidelity_review,pending_adam_review,not_started,,,,,,,,work/boya-intermediate/extractions/structured-lesson-08.json
V08-029,boya-intermediate-i-lesson-08,8,学汉语的苦恼,29,毫无,háowú,,,,112,,,,S08-002,课前准备,,,,,,,,"[""A08-001""]",pending_text_fidelity_review,pending_adam_review,not_started,,,,,,,,work/boya-intermediate/extractions/structured-lesson-08.json
V08-030,boya-intermediate-i-lesson-08,8,学汉语的苦恼,1,断句,duànjù,,,,119,,,,S08-010,课前准备,,,,,,,,"[""A08-006""]",pending_text_fidelity_review,pending_adam_review,not_started,,,,,,,,work/boya-intermediate/extractions/structured-lesson-08.json
V08-031,boya-intermediate-i-lesson-08,8,学汉语的苦恼,2,丹麦,Dānmài,,,,119,,,,S08-010,课前准备,,,,,,,,"[""A08-006""]",pending_text_fidelity_review,pending_adam_review,not_started,,,,,,,,work/boya-intermediate/extractions/structured-lesson-08.json
V08-032,boya-intermediate-i-lesson-08,8,学汉语的苦恼,3,闹笑话,nào xiàohuà,,,,120,,,,S08-010,课前准备,,,,,,,,"[""A08-006""]",pending_text_fidelity_review,pending_adam_review,not_started,,,,,,,,work/boya-intermediate/extractions/structured-lesson-08.json
V08-033,boya-intermediate-i-lesson-08,8,学汉语的苦恼,4,打败,dǎbài,,,,120,,,,S08-010,课前准备,,,,,,,,"[""A08-006""]",pending_text_fidelity_review,pending_adam_review,not_started,,,,,,,,work/boya-intermediate/extractions/structured-lesson-08.json
V08-034,boya-intermediate-i-lesson-08,8,学汉语的苦恼,5,谴责,qiǎnzé,,,,120,,,,S08-010,课前准备,,,,,,,,"[""A08-006""]",pending_text_fidelity_review,pending_adam_review,not_started,,,,,,,,work/boya-intermediate/extractions/structured-lesson-08.json
V08-035,boya-intermediate-i-lesson-08,8,学汉语的苦恼,6,好笑,hǎoxiào,,,,120,,,,S08-010,课前准备,,,,,,,,"[""A08-006""]",pending_text_fidelity_review,pending_adam_review,not_started,,,,,,,,work/boya-intermediate/extractions/structured-lesson-08.json
V08-036,boya-intermediate-i-lesson-08,8,学汉语的苦恼,7,类似,lèisì,,,,120,,,,S08-010,课前准备,,,,,,,,"[""A08-006""]",pending_text_fidelity_review,pending_adam_review,not_started,,,,,,,,work/boya-intermediate/extractions/structured-lesson-08.json
V08-037,boya-intermediate-i-lesson-08,8,学汉语的苦恼,8,甚至,shènzhì,,,,120,,,,S08-010,课前准备,,,,,,,,"[""A08-006""]",pending_text_fidelity_review,pending_adam_review,not_started,,,,,,,,work/boya-intermediate/extractions/structured-lesson-08.json
V08-038,boya-intermediate-i-lesson-08,8,学汉语的苦恼,9,密密麻麻,mìmìmámá,,,,120,,,,S08-010,课前准备,,,,,,,,"[""A08-006""]",pending_text_fidelity_review,pending_adam_review,not_started,,,,,,,,work/boya-intermediate/extractions/structured-lesson-08.json
V08-039,boya-intermediate-i-lesson-08,8,学汉语的苦恼,10,哄堂大笑,hōngtáng-dàxiào,,,,120,,,,S08-010,课前准备,,,,,,,,"[""A08-006""]",pending_text_fidelity_review,pending_adam_review,not_started,,,,,,,,work/boya-intermediate/extractions/structured-lesson-08.json
V08-040,boya-intermediate-i-lesson-08,8,学汉语的苦恼,11,一无所有,yīwúsuǒyǒu,,,,120,,,,S08-010,课前准备,,,,,,,,"[""A08-006""]",pending_text_fidelity_review,pending_adam_review,not_started,,,,,,,,work/boya-intermediate/extractions/structured-lesson-08.json
V08-041,boya-intermediate-i-lesson-08,8,学汉语的苦恼,12,难为情,nánwéiqíng,,,,120,,,,S08-010,课前准备,,,,,,,,"[""A08-006""]",pending_text_fidelity_review,pending_adam_review,not_started,,,,,,,,work/boya-intermediate/extractions/structured-lesson-08.json
V08-042,boya-intermediate-i-lesson-08,8,学汉语的苦恼,13,空格,kònggé,,,,120,,,,S08-010,课前准备,,,,,,,,"[""A08-006""]",pending_text_fidelity_review,pending_adam_review,not_started,,,,,,,,work/boya-intermediate/extractions/structured-lesson-08.json
V08-043,boya-intermediate-i-lesson-08,8,学汉语的苦恼,14,极,jí,,,,120,,,,S08-010,课前准备,,,,,,,,"[""A08-006""]",pending_text_fidelity_review,pending_adam_review,not_started,,,,,,,,work/boya-intermediate/extractions/structured-lesson-08.json
V08-044,boya-intermediate-i-lesson-08,8,学汉语的苦恼,15,举办,jǔbàn,,,,120,,,,S08-010,课前准备,,,,,,,,"[""A08-006""]",pending_text_fidelity_review,pending_adam_review,not_started,,,,,,,,work/boya-intermediate/extractions/structured-lesson-08.json
V08-045,boya-intermediate-i-lesson-08,8,学汉语的苦恼,16,桥牌,qiáopái,,,,120,,,,S08-010,课前准备,,,,,,,,"[""A08-006""]",pending_text_fidelity_review,pending_adam_review,not_started,,,,,,,,work/boya-intermediate/extractions/structured-lesson-08.json
V08-046,boya-intermediate-i-lesson-08,8,学汉语的苦恼,17,张（嘴）,zhāng (zuǐ),,,,120,,,,S08-010,课前准备,,,,,,,,"[""A08-006""]",pending_text_fidelity_review,pending_adam_review,not_started,,,,,,,,work/boya-intermediate/extractions/structured-lesson-08.json
V08-047,boya-intermediate-i-lesson-08,8,学汉语的苦恼,18,憋,biē,,,,120,,,,S08-010,课前准备,,,,,,,,"[""A08-006""]",pending_text_fidelity_review,pending_adam_review,not_started,,,,,,,,work/boya-intermediate/extractions/structured-lesson-08.json
V08-048,boya-intermediate-i-lesson-08,8,学汉语的苦恼,19,归,guī,,,,120,,,,S08-010,课前准备,,,,,,,,"[""A08-006""]",pending_text_fidelity_review,pending_adam_review,not_started,,,,,,,,work/boya-intermediate/extractions/structured-lesson-08.json
