section_id,lesson_id,lesson_number,lesson_title,section_order,section_level,section_type,section_label_raw,source_part_id,source_part_label,parent_section_id,textbook_page,textbook_page_range,source_pdf_page,source_pdf_page_range,audio_asset_ids,review_status,source_file
S01-001,boya-intermediate-i-lesson-01,1,中国人的姓名,1,1,listening_part_1,听说（一）,S01-001,听说（一）,,,,"{""start"":12,""end"":20}",12–20,"[""A01-001"",""A01-002"",""A01-003"",""A01-004"",""A01-005"",""A01-006""]",verified,textbooks/boya-intermediate-i/source/derived/extractions/structured-lesson-01.json
S01-001-01,boya-intermediate-i-lesson-01,1,中国人的姓名,2,2,part_topic,起名儿难,S01-001,听说（一）,S01-001,,,[12],12,,verified,textbooks/boya-intermediate-i/source/derived/extractions/structured-lesson-01.json
S01-002,boya-intermediate-i-lesson-01,1,中国人的姓名,3,2,preparation,课前准备,S01-001,听说（一）,S01-001,,,"[12,13]",12–13,"[""A01-001""]",verified,textbooks/boya-intermediate-i/source/derived/extractions/structured-lesson-01.json
S01-002-01,boya-intermediate-i-lesson-01,1,中国人的姓名,4,3,vocabulary_list,词语,S01-001,听说（一）,S01-002,,,"[12,13]",12–13,"[""A01-001""]",verified,textbooks/boya-intermediate-i/source/derived/extractions/structured-lesson-01.json
S01-002-02,boya-intermediate-i-lesson-01,1,中国人的姓名,5,3,classroom_exchange,课堂小组交流,S01-001,听说（一）,S01-002,,,[13],13,,verified,textbooks/boya-intermediate-i/source/derived/extractions/structured-lesson-01.json
S01-002-03,boya-intermediate-i-lesson-01,1,中国人的姓名,6,3,survey,小调查,S01-001,听说（一）,S01-002,,,[13],13,,verified,textbooks/boya-intermediate-i/source/derived/extractions/structured-lesson-01.json
S01-003,boya-intermediate-i-lesson-01,1,中国人的姓名,7,2,vocabulary_comprehension,词语理解,S01-001,听说（一）,S01-001,,,"[14,15]",14–15,"[""A01-002"",""A01-003""]",verified,textbooks/boya-intermediate-i/source/derived/extractions/structured-lesson-01.json
S01-003-01,boya-intermediate-i-lesson-01,1,中国人的姓名,8,3,listening_questions,听对话，回答问题,S01-001,听说（一）,S01-003,,,[14],14,"[""A01-002""]",verified,textbooks/boya-intermediate-i/source/derived/extractions/structured-lesson-01.json
S01-003-02,boya-intermediate-i-lesson-01,1,中国人的姓名,9,3,listening_multiple_choice,选出与所听到的句子意思相近的一项,S01-001,听说（一）,S01-003,,,[14],14,"[""A01-003""]",verified,textbooks/boya-intermediate-i/source/derived/extractions/structured-lesson-01.json
S01-003-03,boya-intermediate-i-lesson-01,1,中国人的姓名,10,3,guided_speaking,用三至五句话回答问题，并使用画线词语,S01-001,听说（一）,S01-003,,,[15],15,,verified,textbooks/boya-intermediate-i/source/derived/extractions/structured-lesson-01.json
S01-003A,boya-intermediate-i-lesson-01,1,中国人的姓名,11,2,sentence_comprehension,语句理解,S01-001,听说（一）,S01-001,,,[15],15,"[""A01-004"",""A01-005""]",verified,textbooks/boya-intermediate-i/source/derived/extractions/structured-lesson-01.json
S01-003A-01,boya-intermediate-i-lesson-01,1,中国人的姓名,12,3,listen_repeat_substitute,听录音，跟读句子，并替换画线词语各说一句话,S01-001,听说（一）,S01-003A,,,[15],15,"[""A01-004""]",verified,textbooks/boya-intermediate-i/source/derived/extractions/structured-lesson-01.json
S01-003A-02,boya-intermediate-i-lesson-01,1,中国人的姓名,13,3,dialogue_repetition,听录音，复述并模仿对话,S01-001,听说（一）,S01-003A,,,[15],15,"[""A01-005""]",verified,textbooks/boya-intermediate-i/source/derived/extractions/structured-lesson-01.json
S01-004,boya-intermediate-i-lesson-01,1,中国人的姓名,14,2,paragraph_comprehension,语段理解,S01-001,听说（一）,S01-001,,,[16],16,"[""A01-006""]",verified,textbooks/boya-intermediate-i/source/derived/extractions/structured-lesson-01.json
S01-004-01,boya-intermediate-i-lesson-01,1,中国人的姓名,15,3,content_prompt,内容提示,S01-001,听说（一）,S01-004,,,[16],16,,verified,textbooks/boya-intermediate-i/source/derived/extractions/structured-lesson-01.json
S01-004-02,boya-intermediate-i-lesson-01,1,中国人的姓名,16,3,listening_practice,听对话，做练习,S01-001,听说（一）,S01-004,,,[16],16,"[""A01-006""]",verified,textbooks/boya-intermediate-i/source/derived/extractions/structured-lesson-01.json
S01-004-02-01,boya-intermediate-i-lesson-01,1,中国人的姓名,17,4,listening_fill_blank,（一）听第一遍录音，填空,S01-001,听说（一）,S01-004-02,,,[16],16,"[""A01-006""]",verified,textbooks/boya-intermediate-i/source/derived/extractions/structured-lesson-01.json
S01-004-02-02,boya-intermediate-i-lesson-01,1,中国人的姓名,18,4,listening_true_false,（二）听第二遍录音，判断正误,S01-001,听说（一）,S01-004-02,,,[16],16,"[""A01-006""]",verified,textbooks/boya-intermediate-i/source/derived/extractions/structured-lesson-01.json
S01-004-02-03,boya-intermediate-i-lesson-01,1,中国人的姓名,19,4,listening_open_response,（三）听后回答,S01-001,听说（一）,S01-004-02,,,[16],16,"[""A01-006""]",verified,textbooks/boya-intermediate-i/source/derived/extractions/structured-lesson-01.json
S01-005,boya-intermediate-i-lesson-01,1,中国人的姓名,20,2,speaking_patterns,口语句式,S01-001,听说（一）,S01-001,,,"[17,18]",17–18,,verified,textbooks/boya-intermediate-i/source/derived/extractions/structured-lesson-01.json
S01-005-01,boya-intermediate-i-lesson-01,1,中国人的姓名,21,3,common_patterns,常用句式,S01-001,听说（一）,S01-005,,,[17],17,,verified,textbooks/boya-intermediate-i/source/derived/extractions/structured-lesson-01.json
S01-005-02,boya-intermediate-i-lesson-01,1,中国人的姓名,22,3,pattern_practice,句式练习,S01-001,听说（一）,S01-005,,,"[17,18]",17–18,,verified,textbooks/boya-intermediate-i/source/derived/extractions/structured-lesson-01.json
S01-006,boya-intermediate-i-lesson-01,1,中国人的姓名,23,2,culture,文化知识,S01-001,听说（一）,S01-001,,,"[18,19]",18–19,,verified,textbooks/boya-intermediate-i/source/derived/extractions/structured-lesson-01.json
S01-006-01,boya-intermediate-i-lesson-01,1,中国人的姓名,24,3,culture_discussion,请你说说,S01-001,听说（一）,S01-006,,,[18],18,,verified,textbooks/boya-intermediate-i/source/derived/extractions/structured-lesson-01.json
S01-006-02,boya-intermediate-i-lesson-01,1,中国人的姓名,25,3,reading,阅读短文，回答问题,S01-001,听说（一）,S01-006,,,[19],19,,verified,textbooks/boya-intermediate-i/source/derived/extractions/structured-lesson-01.json
S01-006-03,boya-intermediate-i-lesson-01,1,中国人的姓名,26,4,reading_response,读后回答,S01-001,听说（一）,S01-006-02,,,[19],19,,verified,textbooks/boya-intermediate-i/source/derived/extractions/structured-lesson-01.json
S01-007,boya-intermediate-i-lesson-01,1,中国人的姓名,27,2,extension,拓展练习,S01-001,听说（一）,S01-001,,,"[19,20]",19–20,,verified,textbooks/boya-intermediate-i/source/derived/extractions/structured-lesson-01.json
S01-007-01,boya-intermediate-i-lesson-01,1,中国人的姓名,28,3,paragraph_speaking,成段叙述,S01-001,听说（一）,S01-007,,,[19],19,,verified,textbooks/boya-intermediate-i/source/derived/extractions/structured-lesson-01.json
S01-007-02,boya-intermediate-i-lesson-01,1,中国人的姓名,29,3,role_play,模拟空间,S01-001,听说（一）,S01-007,,,[20],20,,verified,textbooks/boya-intermediate-i/source/derived/extractions/structured-lesson-01.json
S01-007-02-01,boya-intermediate-i-lesson-01,1,中国人的姓名,30,4,reference_questions,参考问题,S01-001,听说（一）,S01-007-02,,,[20],20,,verified,textbooks/boya-intermediate-i/source/derived/extractions/structured-lesson-01.json
S01-007-03,boya-intermediate-i-lesson-01,1,中国人的姓名,31,3,classroom_practice,课堂实践,S01-001,听说（一）,S01-007,,,[20],20,,verified,textbooks/boya-intermediate-i/source/derived/extractions/structured-lesson-01.json
S01-007-04,boya-intermediate-i-lesson-01,1,中国人的姓名,32,3,survey_report,调查报告,S01-001,听说（一）,S01-007,,,[20],20,,verified,textbooks/boya-intermediate-i/source/derived/extractions/structured-lesson-01.json
S01-008,boya-intermediate-i-lesson-01,1,中国人的姓名,33,1,listening_part_2,听说（二）,S01-008,听说（二）,,,,"{""start"":21,""end"":27}",21–27,"[""A01-007"",""A01-008"",""A01-009"",""A01-010"",""A01-011""]",verified,textbooks/boya-intermediate-i/source/derived/extractions/structured-lesson-01.json
S01-008-01,boya-intermediate-i-lesson-01,1,中国人的姓名,34,2,part_topic,姓氏趣谈,S01-008,听说（二）,S01-008,,,[21],21,,verified,textbooks/boya-intermediate-i/source/derived/extractions/structured-lesson-01.json
S01-009,boya-intermediate-i-lesson-01,1,中国人的姓名,35,2,preparation,课前准备,S01-008,听说（二）,S01-008,,,[21],21,"[""A01-007""]",verified,textbooks/boya-intermediate-i/source/derived/extractions/structured-lesson-01.json
S01-009-01,boya-intermediate-i-lesson-01,1,中国人的姓名,36,3,vocabulary_list,词语,S01-008,听说（二）,S01-009,,,[21],21,"[""A01-007""]",verified,textbooks/boya-intermediate-i/source/derived/extractions/structured-lesson-01.json
S01-009-02,boya-intermediate-i-lesson-01,1,中国人的姓名,37,3,classroom_exchange,课堂小组交流,S01-008,听说（二）,S01-009,,,[21],21,,verified,textbooks/boya-intermediate-i/source/derived/extractions/structured-lesson-01.json
S01-010,boya-intermediate-i-lesson-01,1,中国人的姓名,38,2,vocabulary_comprehension,词语理解,S01-008,听说（二）,S01-008,,,[22],22,"[""A01-008""]",verified,textbooks/boya-intermediate-i/source/derived/extractions/structured-lesson-01.json
S01-010-01,boya-intermediate-i-lesson-01,1,中国人的姓名,39,3,listening_questions,听对话，回答问题,S01-008,听说（二）,S01-010,,,[22],22,"[""A01-008""]",verified,textbooks/boya-intermediate-i/source/derived/extractions/structured-lesson-01.json
S01-010-02,boya-intermediate-i-lesson-01,1,中国人的姓名,40,3,guided_speaking,用三至五句话回答问题，并使用画线词语,S01-008,听说（二）,S01-010,,,[22],22,,verified,textbooks/boya-intermediate-i/source/derived/extractions/structured-lesson-01.json
S01-010A,boya-intermediate-i-lesson-01,1,中国人的姓名,41,2,sentence_comprehension,语句理解,S01-008,听说（二）,S01-008,,,"[22,23]",22–23,"[""A01-009"",""A01-010""]",verified,textbooks/boya-intermediate-i/source/derived/extractions/structured-lesson-01.json
S01-010A-01,boya-intermediate-i-lesson-01,1,中国人的姓名,42,3,listen_repeat_substitute,听录音，跟读句子，并替换画线词语各说一句话,S01-008,听说（二）,S01-010A,,,[22],22,"[""A01-009""]",verified,textbooks/boya-intermediate-i/source/derived/extractions/structured-lesson-01.json
S01-010A-02,boya-intermediate-i-lesson-01,1,中国人的姓名,43,3,dialogue_repetition,听录音，复述并模仿对话,S01-008,听说（二）,S01-010A,,,[23],23,"[""A01-010""]",verified,textbooks/boya-intermediate-i/source/derived/extractions/structured-lesson-01.json
S01-011,boya-intermediate-i-lesson-01,1,中国人的姓名,44,2,paragraph_comprehension,语段理解,S01-008,听说（二）,S01-008,,,"[23,24]",23–24,"[""A01-011""]",verified,textbooks/boya-intermediate-i/source/derived/extractions/structured-lesson-01.json
S01-011-01,boya-intermediate-i-lesson-01,1,中国人的姓名,45,3,content_prompt,内容提示,S01-008,听说（二）,S01-011,,,[23],23,,verified,textbooks/boya-intermediate-i/source/derived/extractions/structured-lesson-01.json
S01-011-02,boya-intermediate-i-lesson-01,1,中国人的姓名,46,3,listening_practice,听短文，做练习,S01-008,听说（二）,S01-011,,,"[23,24]",23–24,"[""A01-011""]",verified,textbooks/boya-intermediate-i/source/derived/extractions/structured-lesson-01.json
S01-011-02-01,boya-intermediate-i-lesson-01,1,中国人的姓名,47,4,listening_fill_blank,（一）听第一遍录音，填空,S01-008,听说（二）,S01-011-02,,,[23],23,"[""A01-011""]",verified,textbooks/boya-intermediate-i/source/derived/extractions/structured-lesson-01.json
S01-011-02-02,boya-intermediate-i-lesson-01,1,中国人的姓名,48,4,listening_true_false,（二）听第二遍录音，判断正误,S01-008,听说（二）,S01-011-02,,,[24],24,"[""A01-011""]",verified,textbooks/boya-intermediate-i/source/derived/extractions/structured-lesson-01.json
S01-011-02-03,boya-intermediate-i-lesson-01,1,中国人的姓名,49,4,listening_open_response,（三）听后回答,S01-008,听说（二）,S01-011-02,,,[24],24,"[""A01-011""]",verified,textbooks/boya-intermediate-i/source/derived/extractions/structured-lesson-01.json
S01-012,boya-intermediate-i-lesson-01,1,中国人的姓名,50,2,speaking_patterns,口语句式,S01-008,听说（二）,S01-008,,,"[24,25]",24–25,,verified,textbooks/boya-intermediate-i/source/derived/extractions/structured-lesson-01.json
S01-012-01,boya-intermediate-i-lesson-01,1,中国人的姓名,51,3,common_patterns,常用句式,S01-008,听说（二）,S01-012,,,[24],24,,verified,textbooks/boya-intermediate-i/source/derived/extractions/structured-lesson-01.json
S01-012-02,boya-intermediate-i-lesson-01,1,中国人的姓名,52,3,pattern_practice,句式练习,S01-008,听说（二）,S01-012,,,[25],25,,verified,textbooks/boya-intermediate-i/source/derived/extractions/structured-lesson-01.json
S01-013,boya-intermediate-i-lesson-01,1,中国人的姓名,53,2,culture,文化知识,S01-008,听说（二）,S01-008,,,"[25,26]",25–26,,verified,textbooks/boya-intermediate-i/source/derived/extractions/structured-lesson-01.json
S01-013-01,boya-intermediate-i-lesson-01,1,中国人的姓名,54,3,culture_discussion,请你说说,S01-008,听说（二）,S01-013,,,[25],25,,verified,textbooks/boya-intermediate-i/source/derived/extractions/structured-lesson-01.json
S01-013-02,boya-intermediate-i-lesson-01,1,中国人的姓名,55,3,reading,阅读短文，回答问题,S01-008,听说（二）,S01-013,,,"[25,26]",25–26,,verified,textbooks/boya-intermediate-i/source/derived/extractions/structured-lesson-01.json
S01-013-03,boya-intermediate-i-lesson-01,1,中国人的姓名,56,4,reading_response,读后回答,S01-008,听说（二）,S01-013-02,,,[26],26,,verified,textbooks/boya-intermediate-i/source/derived/extractions/structured-lesson-01.json
S01-014,boya-intermediate-i-lesson-01,1,中国人的姓名,57,2,extension,拓展练习,S01-008,听说（二）,S01-008,,,"[26,27]",26–27,,verified,textbooks/boya-intermediate-i/source/derived/extractions/structured-lesson-01.json
S01-014-01,boya-intermediate-i-lesson-01,1,中国人的姓名,58,3,paragraph_speaking,成段叙述,S01-008,听说（二）,S01-014,,,[26],26,,verified,textbooks/boya-intermediate-i/source/derived/extractions/structured-lesson-01.json
S01-014-02,boya-intermediate-i-lesson-01,1,中国人的姓名,59,3,research_speaking,寻找历史名人,S01-008,听说（二）,S01-014,,,[26],26,,verified,textbooks/boya-intermediate-i/source/derived/extractions/structured-lesson-01.json
S01-014-03,boya-intermediate-i-lesson-01,1,中国人的姓名,60,3,pronunciation_reading,读一读，说一说,S01-008,听说（二）,S01-014,,,"[26,27]",26–27,,verified,textbooks/boya-intermediate-i/source/derived/extractions/structured-lesson-01.json
S01-014-03-01,boya-intermediate-i-lesson-01,1,中国人的姓名,61,4,surname_list,单姓,S01-008,听说（二）,S01-014-03,,,"[26,27]",26–27,,verified,textbooks/boya-intermediate-i/source/derived/extractions/structured-lesson-01.json
S01-014-03-02,boya-intermediate-i-lesson-01,1,中国人的姓名,62,4,surname_list,复姓,S01-008,听说（二）,S01-014-03,,,[27],27,,verified,textbooks/boya-intermediate-i/source/derived/extractions/structured-lesson-01.json
S01-014-04,boya-intermediate-i-lesson-01,1,中国人的姓名,63,3,dialogue_reflection,读对话，谈体会,S01-008,听说（二）,S01-014,,,[27],27,,verified,textbooks/boya-intermediate-i/source/derived/extractions/structured-lesson-01.json
S02-001,boya-intermediate-i-lesson-02,2,真正的朋友,1,1,listening_part_1,听说（一）,,听说（一）,,"[17,24]",17–24,"[28,35]",28–35,"[""A02-001"",""A02-002"",""A02-003"",""A02-004"",""A02-005"",""A02-006""]",pending_review,textbooks/boya-intermediate-i/source/derived/extractions/structured-lesson-02.json
S02-001-01,boya-intermediate-i-lesson-02,2,真正的朋友,2,2,part_topic,知音,,听说（一）,S02-001,17,,28,,,visually_confirmed,textbooks/boya-intermediate-i/source/derived/extractions/structured-lesson-02.json
S02-002,boya-intermediate-i-lesson-02,2,真正的朋友,3,2,preparation,课前准备,,听说（一）,S02-001,"[17,18]",17–18,"[28,29]",28–29,"[""A02-001""]",pending_review,textbooks/boya-intermediate-i/source/derived/extractions/structured-lesson-02.json
S02-002-01,boya-intermediate-i-lesson-02,2,真正的朋友,4,3,vocabulary_list,词语,,听说（一）,S02-002,"[17,18]",17–18,"[28,29]",28–29,"[""A02-001""]",visually_confirmed,textbooks/boya-intermediate-i/source/derived/extractions/structured-lesson-02.json
S02-002-02,boya-intermediate-i-lesson-02,2,真正的朋友,5,3,speech_preparation,三分钟演讲准备,,听说（一）,S02-002,18,,29,,,visually_confirmed,textbooks/boya-intermediate-i/source/derived/extractions/structured-lesson-02.json
S02-002-03,boya-intermediate-i-lesson-02,2,真正的朋友,6,3,survey,小调查,,听说（一）,S02-002,19,,30,,,visually_confirmed,textbooks/boya-intermediate-i/source/derived/extractions/structured-lesson-02.json
S02-003,boya-intermediate-i-lesson-02,2,真正的朋友,7,2,vocabulary_comprehension,词语理解,,听说（一）,S02-001,"[19,20]",19–20,"[30,31]",30–31,"[""A02-002"",""A02-003""]",pending_review,textbooks/boya-intermediate-i/source/derived/extractions/structured-lesson-02.json
S02-003-01,boya-intermediate-i-lesson-02,2,真正的朋友,8,3,listening_questions,听对话，回答问题,,听说（一）,S02-003,19,,30,,"[""A02-002""]",visually_confirmed,textbooks/boya-intermediate-i/source/derived/extractions/structured-lesson-02.json
S02-003-02,boya-intermediate-i-lesson-02,2,真正的朋友,9,3,listening_multiple_choice,选出与所听到的句子意思相近的一项,,听说（一）,S02-003,"[19,20]",19–20,"[30,31]",30–31,"[""A02-003""]",visually_confirmed,textbooks/boya-intermediate-i/source/derived/extractions/structured-lesson-02.json
S02-003-03,boya-intermediate-i-lesson-02,2,真正的朋友,10,3,guided_speaking,用三至五句话回答问题，并使用画线词语,,听说（一）,S02-003,20,,31,,,visually_confirmed,textbooks/boya-intermediate-i/source/derived/extractions/structured-lesson-02.json
S02-004,boya-intermediate-i-lesson-02,2,真正的朋友,11,2,sentence_comprehension,语句理解,,听说（一）,S02-001,20,,31,,"[""A02-004"",""A02-005""]",pending_review,textbooks/boya-intermediate-i/source/derived/extractions/structured-lesson-02.json
S02-004-01,boya-intermediate-i-lesson-02,2,真正的朋友,12,3,listen_repeat_comment,听录音，跟读句子，并谈谈自己看法,,听说（一）,S02-004,20,,31,,"[""A02-004""]",visually_confirmed,textbooks/boya-intermediate-i/source/derived/extractions/structured-lesson-02.json
S02-004-02,boya-intermediate-i-lesson-02,2,真正的朋友,13,3,listening_repetition,听记句子并复述,,听说（一）,S02-004,20,,31,,"[""A02-005""]",visually_confirmed,textbooks/boya-intermediate-i/source/derived/extractions/structured-lesson-02.json
S02-005,boya-intermediate-i-lesson-02,2,真正的朋友,14,2,paragraph_comprehension,语段理解,,听说（一）,S02-001,21,,32,,"[""A02-006""]",pending_review,textbooks/boya-intermediate-i/source/derived/extractions/structured-lesson-02.json
S02-005-01,boya-intermediate-i-lesson-02,2,真正的朋友,15,3,content_prompt,内容提示,,听说（一）,S02-005,21,,32,,,visually_confirmed,textbooks/boya-intermediate-i/source/derived/extractions/structured-lesson-02.json
S02-005-02,boya-intermediate-i-lesson-02,2,真正的朋友,16,3,listening_practice,听对话，做练习,,听说（一）,S02-005,21,,32,,"[""A02-006""]",visually_confirmed,textbooks/boya-intermediate-i/source/derived/extractions/structured-lesson-02.json
S02-005-02-01,boya-intermediate-i-lesson-02,2,真正的朋友,17,4,listening_fill_blank,（一）听第一遍录音，填空,,听说（一）,S02-005-02,21,,32,,"[""A02-006""]",visually_confirmed,textbooks/boya-intermediate-i/source/derived/extractions/structured-lesson-02.json
S02-005-02-02,boya-intermediate-i-lesson-02,2,真正的朋友,18,4,listening_true_false,（二）听第二遍录音，判断正误,,听说（一）,S02-005-02,21,,32,,"[""A02-006""]",visually_confirmed,textbooks/boya-intermediate-i/source/derived/extractions/structured-lesson-02.json
S02-005-02-03,boya-intermediate-i-lesson-02,2,真正的朋友,19,4,listening_open_response,（三）听后回答,,听说（一）,S02-005-02,21,,32,,"[""A02-006""]",visually_confirmed,textbooks/boya-intermediate-i/source/derived/extractions/structured-lesson-02.json
S02-006,boya-intermediate-i-lesson-02,2,真正的朋友,20,2,speaking_patterns,口语句式,,听说（一）,S02-001,"[22,23]",22–23,"[33,34]",33–34,,pending_review,textbooks/boya-intermediate-i/source/derived/extractions/structured-lesson-02.json
S02-006-01,boya-intermediate-i-lesson-02,2,真正的朋友,21,3,common_patterns,常用句式,,听说（一）,S02-006,22,,33,,,visually_confirmed,textbooks/boya-intermediate-i/source/derived/extractions/structured-lesson-02.json
S02-006-02,boya-intermediate-i-lesson-02,2,真正的朋友,22,3,pattern_practice,句式练习,,听说（一）,S02-006,"[22,23]",22–23,"[33,34]",33–34,,visually_confirmed,textbooks/boya-intermediate-i/source/derived/extractions/structured-lesson-02.json
S02-007,boya-intermediate-i-lesson-02,2,真正的朋友,23,2,culture,文化知识,,听说（一）,S02-001,"[23,24]",23–24,"[34,35]",34–35,,pending_review,textbooks/boya-intermediate-i/source/derived/extractions/structured-lesson-02.json
S02-007-01,boya-intermediate-i-lesson-02,2,真正的朋友,24,3,culture_discussion,请你说说,,听说（一）,S02-007,23,,34,,,visually_confirmed,textbooks/boya-intermediate-i/source/derived/extractions/structured-lesson-02.json
S02-007-02,boya-intermediate-i-lesson-02,2,真正的朋友,25,3,reading,阅读短文，回答问题,,听说（一）,S02-007,"[23,24]",23–24,"[34,35]",34–35,,pending_review,textbooks/boya-intermediate-i/source/derived/extractions/structured-lesson-02.json
S02-007-03,boya-intermediate-i-lesson-02,2,真正的朋友,26,4,reading_response,读后回答,,听说（一）,S02-007-02,24,,35,,,visually_confirmed,textbooks/boya-intermediate-i/source/derived/extractions/structured-lesson-02.json
S02-008,boya-intermediate-i-lesson-02,2,真正的朋友,27,2,extension,拓展练习,,听说（一）,S02-001,24,,35,,,visually_confirmed,textbooks/boya-intermediate-i/source/derived/extractions/structured-lesson-02.json
S02-008-01,boya-intermediate-i-lesson-02,2,真正的朋友,28,3,paragraph_speaking,成段叙述,,听说（一）,S02-008,24,,35,,,visually_confirmed,textbooks/boya-intermediate-i/source/derived/extractions/structured-lesson-02.json
S02-008-02,boya-intermediate-i-lesson-02,2,真正的朋友,29,3,speech,三分钟演讲,,听说（一）,S02-008,24,,35,,,visually_confirmed,textbooks/boya-intermediate-i/source/derived/extractions/structured-lesson-02.json
S02-008-03,boya-intermediate-i-lesson-02,2,真正的朋友,30,3,classroom_practice,课堂实践,,听说（一）,S02-008,24,,35,,,visually_confirmed,textbooks/boya-intermediate-i/source/derived/extractions/structured-lesson-02.json
S02-008-04,boya-intermediate-i-lesson-02,2,真正的朋友,31,3,survey_report,调查报告,,听说（一）,S02-008,24,,35,,,visually_confirmed,textbooks/boya-intermediate-i/source/derived/extractions/structured-lesson-02.json
S02-009,boya-intermediate-i-lesson-02,2,真正的朋友,32,1,listening_part_2,听说（二）,,听说（二）,,"[25,31]",25–31,"[36,42]",36–42,"[""A02-007"",""A02-008"",""A02-009"",""A02-010"",""A02-011"",""A02-012""]",pending_review,textbooks/boya-intermediate-i/source/derived/extractions/structured-lesson-02.json
S02-009-01,boya-intermediate-i-lesson-02,2,真正的朋友,33,2,part_topic,如果我能选择,,听说（二）,S02-009,25,,36,,,visually_confirmed,textbooks/boya-intermediate-i/source/derived/extractions/structured-lesson-02.json
S02-010,boya-intermediate-i-lesson-02,2,真正的朋友,34,2,preparation,课前准备,,听说（二）,S02-009,"[25,26]",25–26,"[36,37]",36–37,"[""A02-007""]",pending_review,textbooks/boya-intermediate-i/source/derived/extractions/structured-lesson-02.json
S02-010-01,boya-intermediate-i-lesson-02,2,真正的朋友,35,3,vocabulary_list,词语,,听说（二）,S02-010,"[25,26]",25–26,"[36,37]",36–37,"[""A02-007""]",visually_confirmed,textbooks/boya-intermediate-i/source/derived/extractions/structured-lesson-02.json
S02-010-02,boya-intermediate-i-lesson-02,2,真正的朋友,36,3,research_preparation,查资料,,听说（二）,S02-010,26,,37,,,visually_confirmed,textbooks/boya-intermediate-i/source/derived/extractions/structured-lesson-02.json
S02-010-03,boya-intermediate-i-lesson-02,2,真正的朋友,37,3,classroom_exchange,课堂小组交流,,听说（二）,S02-010,26,,37,,,visually_confirmed,textbooks/boya-intermediate-i/source/derived/extractions/structured-lesson-02.json
S02-011,boya-intermediate-i-lesson-02,2,真正的朋友,38,2,vocabulary_comprehension,词语理解,,听说（二）,S02-009,"[26,27]",26–27,"[37,38]",37–38,"[""A02-008"",""A02-009""]",pending_review,textbooks/boya-intermediate-i/source/derived/extractions/structured-lesson-02.json
S02-011-01,boya-intermediate-i-lesson-02,2,真正的朋友,39,3,listening_questions,听对话，回答问题,,听说（二）,S02-011,26,,37,,"[""A02-008""]",visually_confirmed,textbooks/boya-intermediate-i/source/derived/extractions/structured-lesson-02.json
S02-011-02,boya-intermediate-i-lesson-02,2,真正的朋友,40,3,listening_multiple_choice,选出与所听到的句子意思相近的一项,,听说（二）,S02-011,"[26,27]",26–27,"[37,38]",37–38,"[""A02-009""]",visually_confirmed,textbooks/boya-intermediate-i/source/derived/extractions/structured-lesson-02.json
S02-011-03,boya-intermediate-i-lesson-02,2,真正的朋友,41,3,guided_speaking,用三至五句话回答问题，并使用画线词语,,听说（二）,S02-011,27,,38,,,visually_confirmed,textbooks/boya-intermediate-i/source/derived/extractions/structured-lesson-02.json
S02-012,boya-intermediate-i-lesson-02,2,真正的朋友,42,2,sentence_comprehension,语句理解,,听说（二）,S02-009,"[27,28]",27–28,"[38,39]",38–39,"[""A02-010"",""A02-011""]",pending_review,textbooks/boya-intermediate-i/source/derived/extractions/structured-lesson-02.json
S02-012-01,boya-intermediate-i-lesson-02,2,真正的朋友,43,3,listen_repeat_substitute,听录音，跟读句子，并替换画线词语各说一句话,,听说（二）,S02-012,27,,38,,"[""A02-010""]",visually_confirmed,textbooks/boya-intermediate-i/source/derived/extractions/structured-lesson-02.json
S02-012-02,boya-intermediate-i-lesson-02,2,真正的朋友,44,3,listening_fill_reflection,听录音，填空并谈谈自己的感受,,听说（二）,S02-012,28,,39,,"[""A02-011""]",visually_confirmed,textbooks/boya-intermediate-i/source/derived/extractions/structured-lesson-02.json
S02-013,boya-intermediate-i-lesson-02,2,真正的朋友,45,2,paragraph_comprehension,语段理解,,听说（二）,S02-009,"[28,29]",28–29,"[39,40]",39–40,"[""A02-012""]",pending_review,textbooks/boya-intermediate-i/source/derived/extractions/structured-lesson-02.json
S02-013-01,boya-intermediate-i-lesson-02,2,真正的朋友,46,3,content_prompt,内容提示,,听说（二）,S02-013,28,,39,,,visually_confirmed,textbooks/boya-intermediate-i/source/derived/extractions/structured-lesson-02.json
S02-013-02,boya-intermediate-i-lesson-02,2,真正的朋友,47,3,listening_practice,听短文，做练习,,听说（二）,S02-013,"[28,29]",28–29,"[39,40]",39–40,"[""A02-012""]",visually_confirmed,textbooks/boya-intermediate-i/source/derived/extractions/structured-lesson-02.json
S02-013-02-01,boya-intermediate-i-lesson-02,2,真正的朋友,48,4,listening_fill_blank,（一）听第一遍录音，填空,,听说（二）,S02-013-02,28,,39,,"[""A02-012""]",visually_confirmed,textbooks/boya-intermediate-i/source/derived/extractions/structured-lesson-02.json
S02-013-02-02,boya-intermediate-i-lesson-02,2,真正的朋友,49,4,listening_true_false,（二）听第二遍录音，判断正误,,听说（二）,S02-013-02,"[28,29]",28–29,"[39,40]",39–40,"[""A02-012""]",visually_confirmed,textbooks/boya-intermediate-i/source/derived/extractions/structured-lesson-02.json
S02-013-02-03,boya-intermediate-i-lesson-02,2,真正的朋友,50,4,listening_open_response,（三）听后回答,,听说（二）,S02-013-02,29,,40,,"[""A02-012""]",visually_confirmed,textbooks/boya-intermediate-i/source/derived/extractions/structured-lesson-02.json
S02-014,boya-intermediate-i-lesson-02,2,真正的朋友,51,2,speaking_patterns,口语句式,,听说（二）,S02-009,"[29,30]",29–30,"[40,41]",40–41,,pending_review,textbooks/boya-intermediate-i/source/derived/extractions/structured-lesson-02.json
S02-014-01,boya-intermediate-i-lesson-02,2,真正的朋友,52,3,common_patterns,常用句式,,听说（二）,S02-014,29,,40,,,visually_confirmed,textbooks/boya-intermediate-i/source/derived/extractions/structured-lesson-02.json
S02-014-02,boya-intermediate-i-lesson-02,2,真正的朋友,53,3,pattern_practice,句式练习,,听说（二）,S02-014,30,,41,,,visually_confirmed,textbooks/boya-intermediate-i/source/derived/extractions/structured-lesson-02.json
S02-015,boya-intermediate-i-lesson-02,2,真正的朋友,54,2,culture,文化知识,,听说（二）,S02-009,"[30,31]",30–31,"[41,42]",41–42,,pending_review,textbooks/boya-intermediate-i/source/derived/extractions/structured-lesson-02.json
S02-015-01,boya-intermediate-i-lesson-02,2,真正的朋友,55,3,culture_discussion,请你说说,,听说（二）,S02-015,30,,41,,,visually_confirmed,textbooks/boya-intermediate-i/source/derived/extractions/structured-lesson-02.json
S02-015-02,boya-intermediate-i-lesson-02,2,真正的朋友,56,3,reading,阅读短文，回答问题,,听说（二）,S02-015,"[30,31]",30–31,"[41,42]",41–42,,pending_review,textbooks/boya-intermediate-i/source/derived/extractions/structured-lesson-02.json
S02-015-03,boya-intermediate-i-lesson-02,2,真正的朋友,57,4,reading_response,读后回答,,听说（二）,S02-015-02,31,,42,,,visually_confirmed,textbooks/boya-intermediate-i/source/derived/extractions/structured-lesson-02.json
S02-015-04,boya-intermediate-i-lesson-02,2,真正的朋友,58,3,culture_comparison,文化对比,,听说（二）,S02-015,31,,42,,,visually_confirmed,textbooks/boya-intermediate-i/source/derived/extractions/structured-lesson-02.json
S02-016,boya-intermediate-i-lesson-02,2,真正的朋友,59,2,extension,拓展练习,,听说（二）,S02-009,31,,42,,,visually_confirmed,textbooks/boya-intermediate-i/source/derived/extractions/structured-lesson-02.json
S02-016-01,boya-intermediate-i-lesson-02,2,真正的朋友,60,3,paragraph_speaking,成段叙述,,听说（二）,S02-016,31,,42,,,visually_confirmed,textbooks/boya-intermediate-i/source/derived/extractions/structured-lesson-02.json
S02-016-02,boya-intermediate-i-lesson-02,2,真正的朋友,61,3,debate,小辩论,,听说（二）,S02-016,31,,42,,,visually_confirmed,textbooks/boya-intermediate-i/source/derived/extractions/structured-lesson-02.json
S02-016-03,boya-intermediate-i-lesson-02,2,真正的朋友,62,3,collection,收藏夹,,听说（二）,S02-016,31,,42,,,visually_confirmed,textbooks/boya-intermediate-i/source/derived/extractions/structured-lesson-02.json
S02-016-04,boya-intermediate-i-lesson-02,2,真正的朋友,63,3,group_report,小组报告,,听说（二）,S02-016,31,,42,,,visually_confirmed,textbooks/boya-intermediate-i/source/derived/extractions/structured-lesson-02.json
S03-001,boya-intermediate-i-lesson-03,3,宜居之地,1,1,listening_part_1,听说（一）,,听说（一）,,"[32,39]",32–39,"[43,50]",43–50,"[""A03-001"",""A03-002"",""A03-003"",""A03-004"",""A03-005"",""A03-006""]",visually_confirmed,textbooks/boya-intermediate-i/source/derived/extractions/structured-lesson-03.json
S03-001-01,boya-intermediate-i-lesson-03,3,宜居之地,2,2,part_topic,海滨城市——三亚,,听说（一）,S03-001,32,,43,,,visually_confirmed,textbooks/boya-intermediate-i/source/derived/extractions/structured-lesson-03.json
S03-002,boya-intermediate-i-lesson-03,3,宜居之地,3,2,preparation,课前准备,,听说（一）,S03-001,"[32,33]",32–33,"[43,44]",43–44,,visually_confirmed,textbooks/boya-intermediate-i/source/derived/extractions/structured-lesson-03.json
S03-002-01,boya-intermediate-i-lesson-03,3,宜居之地,4,3,vocabulary_list,词语,,听说（一）,S03-002,"[32,33]",32–33,"[43,44]",43–44,"[""A03-001""]",visually_confirmed,textbooks/boya-intermediate-i/source/derived/extractions/structured-lesson-03.json
S03-002-02,boya-intermediate-i-lesson-03,3,宜居之地,5,3,classroom_exchange,课堂小组交流,,听说（一）,S03-002,33,,44,,,visually_confirmed,textbooks/boya-intermediate-i/source/derived/extractions/structured-lesson-03.json
S03-002-03,boya-intermediate-i-lesson-03,3,宜居之地,6,3,speech_preparation,三分钟演讲准备,,听说（一）,S03-002,33,,44,,,visually_confirmed,textbooks/boya-intermediate-i/source/derived/extractions/structured-lesson-03.json
S03-003,boya-intermediate-i-lesson-03,3,宜居之地,7,2,vocabulary_comprehension,词语理解,,听说（一）,S03-001,"[34,35]",34–35,"[45,46]",45–46,"[""A03-002"",""A03-003""]",visually_confirmed,textbooks/boya-intermediate-i/source/derived/extractions/structured-lesson-03.json
S03-003-01,boya-intermediate-i-lesson-03,3,宜居之地,8,3,listening_questions,听对话，回答问题,,听说（一）,S03-003,34,,45,,"[""A03-002""]",visually_confirmed,textbooks/boya-intermediate-i/source/derived/extractions/structured-lesson-03.json
S03-003-02,boya-intermediate-i-lesson-03,3,宜居之地,9,3,listening_multiple_choice,选出与所听到的句子意思相近的一项,,听说（一）,S03-003,34,,45,,"[""A03-003""]",visually_confirmed,textbooks/boya-intermediate-i/source/derived/extractions/structured-lesson-03.json
S03-003-03,boya-intermediate-i-lesson-03,3,宜居之地,10,3,guided_speaking,用三至五句话回答问题，并使用画线词语,,听说（一）,S03-003,"[34,35]",34–35,"[45,46]",45–46,,visually_confirmed,textbooks/boya-intermediate-i/source/derived/extractions/structured-lesson-03.json
S03-004,boya-intermediate-i-lesson-03,3,宜居之地,11,2,sentence_comprehension,语句理解,,听说（一）,S03-001,35,,46,,"[""A03-004"",""A03-005""]",visually_confirmed,textbooks/boya-intermediate-i/source/derived/extractions/structured-lesson-03.json
S03-004-01,boya-intermediate-i-lesson-03,3,宜居之地,12,3,listen_repeat_comment,听录音，跟读句子，并谈谈自己的看法,,听说（一）,S03-004,35,,46,,"[""A03-004""]",visually_confirmed,textbooks/boya-intermediate-i/source/derived/extractions/structured-lesson-03.json
S03-004-02,boya-intermediate-i-lesson-03,3,宜居之地,13,3,listen_read_make_sentence,听读带有“海”字的成语，了解意思并造句,,听说（一）,S03-004,35,,46,,"[""A03-005""]",visually_confirmed,textbooks/boya-intermediate-i/source/derived/extractions/structured-lesson-03.json
S03-005,boya-intermediate-i-lesson-03,3,宜居之地,14,2,paragraph_comprehension,语段理解,,听说（一）,S03-001,36,,47,,"[""A03-006""]",visually_confirmed,textbooks/boya-intermediate-i/source/derived/extractions/structured-lesson-03.json
S03-005-01,boya-intermediate-i-lesson-03,3,宜居之地,15,3,content_prompt,内容提示,,听说（一）,S03-005,36,,47,,,visually_confirmed,textbooks/boya-intermediate-i/source/derived/extractions/structured-lesson-03.json
S03-005-02,boya-intermediate-i-lesson-03,3,宜居之地,16,3,listening_practice,听对话，做练习,,听说（一）,S03-005,36,,47,,"[""A03-006""]",visually_confirmed,textbooks/boya-intermediate-i/source/derived/extractions/structured-lesson-03.json
S03-005-02-01,boya-intermediate-i-lesson-03,3,宜居之地,17,4,listening_fill_blank,（一）听第一遍录音，填空,,听说（一）,S03-005-02,36,,47,,"[""A03-006""]",visually_confirmed,textbooks/boya-intermediate-i/source/derived/extractions/structured-lesson-03.json
S03-005-02-02,boya-intermediate-i-lesson-03,3,宜居之地,18,4,listening_true_false,（二）听第二遍录音，判断正误,,听说（一）,S03-005-02,36,,47,,"[""A03-006""]",visually_confirmed,textbooks/boya-intermediate-i/source/derived/extractions/structured-lesson-03.json
S03-005-02-03,boya-intermediate-i-lesson-03,3,宜居之地,19,4,listening_open_response,（三）听后回答,,听说（一）,S03-005-02,36,,47,,"[""A03-006""]",visually_confirmed,textbooks/boya-intermediate-i/source/derived/extractions/structured-lesson-03.json
S03-006,boya-intermediate-i-lesson-03,3,宜居之地,20,2,speaking_patterns,口语句式,,听说（一）,S03-001,"[37,38]",37–38,"[48,49]",48–49,,visually_confirmed,textbooks/boya-intermediate-i/source/derived/extractions/structured-lesson-03.json
S03-006-01,boya-intermediate-i-lesson-03,3,宜居之地,21,3,common_patterns,常用句式,,听说（一）,S03-006,37,,48,,,visually_confirmed,textbooks/boya-intermediate-i/source/derived/extractions/structured-lesson-03.json
S03-006-02,boya-intermediate-i-lesson-03,3,宜居之地,22,3,pattern_practice,句式练习,,听说（一）,S03-006,"[37,38]",37–38,"[48,49]",48–49,,visually_confirmed,textbooks/boya-intermediate-i/source/derived/extractions/structured-lesson-03.json
S03-007,boya-intermediate-i-lesson-03,3,宜居之地,23,2,culture,文化知识,,听说（一）,S03-001,"[38,39]",38–39,"[49,50]",49–50,,visually_confirmed,textbooks/boya-intermediate-i/source/derived/extractions/structured-lesson-03.json
S03-007-01,boya-intermediate-i-lesson-03,3,宜居之地,24,3,culture_discussion,请你说说,,听说（一）,S03-007,38,,49,,,visually_confirmed,textbooks/boya-intermediate-i/source/derived/extractions/structured-lesson-03.json
S03-007-02,boya-intermediate-i-lesson-03,3,宜居之地,25,3,reading,阅读短文，回答问题,,听说（一）,S03-007,"[38,39]",38–39,"[49,50]",49–50,,visually_confirmed,textbooks/boya-intermediate-i/source/derived/extractions/structured-lesson-03.json
S03-007-03,boya-intermediate-i-lesson-03,3,宜居之地,26,4,reading_response,读后回答,,听说（一）,S03-007-02,39,,50,,,visually_confirmed,textbooks/boya-intermediate-i/source/derived/extractions/structured-lesson-03.json
S03-008,boya-intermediate-i-lesson-03,3,宜居之地,27,2,extension,拓展练习,,听说（一）,S03-001,39,,50,,,visually_confirmed,textbooks/boya-intermediate-i/source/derived/extractions/structured-lesson-03.json
S03-008-01,boya-intermediate-i-lesson-03,3,宜居之地,28,3,speech,三分钟演讲,,听说（一）,S03-008,39,,50,,,visually_confirmed,textbooks/boya-intermediate-i/source/derived/extractions/structured-lesson-03.json
S03-008-02,boya-intermediate-i-lesson-03,3,宜居之地,29,3,simulated_space,模拟空间,,听说（一）,S03-008,39,,50,,,visually_confirmed,textbooks/boya-intermediate-i/source/derived/extractions/structured-lesson-03.json
S03-008-03,boya-intermediate-i-lesson-03,3,宜居之地,30,3,international_exchange,国际交流,,听说（一）,S03-008,39,,50,,,visually_confirmed,textbooks/boya-intermediate-i/source/derived/extractions/structured-lesson-03.json
S03-008-04,boya-intermediate-i-lesson-03,3,宜居之地,31,3,travel_route_design,旅游线路设计,,听说（一）,S03-008,39,,50,,,visually_confirmed,textbooks/boya-intermediate-i/source/derived/extractions/structured-lesson-03.json
S03-009,boya-intermediate-i-lesson-03,3,宜居之地,32,1,listening_part_2,听说（二）,,听说（二）,,"[40,45]",40–45,"[51,56]",51–56,"[""A03-007"",""A03-008"",""A03-009"",""A03-010"",""A03-011""]",visually_confirmed,textbooks/boya-intermediate-i/source/derived/extractions/structured-lesson-03.json
S03-009-01,boya-intermediate-i-lesson-03,3,宜居之地,33,2,part_topic,常回家看看,,听说（二）,S03-009,40,,51,,,visually_confirmed,textbooks/boya-intermediate-i/source/derived/extractions/structured-lesson-03.json
S03-010,boya-intermediate-i-lesson-03,3,宜居之地,34,2,preparation,课前准备,,听说（二）,S03-009,"[40,41]",40–41,"[51,52]",51–52,,visually_confirmed,textbooks/boya-intermediate-i/source/derived/extractions/structured-lesson-03.json
S03-010-01,boya-intermediate-i-lesson-03,3,宜居之地,35,3,vocabulary_list,词语,,听说（二）,S03-010,"[40,41]",40–41,"[51,52]",51–52,"[""A03-007""]",visually_confirmed,textbooks/boya-intermediate-i/source/derived/extractions/structured-lesson-03.json
S03-010-02,boya-intermediate-i-lesson-03,3,宜居之地,36,3,classroom_exchange,课堂小组交流,,听说（二）,S03-010,41,,52,,,visually_confirmed,textbooks/boya-intermediate-i/source/derived/extractions/structured-lesson-03.json
S03-010-03,boya-intermediate-i-lesson-03,3,宜居之地,37,3,interview,采访,,听说（二）,S03-010,41,,52,,,visually_confirmed,textbooks/boya-intermediate-i/source/derived/extractions/structured-lesson-03.json
S03-011,boya-intermediate-i-lesson-03,3,宜居之地,38,2,vocabulary_comprehension,词语理解,,听说（二）,S03-009,"[41,42]",41–42,"[52,53]",52–53,"[""A03-008""]",visually_confirmed,textbooks/boya-intermediate-i/source/derived/extractions/structured-lesson-03.json
S03-011-01,boya-intermediate-i-lesson-03,3,宜居之地,39,3,listening_questions,听对话，回答问题,,听说（二）,S03-011,41,,52,,"[""A03-008""]",visually_confirmed,textbooks/boya-intermediate-i/source/derived/extractions/structured-lesson-03.json
S03-011-02,boya-intermediate-i-lesson-03,3,宜居之地,40,3,guided_speaking,用三至五句话回答问题，并使用画线词语,,听说（二）,S03-011,41,,52,,,visually_confirmed,textbooks/boya-intermediate-i/source/derived/extractions/structured-lesson-03.json
S03-012,boya-intermediate-i-lesson-03,3,宜居之地,41,2,sentence_comprehension,语句理解,,听说（二）,S03-009,"[41,42]",41–42,"[52,53]",52–53,"[""A03-009"",""A03-010""]",visually_confirmed,textbooks/boya-intermediate-i/source/derived/extractions/structured-lesson-03.json
S03-012-01,boya-intermediate-i-lesson-03,3,宜居之地,42,3,listen_repeat_substitute,听录音，跟读句子，并替换画线词语各说一句话,,听说（二）,S03-012,"[41,42]",41–42,"[52,53]",52–53,"[""A03-009""]",visually_confirmed,textbooks/boya-intermediate-i/source/derived/extractions/structured-lesson-03.json
S03-012-02,boya-intermediate-i-lesson-03,3,宜居之地,43,3,listening_repetition,听记句子，谈谈自己的看法,,听说（二）,S03-012,42,,53,,"[""A03-010""]",visually_confirmed,textbooks/boya-intermediate-i/source/derived/extractions/structured-lesson-03.json
S03-013,boya-intermediate-i-lesson-03,3,宜居之地,44,2,paragraph_comprehension,语段理解,,听说（二）,S03-009,"[42,43]",42–43,"[53,54]",53–54,"[""A03-011""]",visually_confirmed,textbooks/boya-intermediate-i/source/derived/extractions/structured-lesson-03.json
S03-013-01,boya-intermediate-i-lesson-03,3,宜居之地,45,3,content_prompt,内容提示,,听说（二）,S03-013,42,,53,,,visually_confirmed,textbooks/boya-intermediate-i/source/derived/extractions/structured-lesson-03.json
S03-013-02,boya-intermediate-i-lesson-03,3,宜居之地,46,3,listening_practice,听对话，做练习,,听说（二）,S03-013,"[42,43]",42–43,"[53,54]",53–54,"[""A03-011""]",visually_confirmed,textbooks/boya-intermediate-i/source/derived/extractions/structured-lesson-03.json
S03-013-02-01,boya-intermediate-i-lesson-03,3,宜居之地,47,4,listening_fill_blank,（一）听第一遍录音，填空,,听说（二）,S03-013-02,"[42,43]",42–43,"[53,54]",53–54,"[""A03-011""]",visually_confirmed,textbooks/boya-intermediate-i/source/derived/extractions/structured-lesson-03.json
S03-013-02-02,boya-intermediate-i-lesson-03,3,宜居之地,48,4,listening_true_false,（二）听第二遍录音，判断正误,,听说（二）,S03-013-02,"[42,43]",42–43,"[53,54]",53–54,"[""A03-011""]",visually_confirmed,textbooks/boya-intermediate-i/source/derived/extractions/structured-lesson-03.json
S03-013-02-03,boya-intermediate-i-lesson-03,3,宜居之地,49,4,listening_open_response,（三）听后回答,,听说（二）,S03-013-02,43,,54,,"[""A03-011""]",visually_confirmed,textbooks/boya-intermediate-i/source/derived/extractions/structured-lesson-03.json
S03-014,boya-intermediate-i-lesson-03,3,宜居之地,50,2,speaking_patterns,口语句式,,听说（二）,S03-009,"[43,44]",43–44,"[54,55]",54–55,,visually_confirmed,textbooks/boya-intermediate-i/source/derived/extractions/structured-lesson-03.json
S03-014-01,boya-intermediate-i-lesson-03,3,宜居之地,51,3,common_patterns,常用句式,,听说（二）,S03-014,43,,54,,,visually_confirmed,textbooks/boya-intermediate-i/source/derived/extractions/structured-lesson-03.json
S03-014-02,boya-intermediate-i-lesson-03,3,宜居之地,52,3,pattern_practice,句式练习,,听说（二）,S03-014,"[43,44]",43–44,"[54,55]",54–55,,visually_confirmed,textbooks/boya-intermediate-i/source/derived/extractions/structured-lesson-03.json
S03-015,boya-intermediate-i-lesson-03,3,宜居之地,53,2,culture,文化知识,,听说（二）,S03-009,"[44,45]",44–45,"[55,56]",55–56,,visually_confirmed,textbooks/boya-intermediate-i/source/derived/extractions/structured-lesson-03.json
S03-015-01,boya-intermediate-i-lesson-03,3,宜居之地,54,3,culture_discussion,请你说说,,听说（二）,S03-015,44,,55,,,visually_confirmed,textbooks/boya-intermediate-i/source/derived/extractions/structured-lesson-03.json
S03-015-02,boya-intermediate-i-lesson-03,3,宜居之地,55,3,reading,阅读短文，回答问题,,听说（二）,S03-015,"[44,45]",44–45,"[55,56]",55–56,,visually_confirmed,textbooks/boya-intermediate-i/source/derived/extractions/structured-lesson-03.json
S03-015-03,boya-intermediate-i-lesson-03,3,宜居之地,56,4,reading_response,读后回答,,听说（二）,S03-015-02,45,,56,,,visually_confirmed,textbooks/boya-intermediate-i/source/derived/extractions/structured-lesson-03.json
S03-016,boya-intermediate-i-lesson-03,3,宜居之地,57,2,extension,拓展练习,,听说（二）,S03-009,45,,56,,,visually_confirmed,textbooks/boya-intermediate-i/source/derived/extractions/structured-lesson-03.json
S03-016-01,boya-intermediate-i-lesson-03,3,宜居之地,58,3,debate,小辩论,,听说（二）,S03-016,45,,56,,,visually_confirmed,textbooks/boya-intermediate-i/source/derived/extractions/structured-lesson-03.json
S03-016-02,boya-intermediate-i-lesson-03,3,宜居之地,59,3,paragraph_speaking,成段叙述,,听说（二）,S03-016,45,,56,,,visually_confirmed,textbooks/boya-intermediate-i/source/derived/extractions/structured-lesson-03.json
S03-016-03,boya-intermediate-i-lesson-03,3,宜居之地,60,3,interview_report,采访报告,,听说（二）,S03-016,45,,56,,,visually_confirmed,textbooks/boya-intermediate-i/source/derived/extractions/structured-lesson-03.json
S03-016-04,boya-intermediate-i-lesson-03,3,宜居之地,61,3,speech,三分钟演讲,,听说（二）,S03-016,45,,56,,,visually_confirmed,textbooks/boya-intermediate-i/source/derived/extractions/structured-lesson-03.json
S04-001,boya-intermediate-i-lesson-04,4,地球人的担忧,1,1,listening_part_1,听说（一）,,听说（一）,,"[46,53]",46–53,"[57,64]",57–64,"[""A04-001"",""A04-002"",""A04-003"",""A04-004"",""A04-005"",""A04-006""]",visually_confirmed,textbooks/boya-intermediate-i/source/derived/extractions/structured-lesson-04.json
S04-002,boya-intermediate-i-lesson-04,4,地球人的担忧,2,2,preparation,课前准备,,听说（一）,S04-001,"[46,48]",46–48,"[57,59]",57–59,"[""A04-001""]",visually_confirmed,textbooks/boya-intermediate-i/source/derived/extractions/structured-lesson-04.json
S04-003,boya-intermediate-i-lesson-04,4,地球人的担忧,3,2,vocabulary_comprehension,词语理解,,听说（一）,S04-001,"[48,49]",48–49,"[59,60]",59–60,"[""A04-002"",""A04-003""]",visually_confirmed,textbooks/boya-intermediate-i/source/derived/extractions/structured-lesson-04.json
S04-004,boya-intermediate-i-lesson-04,4,地球人的担忧,4,2,sentence_comprehension,语句理解,,听说（一）,S04-001,49,,60,,"[""A04-004"",""A04-005""]",visually_confirmed,textbooks/boya-intermediate-i/source/derived/extractions/structured-lesson-04.json
S04-005,boya-intermediate-i-lesson-04,4,地球人的担忧,5,2,paragraph_comprehension,语段理解,,听说（一）,S04-001,"[50,51]",50–51,"[61,62]",61–62,"[""A04-006""]",visually_confirmed,textbooks/boya-intermediate-i/source/derived/extractions/structured-lesson-04.json
S04-006,boya-intermediate-i-lesson-04,4,地球人的担忧,6,2,speaking_patterns,口语句式,,听说（一）,S04-001,"[51,52]",51–52,"[62,63]",62–63,,visually_confirmed,textbooks/boya-intermediate-i/source/derived/extractions/structured-lesson-04.json
S04-007,boya-intermediate-i-lesson-04,4,地球人的担忧,7,2,culture,文化知识,,听说（一）,S04-001,"[52,54]",52–54,"[63,65]",63–65,,visually_confirmed,textbooks/boya-intermediate-i/source/derived/extractions/structured-lesson-04.json
S04-008,boya-intermediate-i-lesson-04,4,地球人的担忧,8,2,extension,拓展练习,,听说（一）,S04-001,54,,65,,,visually_confirmed,textbooks/boya-intermediate-i/source/derived/extractions/structured-lesson-04.json
S04-009,boya-intermediate-i-lesson-04,4,地球人的担忧,9,1,listening_part_2,听说（二）,,听说（二）,,"[54,62]",54–62,"[65,73]",65–73,"[""A04-007"",""A04-008"",""A04-009"",""A04-010"",""A04-011"",""A04-012""]",visually_confirmed,textbooks/boya-intermediate-i/source/derived/extractions/structured-lesson-04.json
S04-010,boya-intermediate-i-lesson-04,4,地球人的担忧,10,2,preparation,课前准备,,听说（二）,S04-009,"[54,56]",54–56,"[65,67]",65–67,"[""A04-007""]",visually_confirmed,textbooks/boya-intermediate-i/source/derived/extractions/structured-lesson-04.json
S04-011,boya-intermediate-i-lesson-04,4,地球人的担忧,11,2,vocabulary_comprehension,词语理解,,听说（二）,S04-009,"[57,58]",57–58,"[68,69]",68–69,"[""A04-008"",""A04-009""]",visually_confirmed,textbooks/boya-intermediate-i/source/derived/extractions/structured-lesson-04.json
S04-012,boya-intermediate-i-lesson-04,4,地球人的担忧,12,2,sentence_comprehension,语句理解,,听说（二）,S04-009,"[58,59]",58–59,"[69,70]",69–70,"[""A04-010"",""A04-011""]",visually_confirmed,textbooks/boya-intermediate-i/source/derived/extractions/structured-lesson-04.json
S04-013,boya-intermediate-i-lesson-04,4,地球人的担忧,13,2,paragraph_comprehension,语段理解,,听说（二）,S04-009,"[58,60]",58–60,"[69,71]",69–71,"[""A04-012""]",visually_confirmed,textbooks/boya-intermediate-i/source/derived/extractions/structured-lesson-04.json
S04-014,boya-intermediate-i-lesson-04,4,地球人的担忧,14,2,speaking_patterns,口语句式,,听说（二）,S04-009,"[59,60]",59–60,"[70,71]",70–71,,visually_confirmed,textbooks/boya-intermediate-i/source/derived/extractions/structured-lesson-04.json
S04-015,boya-intermediate-i-lesson-04,4,地球人的担忧,15,2,culture,文化知识,,听说（二）,S04-009,61,,72,,,visually_confirmed,textbooks/boya-intermediate-i/source/derived/extractions/structured-lesson-04.json
S04-016,boya-intermediate-i-lesson-04,4,地球人的担忧,16,2,extension,拓展练习,,听说（二）,S04-009,62,,73,,,visually_confirmed,textbooks/boya-intermediate-i/source/derived/extractions/structured-lesson-04.json
S05-001,boya-intermediate-i-lesson-05,5,音乐的魅力,1,1,listening_part_1,听说（一）,,听说（一）,,"[63,70]",63–70,"[74,81]",74–81,"[""A05-001"",""A05-002"",""A05-003"",""A05-004"",""A05-005"",""A05-006""]",pending_review,textbooks/boya-intermediate-i/source/derived/extractions/structured-lesson-05.json
S05-001-01,boya-intermediate-i-lesson-05,5,音乐的魅力,2,2,part_topic,天籁之音,,听说（一）,S05-001,63,,74,,,visually_confirmed,textbooks/boya-intermediate-i/source/derived/extractions/structured-lesson-05.json
S05-002,boya-intermediate-i-lesson-05,5,音乐的魅力,3,2,preparation,课前准备,,听说（一）,S05-001,"[63,65]",63–65,"[74,76]",74–76,"[""A05-001""]",pending_review,textbooks/boya-intermediate-i/source/derived/extractions/structured-lesson-05.json
S05-002-01,boya-intermediate-i-lesson-05,5,音乐的魅力,4,3,vocabulary_list,词语,,听说（一）,S05-002,"[63,64]",63–64,"[74,75]",74–75,"[""A05-001""]",visually_confirmed,textbooks/boya-intermediate-i/source/derived/extractions/structured-lesson-05.json
S05-002-02,boya-intermediate-i-lesson-05,5,音乐的魅力,5,3,music_preparation,音乐欣赏,,听说（一）,S05-002,64,,75,,,visually_confirmed,textbooks/boya-intermediate-i/source/derived/extractions/structured-lesson-05.json
S05-002-03,boya-intermediate-i-lesson-05,5,音乐的魅力,6,3,field_practice,课外实践,,听说（一）,S05-002,64,,75,,,visually_confirmed,textbooks/boya-intermediate-i/source/derived/extractions/structured-lesson-05.json
S05-002-04,boya-intermediate-i-lesson-05,5,音乐的魅力,7,3,survey,小调查,,听说（一）,S05-002,65,,76,,,visually_confirmed,textbooks/boya-intermediate-i/source/derived/extractions/structured-lesson-05.json
S05-003,boya-intermediate-i-lesson-05,5,音乐的魅力,8,2,vocabulary_comprehension,词语理解,,听说（一）,S05-001,"[65,66]",65–66,"[76,77]",76–77,"[""A05-002"",""A05-003""]",pending_review,textbooks/boya-intermediate-i/source/derived/extractions/structured-lesson-05.json
S05-003-01,boya-intermediate-i-lesson-05,5,音乐的魅力,9,3,listening_questions,听对话，回答问题,,听说（一）,S05-003,65,,76,,"[""A05-002""]",visually_confirmed,textbooks/boya-intermediate-i/source/derived/extractions/structured-lesson-05.json
S05-003-02,boya-intermediate-i-lesson-05,5,音乐的魅力,10,3,listening_multiple_choice,选出与所听到的句子意思相近一项,,听说（一）,S05-003,"[65,66]",65–66,"[76,77]",76–77,"[""A05-003""]",visually_confirmed,textbooks/boya-intermediate-i/source/derived/extractions/structured-lesson-05.json
S05-003-03,boya-intermediate-i-lesson-05,5,音乐的魅力,11,3,guided_speaking,用三至五句话回答问题，并使用画线词语,,听说（一）,S05-003,66,,77,,,visually_confirmed,textbooks/boya-intermediate-i/source/derived/extractions/structured-lesson-05.json
S05-004,boya-intermediate-i-lesson-05,5,音乐的魅力,12,2,sentence_comprehension,语句理解,,听说（一）,S05-001,66,,77,,"[""A05-004"",""A05-005""]",pending_review,textbooks/boya-intermediate-i/source/derived/extractions/structured-lesson-05.json
S05-004-01,boya-intermediate-i-lesson-05,5,音乐的魅力,13,3,listen_repeat_comment,听录音，跟读句子，说说自己是否有过类似的感受,,听说（一）,S05-004,66,,77,,"[""A05-004""]",visually_confirmed,textbooks/boya-intermediate-i/source/derived/extractions/structured-lesson-05.json
S05-004-02,boya-intermediate-i-lesson-05,5,音乐的魅力,14,3,listening_repetition,听记句子，谈谈自己看法,,听说（一）,S05-004,66,,77,,"[""A05-005""]",visually_confirmed,textbooks/boya-intermediate-i/source/derived/extractions/structured-lesson-05.json
S05-005,boya-intermediate-i-lesson-05,5,音乐的魅力,15,2,paragraph_comprehension,语段理解,,听说（一）,S05-001,67,,78,,"[""A05-006""]",pending_review,textbooks/boya-intermediate-i/source/derived/extractions/structured-lesson-05.json
S05-005-01,boya-intermediate-i-lesson-05,5,音乐的魅力,16,3,content_prompt,内容提示,,听说（一）,S05-005,67,,78,,,visually_confirmed,textbooks/boya-intermediate-i/source/derived/extractions/structured-lesson-05.json
S05-005-02,boya-intermediate-i-lesson-05,5,音乐的魅力,17,3,listening_practice,听对话，做练习,,听说（一）,S05-005,67,,78,,"[""A05-006""]",visually_confirmed,textbooks/boya-intermediate-i/source/derived/extractions/structured-lesson-05.json
S05-005-02-01,boya-intermediate-i-lesson-05,5,音乐的魅力,18,4,listening_fill_blank,（一）听第一遍录音，填空,,听说（一）,S05-005-02,67,,78,,"[""A05-006""]",visually_confirmed,textbooks/boya-intermediate-i/source/derived/extractions/structured-lesson-05.json
S05-005-02-02,boya-intermediate-i-lesson-05,5,音乐的魅力,19,4,listening_true_false,（二）听第二遍录音，判断正误,,听说（一）,S05-005-02,67,,78,,"[""A05-006""]",visually_confirmed,textbooks/boya-intermediate-i/source/derived/extractions/structured-lesson-05.json
S05-005-02-03,boya-intermediate-i-lesson-05,5,音乐的魅力,20,4,listening_open_response,（三）听后回答,,听说（一）,S05-005-02,67,,78,,"[""A05-006""]",visually_confirmed,textbooks/boya-intermediate-i/source/derived/extractions/structured-lesson-05.json
S05-006,boya-intermediate-i-lesson-05,5,音乐的魅力,21,2,speaking_patterns,口语句式,,听说（一）,S05-001,"[68,69]",68–69,"[79,80]",79–80,,pending_review,textbooks/boya-intermediate-i/source/derived/extractions/structured-lesson-05.json
S05-006-01,boya-intermediate-i-lesson-05,5,音乐的魅力,22,3,common_patterns,常用句式,,听说（一）,S05-006,68,,79,,,visually_confirmed,textbooks/boya-intermediate-i/source/derived/extractions/structured-lesson-05.json
S05-006-02,boya-intermediate-i-lesson-05,5,音乐的魅力,23,3,pattern_practice,句式练习,,听说（一）,S05-006,"[68,69]",68–69,"[79,80]",79–80,,visually_confirmed,textbooks/boya-intermediate-i/source/derived/extractions/structured-lesson-05.json
S05-007,boya-intermediate-i-lesson-05,5,音乐的魅力,24,2,culture,文化知识,,听说（一）,S05-001,"[69,70]",69–70,"[80,81]",80–81,,pending_review,textbooks/boya-intermediate-i/source/derived/extractions/structured-lesson-05.json
S05-007-01,boya-intermediate-i-lesson-05,5,音乐的魅力,25,3,culture_discussion,请你说说,,听说（一）,S05-007,69,,80,,,visually_confirmed,textbooks/boya-intermediate-i/source/derived/extractions/structured-lesson-05.json
S05-007-02,boya-intermediate-i-lesson-05,5,音乐的魅力,26,3,reading,阅读短文，回答问题,,听说（一）,S05-007,"[69,70]",69–70,"[80,81]",80–81,,pending_review,textbooks/boya-intermediate-i/source/derived/extractions/structured-lesson-05.json
S05-007-03,boya-intermediate-i-lesson-05,5,音乐的魅力,27,4,reading_response,读后回答,,听说（一）,S05-007-02,70,,81,,,visually_confirmed,textbooks/boya-intermediate-i/source/derived/extractions/structured-lesson-05.json
S05-008,boya-intermediate-i-lesson-05,5,音乐的魅力,28,2,extension,拓展练习,,听说（一）,S05-001,70,,81,,,visually_confirmed,textbooks/boya-intermediate-i/source/derived/extractions/structured-lesson-05.json
S05-008-01,boya-intermediate-i-lesson-05,5,音乐的魅力,29,3,work_review,作品评比,,听说（一）,S05-008,70,,81,,,visually_confirmed,textbooks/boya-intermediate-i/source/derived/extractions/structured-lesson-05.json
S05-008-02,boya-intermediate-i-lesson-05,5,音乐的魅力,30,3,music_appreciation,音乐欣赏,,听说（一）,S05-008,70,,81,,,visually_confirmed,textbooks/boya-intermediate-i/source/derived/extractions/structured-lesson-05.json
S05-008-03,boya-intermediate-i-lesson-05,5,音乐的魅力,31,3,picture_speaking,看图说话,,听说（一）,S05-008,70,,81,,,visually_confirmed,textbooks/boya-intermediate-i/source/derived/extractions/structured-lesson-05.json
S05-008-04,boya-intermediate-i-lesson-05,5,音乐的魅力,32,3,survey_report,调查报告,,听说（一）,S05-008,70,,81,,,visually_confirmed,textbooks/boya-intermediate-i/source/derived/extractions/structured-lesson-05.json
S05-009,boya-intermediate-i-lesson-05,5,音乐的魅力,33,1,listening_part_2,听说（二）,,听说（二）,,"[71,78]",71–78,"[82,89]",82–89,"[""A05-007"",""A05-008"",""A05-009"",""A05-010"",""A05-011"",""A05-012""]",pending_review,textbooks/boya-intermediate-i/source/derived/extractions/structured-lesson-05.json
S05-009-01,boya-intermediate-i-lesson-05,5,音乐的魅力,34,2,part_topic,音乐迷,,听说（二）,S05-009,71,,82,,,visually_confirmed,textbooks/boya-intermediate-i/source/derived/extractions/structured-lesson-05.json
S05-010,boya-intermediate-i-lesson-05,5,音乐的魅力,35,2,preparation,课前准备,,听说（二）,S05-009,"[71,72]",71–72,"[82,83]",82–83,"[""A05-007""]",pending_review,textbooks/boya-intermediate-i/source/derived/extractions/structured-lesson-05.json
S05-010-01,boya-intermediate-i-lesson-05,5,音乐的魅力,36,3,vocabulary_list,词语,,听说（二）,S05-010,"[71,72]",71–72,"[82,83]",82–83,"[""A05-007""]",visually_confirmed,textbooks/boya-intermediate-i/source/derived/extractions/structured-lesson-05.json
S05-010-02,boya-intermediate-i-lesson-05,5,音乐的魅力,37,3,field_practice,课外实践,,听说（二）,S05-010,72,,83,,,visually_confirmed,textbooks/boya-intermediate-i/source/derived/extractions/structured-lesson-05.json
S05-011,boya-intermediate-i-lesson-05,5,音乐的魅力,38,2,vocabulary_comprehension,词语理解,,听说（二）,S05-009,"[72,73]",72–73,"[83,84]",83–84,"[""A05-008"",""A05-009""]",pending_review,textbooks/boya-intermediate-i/source/derived/extractions/structured-lesson-05.json
S05-011-01,boya-intermediate-i-lesson-05,5,音乐的魅力,39,3,listening_questions,听对话，回答问题,,听说（二）,S05-011,72,,83,,"[""A05-008""]",visually_confirmed,textbooks/boya-intermediate-i/source/derived/extractions/structured-lesson-05.json
S05-011-02,boya-intermediate-i-lesson-05,5,音乐的魅力,40,3,listening_multiple_choice,选出与所听到句子意思相近一项,,听说（二）,S05-011,"[72,73]",72–73,"[83,84]",83–84,"[""A05-009""]",visually_confirmed,textbooks/boya-intermediate-i/source/derived/extractions/structured-lesson-05.json
S05-011-03,boya-intermediate-i-lesson-05,5,音乐的魅力,41,3,guided_speaking,用三至五句话回答问题，并使用画线词语,,听说（二）,S05-011,73,,84,,,visually_confirmed,textbooks/boya-intermediate-i/source/derived/extractions/structured-lesson-05.json
S05-012,boya-intermediate-i-lesson-05,5,音乐的魅力,42,2,sentence_comprehension,语句理解,,听说（二）,S05-009,"[73,74]",73–74,"[84,85]",84–85,"[""A05-010"",""A05-011""]",pending_review,textbooks/boya-intermediate-i/source/derived/extractions/structured-lesson-05.json
S05-012-01,boya-intermediate-i-lesson-05,5,音乐的魅力,43,3,listen_repeat_substitute,听录音，跟读句子，并模仿画线部分的语言形式,,听说（二）,S05-012,73,,84,,"[""A05-010""]",visually_confirmed,textbooks/boya-intermediate-i/source/derived/extractions/structured-lesson-05.json
S05-012-02,boya-intermediate-i-lesson-05,5,音乐的魅力,44,3,listening_repetition,听记并复述短文,,听说（二）,S05-012,74,,85,,"[""A05-011""]",visually_confirmed,textbooks/boya-intermediate-i/source/derived/extractions/structured-lesson-05.json
S05-013,boya-intermediate-i-lesson-05,5,音乐的魅力,45,2,paragraph_comprehension,语段理解,,听说（二）,S05-009,"[74,75]",74–75,"[85,86]",85–86,"[""A05-012""]",pending_review,textbooks/boya-intermediate-i/source/derived/extractions/structured-lesson-05.json
S05-013-01,boya-intermediate-i-lesson-05,5,音乐的魅力,46,3,content_prompt,内容提示,,听说（二）,S05-013,74,,85,,,visually_confirmed,textbooks/boya-intermediate-i/source/derived/extractions/structured-lesson-05.json
S05-013-02,boya-intermediate-i-lesson-05,5,音乐的魅力,47,3,listening_practice,听对话，做练习,,听说（二）,S05-013,"[74,75]",74–75,"[85,86]",85–86,"[""A05-012""]",visually_confirmed,textbooks/boya-intermediate-i/source/derived/extractions/structured-lesson-05.json
S05-013-02-01,boya-intermediate-i-lesson-05,5,音乐的魅力,48,4,listening_fill_blank,（一）听第一遍录音，填空,,听说（二）,S05-013-02,74,,85,,"[""A05-012""]",visually_confirmed,textbooks/boya-intermediate-i/source/derived/extractions/structured-lesson-05.json
S05-013-02-02,boya-intermediate-i-lesson-05,5,音乐的魅力,49,4,listening_true_false,（二）听第二遍录音，判断正误,,听说（二）,S05-013-02,75,,86,,"[""A05-012""]",visually_confirmed,textbooks/boya-intermediate-i/source/derived/extractions/structured-lesson-05.json
S05-013-02-03,boya-intermediate-i-lesson-05,5,音乐的魅力,50,4,listening_open_response,（三）听后回答,,听说（二）,S05-013-02,75,,86,,"[""A05-012""]",visually_confirmed,textbooks/boya-intermediate-i/source/derived/extractions/structured-lesson-05.json
S05-014,boya-intermediate-i-lesson-05,5,音乐的魅力,51,2,speaking_patterns,口语句式,,听说（二）,S05-009,"[75,76]",75–76,"[86,87]",86–87,,pending_review,textbooks/boya-intermediate-i/source/derived/extractions/structured-lesson-05.json
S05-014-01,boya-intermediate-i-lesson-05,5,音乐的魅力,52,3,common_patterns,常用句式,,听说（二）,S05-014,75,,86,,,visually_confirmed,textbooks/boya-intermediate-i/source/derived/extractions/structured-lesson-05.json
S05-014-02,boya-intermediate-i-lesson-05,5,音乐的魅力,53,3,pattern_practice,句式练习,,听说（二）,S05-014,76,,87,,,visually_confirmed,textbooks/boya-intermediate-i/source/derived/extractions/structured-lesson-05.json
S05-015,boya-intermediate-i-lesson-05,5,音乐的魅力,54,2,culture,文化知识,,听说（二）,S05-009,"[76,77]",76–77,"[87,88]",87–88,,pending_review,textbooks/boya-intermediate-i/source/derived/extractions/structured-lesson-05.json
S05-015-01,boya-intermediate-i-lesson-05,5,音乐的魅力,55,3,culture_discussion,请你说说,,听说（二）,S05-015,76,,87,,,visually_confirmed,textbooks/boya-intermediate-i/source/derived/extractions/structured-lesson-05.json
S05-015-02,boya-intermediate-i-lesson-05,5,音乐的魅力,56,3,reading,阅读短文，回答问题,,听说（二）,S05-015,"[76,77]",76–77,"[87,88]",87–88,,pending_review,textbooks/boya-intermediate-i/source/derived/extractions/structured-lesson-05.json
S05-015-03,boya-intermediate-i-lesson-05,5,音乐的魅力,57,4,reading_response,读后回答,,听说（二）,S05-015-02,77,,88,,,visually_confirmed,textbooks/boya-intermediate-i/source/derived/extractions/structured-lesson-05.json
S05-016,boya-intermediate-i-lesson-05,5,音乐的魅力,58,2,extension,拓展练习,,听说（二）,S05-009,"[77,78]",77–78,"[88,89]",88–89,,visually_confirmed,textbooks/boya-intermediate-i/source/derived/extractions/structured-lesson-05.json
S05-016-01,boya-intermediate-i-lesson-05,5,音乐的魅力,59,3,music_appreciation,音乐欣赏,,听说（二）,S05-016,77,,88,,,visually_confirmed,textbooks/boya-intermediate-i/source/derived/extractions/structured-lesson-05.json
S05-016-02,boya-intermediate-i-lesson-05,5,音乐的魅力,60,3,reading_speaking,读一读，说一说,,听说（二）,S05-016,"[77,78]",77–78,"[88,89]",88–89,,visually_confirmed,textbooks/boya-intermediate-i/source/derived/extractions/structured-lesson-05.json
S05-016-03,boya-intermediate-i-lesson-05,5,音乐的魅力,61,3,research_presentation,认识音乐名人,,听说（二）,S05-016,78,,89,,,visually_confirmed,textbooks/boya-intermediate-i/source/derived/extractions/structured-lesson-05.json
S06-001,boya-intermediate-i-lesson-06,6,挑战,1,1,listening_part_1,听说（一）,,听说（一）,,"[79,87]",79–87,"[90,98]",90–98,"[""A06-001"",""A06-002"",""A06-003"",""A06-004"",""A06-005"",""A06-006""]",pending_review,textbooks/boya-intermediate-i/source/derived/extractions/structured-lesson-06.json
S06-001-01,boya-intermediate-i-lesson-06,6,挑战,2,2,part_topic,挑战,,听说（一）,S06-001,79,,90,,,visually_confirmed,textbooks/boya-intermediate-i/source/derived/extractions/structured-lesson-06.json
S06-002,boya-intermediate-i-lesson-06,6,挑战,3,2,preparation,课前准备,,听说（一）,S06-001,"[79,81]",79–81,"[90,92]",90–92,"[""A06-001""]",pending_review,textbooks/boya-intermediate-i/source/derived/extractions/structured-lesson-06.json
S06-002-01,boya-intermediate-i-lesson-06,6,挑战,4,3,vocabulary_list,词语,,听说（一）,S06-002,"[79,80]",79–80,"[90,91]",90–91,"[""A06-001""]",visually_confirmed,textbooks/boya-intermediate-i/source/derived/extractions/structured-lesson-06.json
S06-002-02,boya-intermediate-i-lesson-06,6,挑战,5,3,interview,采访,,听说（一）,S06-002,80,,91,,,visually_confirmed,textbooks/boya-intermediate-i/source/derived/extractions/structured-lesson-06.json
S06-002-03,boya-intermediate-i-lesson-06,6,挑战,6,3,speech_preparation,三分钟演讲准备,,听说（一）,S06-002,81,,92,,,visually_confirmed,textbooks/boya-intermediate-i/source/derived/extractions/structured-lesson-06.json
S06-003,boya-intermediate-i-lesson-06,6,挑战,7,2,vocabulary_comprehension,词语理解,,听说（一）,S06-001,"[81,82]",81–82,"[92,93]",92–93,"[""A06-002"",""A06-003""]",pending_review,textbooks/boya-intermediate-i/source/derived/extractions/structured-lesson-06.json
S06-003-01,boya-intermediate-i-lesson-06,6,挑战,8,3,listening_questions,听对话，回答问题,,听说（一）,S06-003,81,,92,,"[""A06-002""]",visually_confirmed,textbooks/boya-intermediate-i/source/derived/extractions/structured-lesson-06.json
S06-003-02,boya-intermediate-i-lesson-06,6,挑战,9,3,listening_multiple_choice,选出与所听到的句子意思相近的一项,,听说（一）,S06-003,"[81,82]",81–82,"[92,93]",92–93,"[""A06-003""]",visually_confirmed,textbooks/boya-intermediate-i/source/derived/extractions/structured-lesson-06.json
S06-003-03,boya-intermediate-i-lesson-06,6,挑战,10,3,guided_speaking,用三至五句话回答问题，并使用画线词语,,听说（一）,S06-003,82,,93,,,visually_confirmed,textbooks/boya-intermediate-i/source/derived/extractions/structured-lesson-06.json
S06-004,boya-intermediate-i-lesson-06,6,挑战,11,2,sentence_comprehension,语句理解,,听说（一）,S06-001,82,,93,,"[""A06-004"",""A06-005""]",pending_review,textbooks/boya-intermediate-i/source/derived/extractions/structured-lesson-06.json
S06-004-01,boya-intermediate-i-lesson-06,6,挑战,12,3,listen_repeat_substitute,听录音，跟读句子，并用画线词语各说一句话,,听说（一）,S06-004,82,,93,,"[""A06-004""]",visually_confirmed,textbooks/boya-intermediate-i/source/derived/extractions/structured-lesson-06.json
S06-004-02,boya-intermediate-i-lesson-06,6,挑战,13,3,listen_read_comment,听录音，有感情地朗读并谈谈自己感受,,听说（一）,S06-004,82,,93,,"[""A06-005""]",visually_confirmed,textbooks/boya-intermediate-i/source/derived/extractions/structured-lesson-06.json
S06-005,boya-intermediate-i-lesson-06,6,挑战,14,2,paragraph_comprehension,语段理解,,听说（一）,S06-001,83,,94,,"[""A06-006""]",pending_review,textbooks/boya-intermediate-i/source/derived/extractions/structured-lesson-06.json
S06-005-01,boya-intermediate-i-lesson-06,6,挑战,15,3,content_prompt,内容提示,,听说（一）,S06-005,83,,94,,,visually_confirmed,textbooks/boya-intermediate-i/source/derived/extractions/structured-lesson-06.json
S06-005-02,boya-intermediate-i-lesson-06,6,挑战,16,3,listening_practice,听对话，做练习,,听说（一）,S06-005,83,,94,,"[""A06-006""]",visually_confirmed,textbooks/boya-intermediate-i/source/derived/extractions/structured-lesson-06.json
S06-005-02-01,boya-intermediate-i-lesson-06,6,挑战,17,4,listening_fill_blank,（一）听第一遍录音，填空,,听说（一）,S06-005-02,83,,94,,"[""A06-006""]",visually_confirmed,textbooks/boya-intermediate-i/source/derived/extractions/structured-lesson-06.json
S06-005-02-02,boya-intermediate-i-lesson-06,6,挑战,18,4,listening_true_false,（二）听第二遍录音，判断正误,,听说（一）,S06-005-02,83,,94,,"[""A06-006""]",visually_confirmed,textbooks/boya-intermediate-i/source/derived/extractions/structured-lesson-06.json
S06-005-02-03,boya-intermediate-i-lesson-06,6,挑战,19,4,listening_open_response,（三）听后回答,,听说（一）,S06-005-02,83,,94,,"[""A06-006""]",visually_confirmed,textbooks/boya-intermediate-i/source/derived/extractions/structured-lesson-06.json
S06-006,boya-intermediate-i-lesson-06,6,挑战,20,2,speaking_patterns,口语句式,,听说（一）,S06-001,"[83,85]",83–85,"[94,96]",94–96,,pending_review,textbooks/boya-intermediate-i/source/derived/extractions/structured-lesson-06.json
S06-006-01,boya-intermediate-i-lesson-06,6,挑战,21,3,common_patterns,常用句式,,听说（一）,S06-006,"[83,84]",83–84,"[94,95]",94–95,,visually_confirmed,textbooks/boya-intermediate-i/source/derived/extractions/structured-lesson-06.json
S06-006-02,boya-intermediate-i-lesson-06,6,挑战,22,3,pattern_practice,句式练习,,听说（一）,S06-006,"[84,85]",84–85,"[95,96]",95–96,,visually_confirmed,textbooks/boya-intermediate-i/source/derived/extractions/structured-lesson-06.json
S06-007,boya-intermediate-i-lesson-06,6,挑战,23,2,culture,文化知识,,听说（一）,S06-001,86,,97,,,pending_review,textbooks/boya-intermediate-i/source/derived/extractions/structured-lesson-06.json
S06-007-01,boya-intermediate-i-lesson-06,6,挑战,24,3,culture_discussion,请你说说,,听说（一）,S06-007,86,,97,,,visually_confirmed,textbooks/boya-intermediate-i/source/derived/extractions/structured-lesson-06.json
S06-007-02,boya-intermediate-i-lesson-06,6,挑战,25,3,reading,阅读短文，回答问题,,听说（一）,S06-007,86,,97,,,pending_review,textbooks/boya-intermediate-i/source/derived/extractions/structured-lesson-06.json
S06-007-03,boya-intermediate-i-lesson-06,6,挑战,26,4,reading_response,读后回答,,听说（一）,S06-007-02,86,,97,,,visually_confirmed,textbooks/boya-intermediate-i/source/derived/extractions/structured-lesson-06.json
S06-008,boya-intermediate-i-lesson-06,6,挑战,27,2,extension,拓展练习,,听说（一）,S06-001,87,,98,,,visually_confirmed,textbooks/boya-intermediate-i/source/derived/extractions/structured-lesson-06.json
S06-008-01,boya-intermediate-i-lesson-06,6,挑战,28,3,speech,三分钟演讲,,听说（一）,S06-008,87,,98,,,visually_confirmed,textbooks/boya-intermediate-i/source/derived/extractions/structured-lesson-06.json
S06-008-02,boya-intermediate-i-lesson-06,6,挑战,29,3,classroom_practice,课堂实践,,听说（一）,S06-008,87,,98,,,visually_confirmed,textbooks/boya-intermediate-i/source/derived/extractions/structured-lesson-06.json
S06-008-03,boya-intermediate-i-lesson-06,6,挑战,30,3,group_report,小组报告,,听说（一）,S06-008,87,,98,,,visually_confirmed,textbooks/boya-intermediate-i/source/derived/extractions/structured-lesson-06.json
S06-008-04,boya-intermediate-i-lesson-06,6,挑战,31,3,interview_report,采访报告,,听说（一）,S06-008,87,,98,,,visually_confirmed,textbooks/boya-intermediate-i/source/derived/extractions/structured-lesson-06.json
S06-009,boya-intermediate-i-lesson-06,6,挑战,32,1,listening_part_2,听说（二）,,听说（二）,,"[87,95]",87–95,"[98,106]",98–106,"[""A06-007"",""A06-008"",""A06-009"",""A06-010"",""A06-011"",""A06-012""]",pending_review,textbooks/boya-intermediate-i/source/derived/extractions/structured-lesson-06.json
S06-009-01,boya-intermediate-i-lesson-06,6,挑战,33,2,part_topic,千手观音,,听说（二）,S06-009,87,,98,,,visually_confirmed,textbooks/boya-intermediate-i/source/derived/extractions/structured-lesson-06.json
S06-010,boya-intermediate-i-lesson-06,6,挑战,34,2,preparation,课前准备,,听说（二）,S06-009,"[87,89]",87–89,"[98,100]",98–100,"[""A06-007""]",pending_review,textbooks/boya-intermediate-i/source/derived/extractions/structured-lesson-06.json
S06-010-01,boya-intermediate-i-lesson-06,6,挑战,35,3,vocabulary_list,词语,,听说（二）,S06-010,"[87,89]",87–89,"[98,100]",98–100,"[""A06-007""]",visually_confirmed,textbooks/boya-intermediate-i/source/derived/extractions/structured-lesson-06.json
S06-010-02,boya-intermediate-i-lesson-06,6,挑战,36,3,speech_preparation,三分钟演讲准备,,听说（二）,S06-010,89,,100,,,visually_confirmed,textbooks/boya-intermediate-i/source/derived/extractions/structured-lesson-06.json
S06-010-03,boya-intermediate-i-lesson-06,6,挑战,37,3,person_introduction,人物介绍,,听说（二）,S06-010,89,,100,,,visually_confirmed,textbooks/boya-intermediate-i/source/derived/extractions/structured-lesson-06.json
S06-011,boya-intermediate-i-lesson-06,6,挑战,38,2,vocabulary_comprehension,词语理解,,听说（二）,S06-009,"[89,90]",89–90,"[100,101]",100–101,"[""A06-008"",""A06-009""]",pending_review,textbooks/boya-intermediate-i/source/derived/extractions/structured-lesson-06.json
S06-011-01,boya-intermediate-i-lesson-06,6,挑战,39,3,listening_questions,听对话，回答问题,,听说（二）,S06-011,89,,100,,"[""A06-008""]",visually_confirmed,textbooks/boya-intermediate-i/source/derived/extractions/structured-lesson-06.json
S06-011-02,boya-intermediate-i-lesson-06,6,挑战,40,3,listening_multiple_choice,选出与所听到的句子意思相近的一项,,听说（二）,S06-011,90,,101,,"[""A06-009""]",visually_confirmed,textbooks/boya-intermediate-i/source/derived/extractions/structured-lesson-06.json
S06-011-03,boya-intermediate-i-lesson-06,6,挑战,41,3,guided_speaking,用三至五句话回答问题，并使用画线词语,,听说（二）,S06-011,90,,101,,,visually_confirmed,textbooks/boya-intermediate-i/source/derived/extractions/structured-lesson-06.json
S06-012,boya-intermediate-i-lesson-06,6,挑战,42,2,sentence_comprehension,语句理解,,听说（二）,S06-009,91,,102,,"[""A06-010"",""A06-011""]",pending_review,textbooks/boya-intermediate-i/source/derived/extractions/structured-lesson-06.json
S06-012-01,boya-intermediate-i-lesson-06,6,挑战,43,3,listen_read_comment,听录音，有感情地朗读并谈谈自己的感受,,听说（二）,S06-012,91,,102,,"[""A06-010""]",visually_confirmed,textbooks/boya-intermediate-i/source/derived/extractions/structured-lesson-06.json
S06-012-02,boya-intermediate-i-lesson-06,6,挑战,44,3,listen_repeat_comment,听录音，跟读句子，并谈谈自己的看法,,听说（二）,S06-012,91,,102,,"[""A06-011""]",visually_confirmed,textbooks/boya-intermediate-i/source/derived/extractions/structured-lesson-06.json
S06-013,boya-intermediate-i-lesson-06,6,挑战,45,2,paragraph_comprehension,语段理解,,听说（二）,S06-009,"[91,92]",91–92,"[102,103]",102–103,"[""A06-012""]",pending_review,textbooks/boya-intermediate-i/source/derived/extractions/structured-lesson-06.json
S06-013-01,boya-intermediate-i-lesson-06,6,挑战,46,3,content_prompt,内容提示,,听说（二）,S06-013,91,,102,,,visually_confirmed,textbooks/boya-intermediate-i/source/derived/extractions/structured-lesson-06.json
S06-013-02,boya-intermediate-i-lesson-06,6,挑战,47,3,listening_practice,听短文，做练习,,听说（二）,S06-013,92,,103,,"[""A06-012""]",visually_confirmed,textbooks/boya-intermediate-i/source/derived/extractions/structured-lesson-06.json
S06-013-02-01,boya-intermediate-i-lesson-06,6,挑战,48,4,listening_fill_blank,（一）听第一遍录音，填空,,听说（二）,S06-013-02,92,,103,,"[""A06-012""]",visually_confirmed,textbooks/boya-intermediate-i/source/derived/extractions/structured-lesson-06.json
S06-013-02-02,boya-intermediate-i-lesson-06,6,挑战,49,4,listening_true_false,（二）听第二遍录音，判断正误,,听说（二）,S06-013-02,92,,103,,"[""A06-012""]",visually_confirmed,textbooks/boya-intermediate-i/source/derived/extractions/structured-lesson-06.json
S06-013-02-03,boya-intermediate-i-lesson-06,6,挑战,50,4,listening_open_response,（三）听后回答,,听说（二）,S06-013-02,92,,103,,"[""A06-012""]",visually_confirmed,textbooks/boya-intermediate-i/source/derived/extractions/structured-lesson-06.json
S06-014,boya-intermediate-i-lesson-06,6,挑战,51,2,speaking_patterns,口语句式,,听说（二）,S06-009,"[92,93]",92–93,"[103,104]",103–104,,pending_review,textbooks/boya-intermediate-i/source/derived/extractions/structured-lesson-06.json
S06-014-01,boya-intermediate-i-lesson-06,6,挑战,52,3,common_patterns,常用句式,,听说（二）,S06-014,"[92,93]",92–93,"[103,104]",103–104,,visually_confirmed,textbooks/boya-intermediate-i/source/derived/extractions/structured-lesson-06.json
S06-014-02,boya-intermediate-i-lesson-06,6,挑战,53,3,pattern_practice,句式练习,,听说（二）,S06-014,93,,104,,,visually_confirmed,textbooks/boya-intermediate-i/source/derived/extractions/structured-lesson-06.json
S06-015,boya-intermediate-i-lesson-06,6,挑战,54,2,culture,文化知识,,听说（二）,S06-009,"[93,95]",93–95,"[104,106]",104–106,,pending_review,textbooks/boya-intermediate-i/source/derived/extractions/structured-lesson-06.json
S06-015-01,boya-intermediate-i-lesson-06,6,挑战,55,3,culture_discussion,请你说说,,听说（二）,S06-015,93,,104,,,visually_confirmed,textbooks/boya-intermediate-i/source/derived/extractions/structured-lesson-06.json
S06-015-02,boya-intermediate-i-lesson-06,6,挑战,56,3,reading,阅读短文，回答问题,,听说（二）,S06-015,"[94,95]",94–95,"[105,106]",105–106,,pending_review,textbooks/boya-intermediate-i/source/derived/extractions/structured-lesson-06.json
S06-015-03,boya-intermediate-i-lesson-06,6,挑战,57,4,reading_response,读后回答,,听说（二）,S06-015-02,95,,106,,,visually_confirmed,textbooks/boya-intermediate-i/source/derived/extractions/structured-lesson-06.json
S06-015-04,boya-intermediate-i-lesson-06,6,挑战,58,3,viewing_response,观后谈,,听说（二）,S06-015,95,,106,,,visually_confirmed,textbooks/boya-intermediate-i/source/derived/extractions/structured-lesson-06.json
S06-016,boya-intermediate-i-lesson-06,6,挑战,59,2,extension,拓展练习,,听说（二）,S06-009,95,,106,,,visually_confirmed,textbooks/boya-intermediate-i/source/derived/extractions/structured-lesson-06.json
S06-016-01,boya-intermediate-i-lesson-06,6,挑战,60,3,speech,三分钟演讲,,听说（二）,S06-016,95,,106,,,visually_confirmed,textbooks/boya-intermediate-i/source/derived/extractions/structured-lesson-06.json
S06-016-02,boya-intermediate-i-lesson-06,6,挑战,61,3,classroom_practice,课堂实践,,听说（二）,S06-016,95,,106,,,visually_confirmed,textbooks/boya-intermediate-i/source/derived/extractions/structured-lesson-06.json
S06-016-03,boya-intermediate-i-lesson-06,6,挑战,62,3,paragraph_speaking,成段叙述,,听说（二）,S06-016,95,,106,,,visually_confirmed,textbooks/boya-intermediate-i/source/derived/extractions/structured-lesson-06.json
S06-016-04,boya-intermediate-i-lesson-06,6,挑战,63,3,person_introduction,人物介绍,,听说（二）,S06-016,95,,106,,,visually_confirmed,textbooks/boya-intermediate-i/source/derived/extractions/structured-lesson-06.json
S07-01,boya-intermediate-i-lesson-07,7,我的同事,1,1,vocabulary,听说（一）／课前准备／词语,,听说（一）,,"[96,97]",96–97,"[107,108]",107–108,"[""L07-A01-01""]",pending_review,textbooks/boya-intermediate-i/source/derived/extractions/structured-lesson-07.json
S07-02,boya-intermediate-i-lesson-07,7,我的同事,2,1,classroom_practice,课堂实践,,听说（一）,,"[98,98]",98–98,"[109,109]",109–109,,pending_review,textbooks/boya-intermediate-i/source/derived/extractions/structured-lesson-07.json
S07-03,boya-intermediate-i-lesson-07,7,我的同事,3,1,presentation_prep,三分钟演讲准备,,听说（一）,,"[98,98]",98–98,"[109,109]",109–109,,pending_review,textbooks/boya-intermediate-i/source/derived/extractions/structured-lesson-07.json
S07-04,boya-intermediate-i-lesson-07,7,我的同事,4,1,audio_questions,词语理解／听对话，回答问题,,听说（一）,,"[98,98]",98–98,"[109,109]",109–109,"[""L07-A01-02""]",pending_review,textbooks/boya-intermediate-i/source/derived/extractions/structured-lesson-07.json
S07-05,boya-intermediate-i-lesson-07,7,我的同事,5,1,audio_choice,词语理解／选出与所听到的句子意思相近一项,,听说（一）,,"[98,99]",98–99,"[109,110]",109–110,"[""L07-A01-03""]",pending_review,textbooks/boya-intermediate-i/source/derived/extractions/structured-lesson-07.json
S07-06,boya-intermediate-i-lesson-07,7,我的同事,6,1,speaking,词语理解／用三至五句话回答问题，并使用画线词语,,听说（一）,,"[99,99]",99–99,"[110,110]",110–110,,pending_review,textbooks/boya-intermediate-i/source/derived/extractions/structured-lesson-07.json
S07-07,boya-intermediate-i-lesson-07,7,我的同事,7,1,audio_follow_read,语句理解／听录音，跟读句子，并用画线词语各说一句话,,听说（一）,,"[99,99]",99–99,"[110,110]",110–110,"[""L07-A01-04""]",pending_review,textbooks/boya-intermediate-i/source/derived/extractions/structured-lesson-07.json
S07-08,boya-intermediate-i-lesson-07,7,我的同事,8,1,audio_discussion,语句理解／听录音，跟读句子，并讨论其意义和使用情境,,听说（一）,,"[99,99]",99–99,"[110,110]",110–110,"[""L07-A01-05""]",pending_review,textbooks/boya-intermediate-i/source/derived/extractions/structured-lesson-07.json
S07-09,boya-intermediate-i-lesson-07,7,我的同事,9,1,content_prompt,语段理解／内容提示,,听说（一）,,"[100,100]",100–100,"[111,111]",111–111,,pending_review,textbooks/boya-intermediate-i/source/derived/extractions/structured-lesson-07.json
S07-10,boya-intermediate-i-lesson-07,7,我的同事,10,1,audio_comprehension,语段理解／听对话，做练习,,听说（一）,,"[100,101]",100–101,"[111,112]",111–112,"[""L07-A01-06""]",pending_review,textbooks/boya-intermediate-i/source/derived/extractions/structured-lesson-07.json
S07-11,boya-intermediate-i-lesson-07,7,我的同事,11,1,grammar_patterns,口语句式／常用句式,,听说（一）,,"[101,102]",101–102,"[112,113]",112–113,,pending_review,textbooks/boya-intermediate-i/source/derived/extractions/structured-lesson-07.json
S07-12,boya-intermediate-i-lesson-07,7,我的同事,12,1,pattern_practice,口语句式／句式练习,,听说（一）,,"[102,102]",102–102,"[113,113]",113–113,,pending_review,textbooks/boya-intermediate-i/source/derived/extractions/structured-lesson-07.json
S07-13,boya-intermediate-i-lesson-07,7,我的同事,13,1,culture_prompt,文化知识／请你说说,,听说（一）,,"[102,102]",102–102,"[113,113]",113–113,,pending_review,textbooks/boya-intermediate-i/source/derived/extractions/structured-lesson-07.json
S07-14,boya-intermediate-i-lesson-07,7,我的同事,14,1,reading,文化知识／阅读短文,,听说（一）,,"[102,103]",102–103,"[113,114]",113–114,,pending_review,textbooks/boya-intermediate-i/source/derived/extractions/structured-lesson-07.json
S07-15,boya-intermediate-i-lesson-07,7,我的同事,15,1,reading_questions,文化知识／读后回答,,听说（一）,,"[103,103]",103–103,"[114,114]",114–114,,pending_review,textbooks/boya-intermediate-i/source/derived/extractions/structured-lesson-07.json
S07-16,boya-intermediate-i-lesson-07,7,我的同事,16,1,research,拓展练习／查资料,,听说（一）,,"[103,103]",103–103,"[114,114]",114–114,,pending_review,textbooks/boya-intermediate-i/source/derived/extractions/structured-lesson-07.json
S07-17,boya-intermediate-i-lesson-07,7,我的同事,17,1,presentation,拓展练习／三分钟演讲,,听说（一）,,"[103,103]",103–103,"[114,114]",114–114,,pending_review,textbooks/boya-intermediate-i/source/derived/extractions/structured-lesson-07.json
S07-18,boya-intermediate-i-lesson-07,7,我的同事,18,1,oral_extension,拓展练习／成段叙述,,听说（一）,,"[104,104]",104–104,"[115,115]",115–115,,pending_review,textbooks/boya-intermediate-i/source/derived/extractions/structured-lesson-07.json
S07-19,boya-intermediate-i-lesson-07,7,我的同事,19,1,vocabulary,听说（二）／课前准备／词语,,听说（二）,,"[104,105]",104–105,"[115,116]",115–116,"[""L07-A02-01""]",pending_review,textbooks/boya-intermediate-i/source/derived/extractions/structured-lesson-07.json
S07-20,boya-intermediate-i-lesson-07,7,我的同事,20,1,survey,小调查,,听说（二）,,"[105,105]",105–105,"[116,116]",116–116,,pending_review,textbooks/boya-intermediate-i/source/derived/extractions/structured-lesson-07.json
S07-21,boya-intermediate-i-lesson-07,7,我的同事,21,1,discussion,课堂讨论,,听说（二）,,"[105,105]",105–105,"[116,116]",116–116,,pending_review,textbooks/boya-intermediate-i/source/derived/extractions/structured-lesson-07.json
S07-22,boya-intermediate-i-lesson-07,7,我的同事,22,1,presentation_prep,三分钟演讲准备,,听说（二）,,"[106,106]",106–106,"[117,117]",117–117,,pending_review,textbooks/boya-intermediate-i/source/derived/extractions/structured-lesson-07.json
S07-23,boya-intermediate-i-lesson-07,7,我的同事,23,1,audio_questions,词语理解／听对话，回答问题,,听说（二）,,"[106,106]",106–106,"[117,117]",117–117,"[""L07-A02-02""]",pending_review,textbooks/boya-intermediate-i/source/derived/extractions/structured-lesson-07.json
S07-24,boya-intermediate-i-lesson-07,7,我的同事,24,1,speaking,词语理解／用三至五句话回答问题，并使用画线词语,,听说（二）,,"[106,106]",106–106,"[117,117]",117–117,,pending_review,textbooks/boya-intermediate-i/source/derived/extractions/structured-lesson-07.json
S07-25,boya-intermediate-i-lesson-07,7,我的同事,25,1,audio_fill_opinion,语句理解／听录音，填空并谈谈自己看法,,听说（二）,,"[106,107]",106–107,"[117,118]",117–118,"[""L07-A02-03""]",pending_review,textbooks/boya-intermediate-i/source/derived/extractions/structured-lesson-07.json
S07-26,boya-intermediate-i-lesson-07,7,我的同事,26,1,online_song_discussion,语句理解／在线听歌曲《中国人》，并谈谈自己的感受,,听说（二）,,"[107,107]",107–107,"[118,118]",118–118,,pending_review,textbooks/boya-intermediate-i/source/derived/extractions/structured-lesson-07.json
S07-27,boya-intermediate-i-lesson-07,7,我的同事,27,1,content_prompt,语段理解／内容提示,,听说（二）,,"[107,107]",107–107,"[118,118]",118–118,,pending_review,textbooks/boya-intermediate-i/source/derived/extractions/structured-lesson-07.json
S07-28,boya-intermediate-i-lesson-07,7,我的同事,28,1,audio_comprehension,语段理解／听短文，做练习,,听说（二）,,"[107,108]",107–108,"[118,119]",118–119,"[""L07-A02-04""]",pending_review,textbooks/boya-intermediate-i/source/derived/extractions/structured-lesson-07.json
S07-29,boya-intermediate-i-lesson-07,7,我的同事,29,1,grammar_patterns,口语句式／常用句式,,听说（二）,,"[108,109]",108–109,"[119,120]",119–120,,pending_review,textbooks/boya-intermediate-i/source/derived/extractions/structured-lesson-07.json
S07-30,boya-intermediate-i-lesson-07,7,我的同事,30,1,pattern_practice,口语句式／句式练习,,听说（二）,,"[109,109]",109–109,"[120,120]",120–120,,pending_review,textbooks/boya-intermediate-i/source/derived/extractions/structured-lesson-07.json
S07-31,boya-intermediate-i-lesson-07,7,我的同事,31,1,culture_prompt,文化知识／请你说说,,听说（二）,,"[109,109]",109–109,"[120,120]",120–120,,pending_review,textbooks/boya-intermediate-i/source/derived/extractions/structured-lesson-07.json
S07-32,boya-intermediate-i-lesson-07,7,我的同事,32,1,reading,文化知识／阅读短文,,听说（二）,,"[109,110]",109–110,"[120,121]",120–121,,pending_review,textbooks/boya-intermediate-i/source/derived/extractions/structured-lesson-07.json
S07-33,boya-intermediate-i-lesson-07,7,我的同事,33,1,reading_questions,文化知识／读后回答,,听说（二）,,"[110,110]",110–110,"[121,121]",121–121,,pending_review,textbooks/boya-intermediate-i/source/derived/extractions/structured-lesson-07.json
S07-34,boya-intermediate-i-lesson-07,7,我的同事,34,1,oral_extension,拓展练习／成段叙述,,听说（二）,,"[110,110]",110–110,"[121,121]",121–121,,pending_review,textbooks/boya-intermediate-i/source/derived/extractions/structured-lesson-07.json
S07-35,boya-intermediate-i-lesson-07,7,我的同事,35,1,discussion,拓展练习／课堂讨论,,听说（二）,,"[110,110]",110–110,"[121,121]",121–121,,pending_review,textbooks/boya-intermediate-i/source/derived/extractions/structured-lesson-07.json
S07-36,boya-intermediate-i-lesson-07,7,我的同事,36,1,survey,拓展练习／调查报告,,听说（二）,,"[110,110]",110–110,"[121,121]",121–121,,pending_review,textbooks/boya-intermediate-i/source/derived/extractions/structured-lesson-07.json
S07-37,boya-intermediate-i-lesson-07,7,我的同事,37,1,presentation,拓展练习／三分钟演讲,,听说（二）,,"[110,110]",110–110,"[121,121]",121–121,,pending_review,textbooks/boya-intermediate-i/source/derived/extractions/structured-lesson-07.json
S08-001,boya-intermediate-i-lesson-08,8,学汉语的苦恼,1,1,listening_part_1,听说（一）,,听说（一）,,"[111,118]",111–118,"[122,129]",122–129,"[""A08-001"",""A08-002"",""A08-003"",""A08-004"",""A08-005""]",visually_confirmed,textbooks/boya-intermediate-i/source/derived/extractions/structured-lesson-08.json
S08-002,boya-intermediate-i-lesson-08,8,学汉语的苦恼,2,2,preparation,课前准备,,听说（一）,S08-001,"[111,113]",111–113,"[122,124]",122–124,"[""A08-001""]",visually_confirmed,textbooks/boya-intermediate-i/source/derived/extractions/structured-lesson-08.json
S08-003,boya-intermediate-i-lesson-08,8,学汉语的苦恼,3,2,vocabulary_comprehension,词语理解,,听说（一）,S08-001,113,,124,,"[""A08-002""]",visually_confirmed,textbooks/boya-intermediate-i/source/derived/extractions/structured-lesson-08.json
S08-004,boya-intermediate-i-lesson-08,8,学汉语的苦恼,4,2,sentence_comprehension,语句理解,,听说（一）,S08-001,"[113,114]",113–114,"[124,125]",124–125,"[""A08-003"",""A08-004""]",visually_confirmed,textbooks/boya-intermediate-i/source/derived/extractions/structured-lesson-08.json
S08-005,boya-intermediate-i-lesson-08,8,学汉语的苦恼,5,2,paragraph_comprehension,语段理解,,听说（一）,S08-001,"[114,115]",114–115,"[125,126]",125–126,"[""A08-005""]",visually_confirmed,textbooks/boya-intermediate-i/source/derived/extractions/structured-lesson-08.json
S08-006,boya-intermediate-i-lesson-08,8,学汉语的苦恼,6,2,speaking_patterns,口语句式,,听说（一）,S08-001,"[115,116]",115–116,"[126,127]",126–127,,visually_confirmed,textbooks/boya-intermediate-i/source/derived/extractions/structured-lesson-08.json
S08-007,boya-intermediate-i-lesson-08,8,学汉语的苦恼,7,2,culture,文化知识,,听说（一）,S08-001,"[117,118]",117–118,"[128,129]",128–129,,visually_confirmed,textbooks/boya-intermediate-i/source/derived/extractions/structured-lesson-08.json
S08-008,boya-intermediate-i-lesson-08,8,学汉语的苦恼,8,2,extension,拓展练习,,听说（一）,S08-001,"[118,119]",118–119,"[129,130]",129–130,,visually_confirmed,textbooks/boya-intermediate-i/source/derived/extractions/structured-lesson-08.json
S08-009,boya-intermediate-i-lesson-08,8,学汉语的苦恼,9,1,listening_part_2,听说（二）,,听说（二）,,"[119,126]",119–126,"[130,137]",130–137,"[""A08-006"",""A08-007"",""A08-008"",""A08-009"",""A08-010"",""A08-011""]",visually_confirmed,textbooks/boya-intermediate-i/source/derived/extractions/structured-lesson-08.json
S08-010,boya-intermediate-i-lesson-08,8,学汉语的苦恼,10,2,preparation,课前准备,,听说（二）,S08-009,"[119,120]",119–120,"[130,131]",130–131,"[""A08-006""]",visually_confirmed,textbooks/boya-intermediate-i/source/derived/extractions/structured-lesson-08.json
S08-011,boya-intermediate-i-lesson-08,8,学汉语的苦恼,11,2,vocabulary_comprehension,词语理解,,听说（二）,S08-009,"[121,122]",121–122,"[132,133]",132–133,"[""A08-007"",""A08-008""]",visually_confirmed,textbooks/boya-intermediate-i/source/derived/extractions/structured-lesson-08.json
S08-012,boya-intermediate-i-lesson-08,8,学汉语的苦恼,12,2,sentence_comprehension,语句理解,,听说（二）,S08-009,122,,133,,"[""A08-009"",""A08-010""]",visually_confirmed,textbooks/boya-intermediate-i/source/derived/extractions/structured-lesson-08.json
S08-013,boya-intermediate-i-lesson-08,8,学汉语的苦恼,13,2,paragraph_comprehension,语段理解,,听说（二）,S08-009,123,,134,,"[""A08-011""]",visually_confirmed,textbooks/boya-intermediate-i/source/derived/extractions/structured-lesson-08.json
S08-014,boya-intermediate-i-lesson-08,8,学汉语的苦恼,14,2,speaking_patterns,口语句式,,听说（二）,S08-009,"[123,125]",123–125,"[134,136]",134–136,,visually_confirmed,textbooks/boya-intermediate-i/source/derived/extractions/structured-lesson-08.json
S08-015,boya-intermediate-i-lesson-08,8,学汉语的苦恼,15,2,culture,文化知识,,听说（二）,S08-009,"[125,126]",125–126,"[136,137]",136–137,,visually_confirmed,textbooks/boya-intermediate-i/source/derived/extractions/structured-lesson-08.json
S08-016,boya-intermediate-i-lesson-08,8,学汉语的苦恼,16,2,extension,拓展练习,,听说（二）,S08-009,126,,137,,,visually_confirmed,textbooks/boya-intermediate-i/source/derived/extractions/structured-lesson-08.json
